# Blender v2.82 (sub 7) OBJ File: 'FoodTruck.blend'
# www.blender.org
mtllib FoodTruck.mtl
o Cube.053
v -0.676699 -0.711787 1.409941
v -0.676699 -0.530426 1.409941
v -0.676699 -0.711787 -1.409941
v -0.676699 -0.530426 -1.409941
v 0.676699 -0.711787 1.409941
v 0.676699 -0.530426 1.409941
v 0.676699 -0.711787 -1.409941
v 0.676699 -0.530426 -1.409941
v 0.843784 -0.748517 0.537997
v 0.843784 -0.796643 0.547570
v 0.843784 -0.837443 0.574831
v 0.843784 -0.864704 0.615630
v 0.843784 -0.874277 0.663756
v 0.843784 -0.864704 0.711882
v 0.843784 -0.837443 0.752681
v 0.843784 -0.796643 0.779943
v 0.843784 -0.748518 0.789515
v 0.843784 -0.700392 0.779943
v 0.843784 -0.659592 0.752681
v 0.843784 -0.632331 0.711882
v 0.843784 -0.622758 0.663756
v 0.843784 -0.632331 0.615630
v 0.843784 -0.659592 0.574831
v 0.843784 -0.700392 0.547570
v 0.852271 -0.781640 0.583791
v 0.852271 -0.748517 0.577203
v 0.852271 -0.809720 0.602554
v 0.852271 -0.828483 0.630634
v 0.852271 -0.835071 0.663756
v 0.852271 -0.828483 0.696879
v 0.852271 -0.809720 0.724959
v 0.852271 -0.781640 0.743721
v 0.852271 -0.748518 0.750310
v 0.852271 -0.715395 0.743721
v 0.852271 -0.687315 0.724959
v 0.852271 -0.668552 0.696879
v 0.852271 -0.661964 0.663756
v 0.852271 -0.668552 0.630634
v 0.852271 -0.687315 0.602554
v 0.852271 -0.715395 0.583791
v 0.879418 -0.774182 0.601797
v 0.879418 -0.748517 0.596692
v 0.879418 -0.795939 0.616335
v 0.879418 -0.810477 0.638092
v 0.879418 -0.815582 0.663756
v 0.879418 -0.810477 0.689421
v 0.879418 -0.795939 0.711178
v 0.879418 -0.774182 0.725715
v 0.879418 -0.748517 0.730820
v 0.879418 -0.722853 0.725715
v 0.879418 -0.701096 0.711178
v 0.879418 -0.686558 0.689421
v 0.879418 -0.681453 0.663756
v 0.879418 -0.686558 0.638092
v 0.879418 -0.701096 0.616335
v 0.879418 -0.722853 0.601797
v 0.707432 -0.748517 0.495939
v 0.719362 -0.748517 0.483775
v 0.843400 -0.748517 0.495939
v 0.831469 -0.748517 0.483775
v 0.707432 -0.812738 0.508713
v 0.719362 -0.817393 0.497476
v 0.843400 -0.812738 0.508713
v 0.831469 -0.817393 0.497476
v 0.707432 -0.867182 0.545092
v 0.719362 -0.875783 0.536490
v 0.843400 -0.867182 0.545092
v 0.831469 -0.875783 0.536490
v 0.707432 -0.903560 0.599535
v 0.719362 -0.914798 0.594881
v 0.843400 -0.903560 0.599535
v 0.831469 -0.914798 0.594881
v 0.707432 -0.916335 0.663756
v 0.719362 -0.928499 0.663756
v 0.843400 -0.916335 0.663756
v 0.831469 -0.928499 0.663756
v 0.707432 -0.903560 0.727977
v 0.719362 -0.914798 0.732632
v 0.843400 -0.903560 0.727977
v 0.831469 -0.914798 0.732632
v 0.707432 -0.867182 0.782421
v 0.719362 -0.875783 0.791022
v 0.843400 -0.867182 0.782421
v 0.831469 -0.875783 0.791022
v 0.707432 -0.812738 0.818799
v 0.719362 -0.817393 0.830037
v 0.843400 -0.812738 0.818799
v 0.831469 -0.817393 0.830037
v 0.707432 -0.748518 0.831573
v 0.719362 -0.748518 0.843737
v 0.843400 -0.748517 0.831573
v 0.831469 -0.748518 0.843737
v 0.707432 -0.684297 0.818799
v 0.719362 -0.679642 0.830037
v 0.843400 -0.684297 0.818799
v 0.831469 -0.679642 0.830037
v 0.707432 -0.629853 0.782421
v 0.719362 -0.621252 0.791022
v 0.843400 -0.629853 0.782421
v 0.831469 -0.621252 0.791022
v 0.707432 -0.593475 0.727977
v 0.719362 -0.582237 0.732632
v 0.843400 -0.593475 0.727977
v 0.831469 -0.582237 0.732632
v 0.707432 -0.580700 0.663756
v 0.719362 -0.568536 0.663756
v 0.843400 -0.580700 0.663756
v 0.831469 -0.568536 0.663756
v 0.707432 -0.593475 0.599535
v 0.719362 -0.582237 0.594881
v 0.843400 -0.593475 0.599535
v 0.831469 -0.582237 0.594881
v 0.707432 -0.629853 0.545092
v 0.719362 -0.621252 0.536490
v 0.843400 -0.629853 0.545092
v 0.831469 -0.621252 0.536490
v 0.707432 -0.684297 0.508713
v 0.719362 -0.679642 0.497475
v 0.843400 -0.684297 0.508713
v 0.831469 -0.679642 0.497475
v 0.682080 -0.809996 0.579138
v 0.707432 -0.816936 0.569585
v 0.682080 -0.847992 0.631435
v 0.707432 -0.859222 0.627786
v 0.682080 -0.847992 0.696078
v 0.707432 -0.859222 0.699726
v 0.682080 -0.809996 0.748375
v 0.707432 -0.816936 0.757927
v 0.682080 -0.748517 0.768350
v 0.707432 -0.748517 0.780158
v 0.682080 -0.687038 0.748375
v 0.707432 -0.680098 0.757927
v 0.682080 -0.649042 0.696078
v 0.707432 -0.637813 0.699726
v 0.682080 -0.649042 0.631435
v 0.707432 -0.637813 0.627786
v 0.682080 -0.687038 0.579138
v 0.707432 -0.680098 0.569585
v 0.682080 -0.748517 0.559162
v 0.707432 -0.748517 0.547355
v 0.682080 -0.748517 0.629181
v 0.682080 -0.718575 0.646469
v 0.682080 -0.718575 0.681044
v 0.682080 -0.748517 0.698331
v 0.682080 -0.778460 0.681044
v 0.682080 -0.778460 0.646469
v 0.843784 -0.748517 -1.003003
v 0.843784 -0.796643 -0.993430
v 0.843784 -0.837443 -0.966169
v 0.843784 -0.864704 -0.925370
v 0.843784 -0.874277 -0.877244
v 0.843784 -0.864704 -0.829118
v 0.843784 -0.837443 -0.788319
v 0.843784 -0.796643 -0.761058
v 0.843784 -0.748518 -0.751485
v 0.843784 -0.700392 -0.761058
v 0.843784 -0.659592 -0.788319
v 0.843784 -0.632331 -0.829118
v 0.843784 -0.622758 -0.877244
v 0.843784 -0.632331 -0.925370
v 0.843784 -0.659592 -0.966169
v 0.843784 -0.700392 -0.993430
v 0.852271 -0.781640 -0.957209
v 0.852271 -0.748517 -0.963797
v 0.852271 -0.809720 -0.938446
v 0.852271 -0.828483 -0.910366
v 0.852271 -0.835071 -0.877244
v 0.852271 -0.828483 -0.844121
v 0.852271 -0.809720 -0.816041
v 0.852271 -0.781640 -0.797279
v 0.852271 -0.748518 -0.790690
v 0.852271 -0.715395 -0.797279
v 0.852271 -0.687315 -0.816041
v 0.852271 -0.668552 -0.844121
v 0.852271 -0.661964 -0.877244
v 0.852271 -0.668552 -0.910366
v 0.852271 -0.687315 -0.938446
v 0.852271 -0.715395 -0.957209
v 0.879418 -0.774182 -0.939203
v 0.879418 -0.748517 -0.944308
v 0.879418 -0.795939 -0.924665
v 0.879418 -0.810477 -0.902908
v 0.879418 -0.815582 -0.877244
v 0.879418 -0.810477 -0.851579
v 0.879418 -0.795939 -0.829822
v 0.879418 -0.774182 -0.815285
v 0.879418 -0.748517 -0.810180
v 0.879418 -0.722853 -0.815285
v 0.879418 -0.701096 -0.829822
v 0.879418 -0.686558 -0.851579
v 0.879418 -0.681453 -0.877244
v 0.879418 -0.686558 -0.902908
v 0.879418 -0.701096 -0.924665
v 0.879418 -0.722853 -0.939203
v 0.707432 -0.748517 -1.045061
v 0.719362 -0.748517 -1.057225
v 0.843400 -0.748517 -1.045061
v 0.831469 -0.748517 -1.057225
v 0.707432 -0.812738 -1.032287
v 0.719362 -0.817393 -1.043525
v 0.843400 -0.812738 -1.032287
v 0.831469 -0.817393 -1.043525
v 0.707432 -0.867182 -0.995908
v 0.719362 -0.875783 -1.004510
v 0.843400 -0.867182 -0.995908
v 0.831469 -0.875783 -1.004510
v 0.707432 -0.903560 -0.941465
v 0.719362 -0.914798 -0.946120
v 0.843400 -0.903560 -0.941465
v 0.831469 -0.914798 -0.946120
v 0.707432 -0.916335 -0.877244
v 0.719362 -0.928499 -0.877244
v 0.843400 -0.916335 -0.877244
v 0.831469 -0.928499 -0.877244
v 0.707432 -0.903560 -0.813023
v 0.719362 -0.914798 -0.808368
v 0.843400 -0.903560 -0.813023
v 0.831469 -0.914798 -0.808368
v 0.707432 -0.867182 -0.758579
v 0.719362 -0.875783 -0.749978
v 0.843400 -0.867182 -0.758579
v 0.831469 -0.875783 -0.749978
v 0.707432 -0.812738 -0.722201
v 0.719362 -0.817393 -0.710963
v 0.843400 -0.812738 -0.722201
v 0.831469 -0.817393 -0.710963
v 0.707432 -0.748518 -0.709427
v 0.719362 -0.748518 -0.697263
v 0.843400 -0.748517 -0.709427
v 0.831469 -0.748518 -0.697263
v 0.707432 -0.684297 -0.722201
v 0.719362 -0.679642 -0.710963
v 0.843400 -0.684297 -0.722201
v 0.831469 -0.679642 -0.710963
v 0.707432 -0.629853 -0.758579
v 0.719362 -0.621252 -0.749978
v 0.843400 -0.629853 -0.758579
v 0.831469 -0.621252 -0.749978
v 0.707432 -0.593475 -0.813023
v 0.719362 -0.582237 -0.808368
v 0.843400 -0.593475 -0.813023
v 0.831469 -0.582237 -0.808368
v 0.707432 -0.580700 -0.877244
v 0.719362 -0.568536 -0.877244
v 0.843400 -0.580700 -0.877244
v 0.831469 -0.568536 -0.877244
v 0.707432 -0.593475 -0.941465
v 0.719362 -0.582237 -0.946120
v 0.843400 -0.593475 -0.941465
v 0.831469 -0.582237 -0.946120
v 0.707432 -0.629853 -0.995909
v 0.719362 -0.621252 -1.004510
v 0.843400 -0.629853 -0.995909
v 0.831469 -0.621252 -1.004510
v 0.707432 -0.684297 -1.032287
v 0.719362 -0.679642 -1.043525
v 0.843400 -0.684297 -1.032287
v 0.831469 -0.679642 -1.043525
v 0.682080 -0.809996 -0.961862
v 0.707432 -0.816936 -0.971415
v 0.682080 -0.847992 -0.909565
v 0.707432 -0.859222 -0.913214
v 0.682080 -0.847992 -0.844922
v 0.707432 -0.859222 -0.841274
v 0.682080 -0.809996 -0.792625
v 0.707432 -0.816936 -0.783073
v 0.682080 -0.748517 -0.772650
v 0.707432 -0.748517 -0.760842
v 0.682080 -0.687038 -0.792625
v 0.707432 -0.680098 -0.783073
v 0.682080 -0.649042 -0.844922
v 0.707432 -0.637813 -0.841274
v 0.682080 -0.649042 -0.909565
v 0.707432 -0.637813 -0.913214
v 0.682080 -0.687038 -0.961862
v 0.707432 -0.680098 -0.971415
v 0.682080 -0.748517 -0.981838
v 0.707432 -0.748517 -0.993646
v 0.682080 -0.748517 -0.911819
v 0.682080 -0.718575 -0.894531
v 0.682080 -0.718575 -0.859956
v 0.682080 -0.748517 -0.842669
v 0.682080 -0.778460 -0.859956
v 0.682080 -0.778460 -0.894531
v -0.843784 -0.748517 0.537997
v -0.843784 -0.796643 0.547570
v -0.843784 -0.837443 0.574831
v -0.843784 -0.864704 0.615630
v -0.843784 -0.874277 0.663756
v -0.843784 -0.864704 0.711882
v -0.843784 -0.837443 0.752681
v -0.843784 -0.796643 0.779943
v -0.843784 -0.748518 0.789515
v -0.843783 -0.700392 0.779943
v -0.843783 -0.659592 0.752681
v -0.843783 -0.632331 0.711882
v -0.843783 -0.622758 0.663756
v -0.843783 -0.632331 0.615630
v -0.843783 -0.659592 0.574831
v -0.843783 -0.700392 0.547570
v -0.852272 -0.781640 0.583791
v -0.852272 -0.748517 0.577203
v -0.852272 -0.809720 0.602554
v -0.852272 -0.828483 0.630634
v -0.852272 -0.835071 0.663756
v -0.852272 -0.828483 0.696879
v -0.852272 -0.809720 0.724959
v -0.852272 -0.781640 0.743721
v -0.852272 -0.748518 0.750310
v -0.852272 -0.715395 0.743721
v -0.852271 -0.687315 0.724959
v -0.852271 -0.668552 0.696879
v -0.852271 -0.661964 0.663756
v -0.852271 -0.668552 0.630634
v -0.852271 -0.687315 0.602554
v -0.852272 -0.715395 0.583791
v -0.879418 -0.774182 0.601797
v -0.879418 -0.748517 0.596692
v -0.879418 -0.795939 0.616335
v -0.879418 -0.810477 0.638092
v -0.879418 -0.815582 0.663756
v -0.879418 -0.810477 0.689421
v -0.879418 -0.795939 0.711178
v -0.879418 -0.774182 0.725715
v -0.879418 -0.748517 0.730820
v -0.879418 -0.722853 0.725715
v -0.879418 -0.701096 0.711178
v -0.879418 -0.686558 0.689421
v -0.879418 -0.681453 0.663756
v -0.879418 -0.686558 0.638092
v -0.879418 -0.701096 0.616335
v -0.879418 -0.722853 0.601797
v -0.707432 -0.748517 0.495939
v -0.719362 -0.748517 0.483775
v -0.843400 -0.748517 0.495939
v -0.831469 -0.748517 0.483775
v -0.707432 -0.812738 0.508713
v -0.719362 -0.817393 0.497476
v -0.843400 -0.812738 0.508713
v -0.831469 -0.817393 0.497476
v -0.707432 -0.867182 0.545092
v -0.719362 -0.875783 0.536490
v -0.843400 -0.867182 0.545092
v -0.831469 -0.875783 0.536490
v -0.707432 -0.903560 0.599535
v -0.719362 -0.914798 0.594881
v -0.843400 -0.903560 0.599535
v -0.831469 -0.914798 0.594881
v -0.707432 -0.916335 0.663756
v -0.719362 -0.928499 0.663756
v -0.843400 -0.916335 0.663756
v -0.831469 -0.928499 0.663756
v -0.707432 -0.903560 0.727977
v -0.719362 -0.914798 0.732632
v -0.843400 -0.903560 0.727977
v -0.831469 -0.914798 0.732632
v -0.707432 -0.867182 0.782421
v -0.719362 -0.875783 0.791022
v -0.843400 -0.867182 0.782421
v -0.831469 -0.875783 0.791022
v -0.707432 -0.812738 0.818799
v -0.719362 -0.817393 0.830037
v -0.843400 -0.812738 0.818799
v -0.831469 -0.817393 0.830037
v -0.707432 -0.748518 0.831573
v -0.719362 -0.748518 0.843737
v -0.843400 -0.748517 0.831573
v -0.831469 -0.748518 0.843737
v -0.707432 -0.684297 0.818799
v -0.719362 -0.679642 0.830037
v -0.843400 -0.684297 0.818799
v -0.831469 -0.679642 0.830037
v -0.707432 -0.629853 0.782421
v -0.719362 -0.621252 0.791022
v -0.843400 -0.629853 0.782421
v -0.831469 -0.621252 0.791022
v -0.707432 -0.593475 0.727977
v -0.719362 -0.582237 0.732632
v -0.843400 -0.593475 0.727977
v -0.831469 -0.582237 0.732632
v -0.707432 -0.580700 0.663756
v -0.719362 -0.568536 0.663756
v -0.843400 -0.580700 0.663756
v -0.831469 -0.568536 0.663756
v -0.707432 -0.593475 0.599535
v -0.719362 -0.582237 0.594881
v -0.843400 -0.593475 0.599535
v -0.831469 -0.582237 0.594881
v -0.707432 -0.629853 0.545092
v -0.719362 -0.621252 0.536490
v -0.843400 -0.629853 0.545092
v -0.831469 -0.621252 0.536490
v -0.707432 -0.684297 0.508713
v -0.719362 -0.679642 0.497475
v -0.843400 -0.684297 0.508713
v -0.831469 -0.679642 0.497475
v -0.682080 -0.809996 0.579138
v -0.707432 -0.816936 0.569585
v -0.682080 -0.847992 0.631435
v -0.707432 -0.859222 0.627786
v -0.682080 -0.847992 0.696078
v -0.707432 -0.859222 0.699726
v -0.682080 -0.809996 0.748375
v -0.707432 -0.816936 0.757927
v -0.682080 -0.748517 0.768350
v -0.707432 -0.748517 0.780158
v -0.682080 -0.687038 0.748375
v -0.707432 -0.680098 0.757927
v -0.682080 -0.649042 0.696078
v -0.707432 -0.637813 0.699726
v -0.682080 -0.649042 0.631435
v -0.707432 -0.637813 0.627786
v -0.682080 -0.687038 0.579138
v -0.707432 -0.680098 0.569585
v -0.682080 -0.748517 0.559162
v -0.707432 -0.748517 0.547355
v -0.682080 -0.748517 0.629181
v 0.000000 -0.748517 0.629181
v -0.682080 -0.718575 0.646469
v 0.000000 -0.718574 0.646469
v -0.682080 -0.718575 0.681044
v 0.000000 -0.718574 0.681044
v -0.682080 -0.748517 0.698331
v 0.000000 -0.748517 0.698331
v -0.682080 -0.778460 0.681044
v 0.000000 -0.778460 0.681044
v -0.682080 -0.778460 0.646469
v 0.000000 -0.778460 0.646469
v -0.843784 -0.748517 -1.003003
v -0.843784 -0.796643 -0.993430
v -0.843784 -0.837443 -0.966169
v -0.843784 -0.864704 -0.925370
v -0.843784 -0.874277 -0.877244
v -0.843784 -0.864704 -0.829118
v -0.843784 -0.837443 -0.788319
v -0.843784 -0.796643 -0.761058
v -0.843784 -0.748518 -0.751485
v -0.843783 -0.700392 -0.761058
v -0.843783 -0.659592 -0.788319
v -0.843783 -0.632331 -0.829118
v -0.843783 -0.622758 -0.877244
v -0.843783 -0.632331 -0.925370
v -0.843783 -0.659592 -0.966169
v -0.843783 -0.700392 -0.993430
v -0.852272 -0.781640 -0.957209
v -0.852272 -0.748517 -0.963797
v -0.852272 -0.809720 -0.938446
v -0.852272 -0.828483 -0.910366
v -0.852272 -0.835071 -0.877244
v -0.852272 -0.828483 -0.844121
v -0.852272 -0.809720 -0.816041
v -0.852272 -0.781640 -0.797279
v -0.852272 -0.748518 -0.790690
v -0.852272 -0.715395 -0.797279
v -0.852271 -0.687315 -0.816041
v -0.852271 -0.668552 -0.844121
v -0.852271 -0.661964 -0.877244
v -0.852271 -0.668552 -0.910366
v -0.852271 -0.687315 -0.938446
v -0.852272 -0.715395 -0.957209
v -0.879418 -0.774182 -0.939203
v -0.879418 -0.748517 -0.944308
v -0.879418 -0.795939 -0.924665
v -0.879418 -0.810477 -0.902908
v -0.879418 -0.815582 -0.877244
v -0.879418 -0.810477 -0.851579
v -0.879418 -0.795939 -0.829822
v -0.879418 -0.774182 -0.815285
v -0.879418 -0.748517 -0.810180
v -0.879418 -0.722853 -0.815285
v -0.879418 -0.701096 -0.829822
v -0.879418 -0.686558 -0.851579
v -0.879418 -0.681453 -0.877244
v -0.879418 -0.686558 -0.902908
v -0.879418 -0.701096 -0.924665
v -0.879418 -0.722853 -0.939203
v -0.707432 -0.748517 -1.045061
v -0.719362 -0.748517 -1.057225
v -0.843400 -0.748517 -1.045061
v -0.831469 -0.748517 -1.057225
v -0.707432 -0.812738 -1.032287
v -0.719362 -0.817393 -1.043525
v -0.843400 -0.812738 -1.032287
v -0.831469 -0.817393 -1.043525
v -0.707432 -0.867182 -0.995908
v -0.719362 -0.875783 -1.004510
v -0.843400 -0.867182 -0.995908
v -0.831469 -0.875783 -1.004510
v -0.707432 -0.903560 -0.941465
v -0.719362 -0.914798 -0.946120
v -0.843400 -0.903560 -0.941465
v -0.831469 -0.914798 -0.946120
v -0.707432 -0.916335 -0.877244
v -0.719362 -0.928499 -0.877244
v -0.843400 -0.916335 -0.877244
v -0.831469 -0.928499 -0.877244
v -0.707432 -0.903560 -0.813023
v -0.719362 -0.914798 -0.808368
v -0.843400 -0.903560 -0.813023
v -0.831469 -0.914798 -0.808368
v -0.707432 -0.867182 -0.758579
v -0.719362 -0.875783 -0.749978
v -0.843400 -0.867182 -0.758579
v -0.831469 -0.875783 -0.749978
v -0.707432 -0.812738 -0.722201
v -0.719362 -0.817393 -0.710963
v -0.843400 -0.812738 -0.722201
v -0.831469 -0.817393 -0.710963
v -0.707432 -0.748518 -0.709427
v -0.719362 -0.748518 -0.697263
v -0.843400 -0.748517 -0.709427
v -0.831469 -0.748518 -0.697263
v -0.707432 -0.684297 -0.722201
v -0.719362 -0.679642 -0.710963
v -0.843400 -0.684297 -0.722201
v -0.831469 -0.679642 -0.710963
v -0.707432 -0.629853 -0.758579
v -0.719362 -0.621252 -0.749978
v -0.843400 -0.629853 -0.758579
v -0.831469 -0.621252 -0.749978
v -0.707432 -0.593475 -0.813023
v -0.719362 -0.582237 -0.808368
v -0.843400 -0.593475 -0.813023
v -0.831469 -0.582237 -0.808368
v -0.707432 -0.580700 -0.877244
v -0.719362 -0.568536 -0.877244
v -0.843400 -0.580700 -0.877244
v -0.831469 -0.568536 -0.877244
v -0.707432 -0.593475 -0.941465
v -0.719362 -0.582237 -0.946120
v -0.843400 -0.593475 -0.941465
v -0.831469 -0.582237 -0.946120
v -0.707432 -0.629853 -0.995909
v -0.719362 -0.621252 -1.004510
v -0.843400 -0.629853 -0.995909
v -0.831469 -0.621252 -1.004510
v -0.707432 -0.684297 -1.032287
v -0.719362 -0.679642 -1.043525
v -0.843400 -0.684297 -1.032287
v -0.831469 -0.679642 -1.043525
v -0.682080 -0.809996 -0.961862
v -0.707432 -0.816936 -0.971415
v -0.682080 -0.847992 -0.909565
v -0.707432 -0.859222 -0.913214
v -0.682080 -0.847992 -0.844922
v -0.707432 -0.859222 -0.841274
v -0.682080 -0.809996 -0.792625
v -0.707432 -0.816936 -0.783073
v -0.682080 -0.748517 -0.772650
v -0.707432 -0.748517 -0.760842
v -0.682080 -0.687038 -0.792625
v -0.707432 -0.680098 -0.783073
v -0.682080 -0.649042 -0.844922
v -0.707432 -0.637813 -0.841274
v -0.682080 -0.649042 -0.909565
v -0.707432 -0.637813 -0.913214
v -0.682080 -0.687038 -0.961862
v -0.707432 -0.680098 -0.971415
v -0.682080 -0.748517 -0.981838
v -0.707432 -0.748517 -0.993646
v -0.682080 -0.748517 -0.911819
v 0.000000 -0.748517 -0.911819
v -0.682080 -0.718575 -0.894531
v 0.000000 -0.718574 -0.894531
v -0.682080 -0.718575 -0.859956
v 0.000000 -0.718574 -0.859956
v -0.682080 -0.748517 -0.842669
v 0.000000 -0.748517 -0.842669
v -0.682080 -0.778460 -0.859956
v 0.000000 -0.778460 -0.859956
v -0.682080 -0.778460 -0.894531
v 0.000000 -0.778460 -0.894531
v 0.527896 -0.353375 1.501207
v 0.536216 -0.360611 1.552669
v 0.576253 -0.363119 1.493389
v 0.581840 -0.369804 1.545292
v 0.617248 -0.390867 1.486761
v 0.620517 -0.395983 1.539039
v 0.644640 -0.432394 1.482332
v 0.646361 -0.435163 1.534860
v 0.654259 -0.481379 1.480777
v 0.655436 -0.481379 1.533393
v 0.644640 -0.530364 1.482332
v 0.646361 -0.527595 1.534860
v 0.617248 -0.571891 1.486761
v 0.620517 -0.566775 1.539039
v 0.576253 -0.599639 1.493389
v 0.581840 -0.592954 1.545292
v 0.527896 -0.609383 1.501207
v 0.536216 -0.602147 1.552669
v 0.479539 -0.599639 1.509026
v 0.490593 -0.592954 1.560045
v 0.438544 -0.571891 1.515654
v 0.451915 -0.566775 1.566298
v 0.411152 -0.530364 1.520083
v 0.426071 -0.527595 1.570477
v 0.401533 -0.481379 1.521638
v 0.416996 -0.481379 1.571944
v 0.411152 -0.432394 1.520083
v 0.426071 -0.435163 1.570477
v 0.438544 -0.390867 1.515654
v 0.451915 -0.395983 1.566298
v 0.479539 -0.363119 1.509026
v 0.490593 -0.369804 1.560045
v 0.536216 -0.380904 1.552668
v 0.574173 -0.388552 1.546532
v 0.606352 -0.410333 1.541329
v 0.627853 -0.442929 1.537853
v 0.635403 -0.481379 1.536632
v 0.627853 -0.519829 1.537853
v 0.606352 -0.552425 1.541329
v 0.574173 -0.574206 1.546532
v 0.536216 -0.581854 1.552668
v 0.498259 -0.574206 1.558805
v 0.466080 -0.552425 1.564008
v 0.444579 -0.519829 1.567484
v 0.437029 -0.481379 1.568705
v 0.444579 -0.442929 1.567484
v 0.466080 -0.410333 1.564008
v 0.498259 -0.388552 1.558805
v 0.566068 -0.431652 1.608253
v 0.545735 -0.427554 1.611540
v 0.583306 -0.443319 1.605466
v 0.594824 -0.460781 1.603604
v 0.598869 -0.481379 1.602950
v 0.594824 -0.501977 1.603604
v 0.583306 -0.519439 1.605466
v 0.566068 -0.531106 1.608253
v 0.545735 -0.535203 1.611540
v 0.525401 -0.531106 1.614828
v 0.508163 -0.519439 1.617615
v 0.496645 -0.501977 1.619477
v 0.492600 -0.481379 1.620131
v 0.496645 -0.460781 1.619477
v 0.508163 -0.443319 1.617615
v 0.525401 -0.431652 1.614828
v 0.477796 -0.546182 1.597349
v 0.458184 -0.516450 1.600520
v 0.625351 -0.446308 1.573492
v 0.632238 -0.481379 1.572379
v 0.451298 -0.481379 1.601634
v 0.625351 -0.516450 1.573492
v 0.458184 -0.446308 1.600520
v 0.605740 -0.546182 1.576663
v 0.477796 -0.416576 1.597349
v 0.576389 -0.566048 1.581409
v 0.507146 -0.396710 1.592604
v 0.541768 -0.573024 1.587006
v 0.541768 -0.389734 1.587006
v 0.576389 -0.396710 1.581409
v 0.507146 -0.566048 1.592604
v 0.605740 -0.416576 1.576663
v 0.634769 -0.180797 1.483928
v 0.640262 -0.184361 1.517903
v 0.683126 -0.185833 1.476110
v 0.686014 -0.189125 1.510506
v 0.724121 -0.200172 1.469481
v 0.724801 -0.202692 1.504235
v 0.751513 -0.221633 1.465053
v 0.750717 -0.222997 1.500045
v 0.761132 -0.246948 1.463497
v 0.759818 -0.246948 1.498573
v 0.751513 -0.272262 1.465053
v 0.750717 -0.270899 1.500045
v 0.724121 -0.293723 1.469481
v 0.724801 -0.291203 1.504235
v 0.683126 -0.308063 1.476110
v 0.686014 -0.304771 1.510506
v 0.634769 -0.313098 1.483928
v 0.640262 -0.309535 1.517903
v 0.586412 -0.308063 1.491746
v 0.594510 -0.304771 1.525301
v 0.545417 -0.293723 1.498374
v 0.555723 -0.291203 1.531572
v 0.518025 -0.272262 1.502803
v 0.529807 -0.270899 1.535762
v 0.508406 -0.246948 1.504358
v 0.520706 -0.246948 1.537233
v 0.518025 -0.221633 1.502803
v 0.529807 -0.222997 1.535762
v 0.545417 -0.200172 1.498374
v 0.555723 -0.202692 1.531572
v 0.586412 -0.185833 1.491746
v 0.594510 -0.189125 1.525301
v 0.640262 -0.195024 1.517903
v 0.678219 -0.198976 1.511766
v 0.710397 -0.210232 1.506564
v 0.731898 -0.227077 1.503087
v 0.739449 -0.246948 1.501867
v 0.731898 -0.266818 1.503087
v 0.710397 -0.283663 1.506564
v 0.678219 -0.294919 1.511766
v 0.640262 -0.298872 1.517903
v 0.602305 -0.294919 1.524040
v 0.570126 -0.283663 1.529243
v 0.548625 -0.266818 1.532719
v 0.541075 -0.246948 1.533940
v 0.548625 -0.227077 1.532719
v 0.570126 -0.210232 1.529243
v 0.602305 -0.198976 1.524040
v 0.666880 -0.221249 1.553484
v 0.646546 -0.219132 1.556771
v 0.684118 -0.227279 1.550696
v 0.695636 -0.236303 1.548834
v 0.699681 -0.246948 1.548180
v 0.695636 -0.257592 1.548834
v 0.684118 -0.266616 1.550696
v 0.666880 -0.272646 1.553484
v 0.646546 -0.274763 1.556771
v 0.626212 -0.272646 1.560059
v 0.608974 -0.266616 1.562846
v 0.597456 -0.257592 1.564708
v 0.593412 -0.246948 1.565362
v 0.597456 -0.236303 1.564708
v 0.608974 -0.227279 1.562846
v 0.626212 -0.221249 1.560059
v 0.579955 -0.280437 1.550917
v 0.560344 -0.265072 1.554087
v 0.727511 -0.228823 1.527060
v 0.734397 -0.246948 1.525946
v 0.553457 -0.246948 1.555201
v 0.727511 -0.265072 1.527060
v 0.560344 -0.228823 1.554087
v 0.707899 -0.280437 1.530230
v 0.579955 -0.213458 1.550917
v 0.678549 -0.290703 1.534976
v 0.609306 -0.203192 1.546171
v 0.643927 -0.294309 1.540573
v 0.643927 -0.199587 1.540573
v 0.678549 -0.203192 1.534976
v 0.609306 -0.290703 1.546171
v 0.707899 -0.213458 1.530230
v 0.343407 0.288720 1.435947
v 0.343407 0.295663 1.476866
v 0.376653 0.269796 1.439158
v 0.376653 0.276739 1.480077
v 0.376653 0.231947 1.445580
v 0.376653 0.238890 1.486499
v 0.343407 0.213023 1.448791
v 0.343407 0.219966 1.489710
v 0.310161 0.231947 1.445580
v 0.310161 0.238890 1.486499
v 0.310161 0.269796 1.439158
v 0.310161 0.276739 1.480077
v 0.820864 0.096500 1.382340
v 0.818111 0.225042 1.368804
v 0.852449 0.090228 1.316344
v 0.849723 0.219389 1.302768
v 0.869365 0.118029 1.377017
v 0.874405 0.222573 1.369494
v 0.880471 0.115824 1.353811
v 0.885521 0.220585 1.346274
v 0.837774 -0.437004 1.373791
v 0.846289 -0.313284 1.379275
v 0.853185 -0.438495 1.383498
v 0.861700 -0.314775 1.388982
v 0.857195 -0.439560 1.401296
v 0.865710 -0.315840 1.406780
v 0.847454 -0.439575 1.416758
v 0.855970 -0.315855 1.422242
v 0.829669 -0.438531 1.420828
v 0.838184 -0.314812 1.426312
v 0.814258 -0.437040 1.411121
v 0.822773 -0.313321 1.416605
v 0.810248 -0.435975 1.393323
v 0.818763 -0.312256 1.398808
v 0.819988 -0.435960 1.377861
v 0.828503 -0.312241 1.383345
v 0.843759 -0.418565 1.367120
v 0.859171 -0.420056 1.376827
v 0.865149 -0.333200 1.380677
v 0.849737 -0.331709 1.370970
v 0.832198 -0.333251 1.432983
v 0.826221 -0.420106 1.429133
v 0.810809 -0.418615 1.419426
v 0.816787 -0.331760 1.423276
v 0.840860 0.067833 1.339750
v 0.830331 0.069923 1.361748
v 0.848832 0.224403 1.380211
v 0.876538 0.219408 1.321694
v -0.527896 -0.353375 1.501207
v -0.536216 -0.360611 1.552669
v -0.576253 -0.363119 1.493389
v -0.581840 -0.369804 1.545292
v -0.617248 -0.390867 1.486761
v -0.620517 -0.395983 1.539039
v -0.644640 -0.432394 1.482332
v -0.646361 -0.435163 1.534860
v -0.654259 -0.481379 1.480777
v -0.655436 -0.481379 1.533393
v -0.644640 -0.530364 1.482332
v -0.646361 -0.527595 1.534860
v -0.617248 -0.571891 1.486761
v -0.620517 -0.566775 1.539039
v -0.576253 -0.599639 1.493389
v -0.581840 -0.592954 1.545292
v -0.527896 -0.609383 1.501207
v -0.536216 -0.602147 1.552669
v -0.479539 -0.599639 1.509026
v -0.490593 -0.592954 1.560045
v -0.438544 -0.571891 1.515654
v -0.451915 -0.566775 1.566298
v -0.411152 -0.530364 1.520083
v -0.426071 -0.527595 1.570477
v -0.401533 -0.481379 1.521638
v -0.416996 -0.481379 1.571944
v -0.411152 -0.432394 1.520083
v -0.426071 -0.435163 1.570477
v -0.438544 -0.390867 1.515654
v -0.451915 -0.395983 1.566298
v -0.479539 -0.363119 1.509026
v -0.490593 -0.369804 1.560045
v -0.536216 -0.380904 1.552669
v -0.574173 -0.388552 1.546532
v -0.606352 -0.410333 1.541329
v -0.627853 -0.442929 1.537853
v -0.635403 -0.481379 1.536632
v -0.627853 -0.519829 1.537853
v -0.606352 -0.552425 1.541329
v -0.574173 -0.574206 1.546532
v -0.536216 -0.581854 1.552669
v -0.498259 -0.574206 1.558805
v -0.466081 -0.552425 1.564008
v -0.444579 -0.519829 1.567484
v -0.437029 -0.481379 1.568705
v -0.444579 -0.442929 1.567484
v -0.466081 -0.410333 1.564008
v -0.498259 -0.388552 1.558805
v -0.566068 -0.431652 1.608253
v -0.545735 -0.427555 1.611541
v -0.583306 -0.443319 1.605466
v -0.594824 -0.460781 1.603604
v -0.598869 -0.481379 1.602950
v -0.594824 -0.501977 1.603604
v -0.583306 -0.519439 1.605466
v -0.566068 -0.531106 1.608253
v -0.545735 -0.535203 1.611541
v -0.525401 -0.531106 1.614828
v -0.508163 -0.519439 1.617615
v -0.496645 -0.501977 1.619477
v -0.492600 -0.481379 1.620131
v -0.496645 -0.460781 1.619477
v -0.508163 -0.443319 1.617615
v -0.525401 -0.431652 1.614828
v -0.477796 -0.546182 1.597349
v -0.458184 -0.516450 1.600520
v -0.625351 -0.446308 1.573492
v -0.632238 -0.481379 1.572379
v -0.451298 -0.481379 1.601634
v -0.625351 -0.516450 1.573492
v -0.458184 -0.446308 1.600520
v -0.605740 -0.546182 1.576663
v -0.477796 -0.416576 1.597349
v -0.576389 -0.566048 1.581409
v -0.507146 -0.396710 1.592604
v -0.541768 -0.573024 1.587006
v -0.541768 -0.389734 1.587006
v -0.576389 -0.396710 1.581409
v -0.507146 -0.566048 1.592604
v -0.605740 -0.416576 1.576663
v -0.634769 -0.180797 1.483928
v -0.640262 -0.184361 1.517903
v -0.683126 -0.185833 1.476110
v -0.686014 -0.189125 1.510506
v -0.724121 -0.200172 1.469481
v -0.724801 -0.202692 1.504235
v -0.751513 -0.221633 1.465053
v -0.750717 -0.222997 1.500045
v -0.761132 -0.246948 1.463498
v -0.759818 -0.246948 1.498573
v -0.751513 -0.272262 1.465053
v -0.750717 -0.270899 1.500045
v -0.724121 -0.293723 1.469481
v -0.724801 -0.291203 1.504235
v -0.683126 -0.308063 1.476110
v -0.686014 -0.304771 1.510506
v -0.634769 -0.313098 1.483928
v -0.640262 -0.309535 1.517903
v -0.586412 -0.308063 1.491746
v -0.594510 -0.304771 1.525301
v -0.545417 -0.293723 1.498374
v -0.555723 -0.291204 1.531572
v -0.518025 -0.272262 1.502803
v -0.529807 -0.270899 1.535762
v -0.508406 -0.246948 1.504359
v -0.520706 -0.246948 1.537233
v -0.518025 -0.221633 1.502803
v -0.529807 -0.222997 1.535762
v -0.545417 -0.200172 1.498374
v -0.555723 -0.202692 1.531572
v -0.586412 -0.185833 1.491746
v -0.594510 -0.189125 1.525301
v -0.640262 -0.195024 1.517903
v -0.678219 -0.198976 1.511766
v -0.710398 -0.210232 1.506564
v -0.731899 -0.227077 1.503087
v -0.739449 -0.246948 1.501867
v -0.731899 -0.266818 1.503087
v -0.710398 -0.283663 1.506564
v -0.678219 -0.294919 1.511766
v -0.640262 -0.298872 1.517903
v -0.602305 -0.294919 1.524040
v -0.570126 -0.283664 1.529243
v -0.548625 -0.266818 1.532719
v -0.541075 -0.246948 1.533940
v -0.548625 -0.227077 1.532719
v -0.570126 -0.210232 1.529243
v -0.602305 -0.198976 1.524040
v -0.666880 -0.221249 1.553484
v -0.646546 -0.219132 1.556771
v -0.684118 -0.227279 1.550697
v -0.695636 -0.236303 1.548834
v -0.699681 -0.246948 1.548180
v -0.695636 -0.257592 1.548834
v -0.684118 -0.266616 1.550697
v -0.666880 -0.272646 1.553484
v -0.646546 -0.274763 1.556771
v -0.626213 -0.272646 1.560059
v -0.608974 -0.266616 1.562846
v -0.597456 -0.257592 1.564708
v -0.593412 -0.246948 1.565362
v -0.597456 -0.236303 1.564708
v -0.608974 -0.227279 1.562846
v -0.626213 -0.221249 1.560059
v -0.579955 -0.280437 1.550917
v -0.560344 -0.265072 1.554087
v -0.727511 -0.228823 1.527060
v -0.734397 -0.246948 1.525946
v -0.553457 -0.246948 1.555201
v -0.727511 -0.265072 1.527060
v -0.560344 -0.228823 1.554087
v -0.707899 -0.280437 1.530230
v -0.579955 -0.213458 1.550917
v -0.678549 -0.290703 1.534976
v -0.609306 -0.203192 1.546171
v -0.643927 -0.294309 1.540573
v -0.643927 -0.199587 1.540573
v -0.678549 -0.203192 1.534976
v -0.609306 -0.290703 1.546171
v -0.707899 -0.213458 1.530230
v -0.343407 0.288720 1.435947
v -0.343407 0.295663 1.476866
v -0.376653 0.269796 1.439158
v -0.376653 0.276739 1.480077
v -0.376653 0.231947 1.445580
v -0.376653 0.238890 1.486499
v -0.343407 0.213023 1.448791
v -0.343407 0.219966 1.489710
v -0.310161 0.231947 1.445580
v -0.310161 0.238890 1.486499
v -0.310161 0.269796 1.439158
v -0.310161 0.276739 1.480077
v -0.820864 0.096500 1.382340
v -0.818111 0.225042 1.368804
v -0.852449 0.090228 1.316344
v -0.849723 0.219389 1.302768
v -0.869365 0.118029 1.377017
v -0.874405 0.222573 1.369494
v -0.880471 0.115824 1.353811
v -0.885521 0.220585 1.346274
v -0.837774 -0.437004 1.373791
v -0.846289 -0.313284 1.379275
v -0.853185 -0.438495 1.383498
v -0.861700 -0.314775 1.388983
v -0.857195 -0.439560 1.401296
v -0.865710 -0.315840 1.406780
v -0.847454 -0.439575 1.416758
v -0.855970 -0.315855 1.422242
v -0.829669 -0.438531 1.420828
v -0.838184 -0.314812 1.426312
v -0.814258 -0.437040 1.411121
v -0.822773 -0.313321 1.416605
v -0.810248 -0.435975 1.393323
v -0.818763 -0.312256 1.398808
v -0.819988 -0.435960 1.377861
v -0.828503 -0.312241 1.383345
v -0.843759 -0.418565 1.367120
v -0.859171 -0.420056 1.376827
v -0.865149 -0.333200 1.380677
v -0.849737 -0.331709 1.370970
v -0.832198 -0.333251 1.432983
v -0.826220 -0.420106 1.429133
v -0.810809 -0.418615 1.419426
v -0.816787 -0.331760 1.423276
v -0.840860 0.067833 1.339750
v -0.830332 0.069923 1.361748
v -0.848832 0.224403 1.380211
v -0.876538 0.219408 1.321694
v 0.868611 -0.258369 0.411189
v 0.868611 -0.182487 0.411189
v 0.868611 -0.258369 -0.639339
v 0.868611 -0.182487 -0.639339
v 1.147010 -0.258369 0.411189
v 1.147010 -0.182487 0.411189
v 1.147010 -0.258369 -0.639339
v 1.147010 -0.182487 -0.639339
v 1.117710 -0.248297 0.373026
v 0.855512 -0.315400 0.373026
v 1.114515 -0.235815 0.363665
v 0.852318 -0.302918 0.363665
v 1.115735 -0.240583 0.348519
v 0.853538 -0.307686 0.348519
v 1.119684 -0.256012 0.348519
v 0.857487 -0.323115 0.348519
v 1.120904 -0.260779 0.363665
v 0.858707 -0.327882 0.363665
v 0.863809 -0.299207 0.334739
v 0.873465 -0.299207 0.334739
v 0.863809 -0.336701 0.334739
v 0.873465 -0.336701 0.334739
v 0.863809 -0.351193 0.349231
v 0.873465 -0.351193 0.349231
v 0.863809 -0.351193 0.369726
v 0.873465 -0.351193 0.369726
v 0.863809 -0.336701 0.384218
v 0.873465 -0.336701 0.384218
v 0.863809 -0.299207 0.384218
v 0.873465 -0.299207 0.384218
v 0.863809 -0.284715 0.369726
v 0.873465 -0.284715 0.369726
v 0.863809 -0.284715 0.349231
v 0.873465 -0.284715 0.349231
v 1.117710 -0.248297 -0.556974
v 0.855512 -0.315400 -0.556974
v 1.114515 -0.235815 -0.566335
v 0.852318 -0.302918 -0.566335
v 1.115735 -0.240583 -0.581481
v 0.853538 -0.307686 -0.581481
v 1.119684 -0.256012 -0.581481
v 0.857487 -0.323115 -0.581481
v 1.120904 -0.260779 -0.566335
v 0.858707 -0.327882 -0.566335
v 0.863809 -0.299207 -0.595261
v 0.873465 -0.299207 -0.595261
v 0.863809 -0.336701 -0.595261
v 0.873465 -0.336701 -0.595261
v 0.863809 -0.351193 -0.580769
v 0.873465 -0.351193 -0.580769
v 0.863809 -0.351193 -0.560274
v 0.873465 -0.351193 -0.560274
v 0.863809 -0.336701 -0.545782
v 0.873465 -0.336701 -0.545782
v 0.863809 -0.299207 -0.545782
v 0.873465 -0.299207 -0.545782
v 0.863809 -0.284715 -0.560274
v 0.873465 -0.284715 -0.560274
v 0.863809 -0.284715 -0.580769
v 0.873465 -0.284715 -0.580769
v 0.824328 0.543679 -0.960795
v 0.833935 0.544667 -0.960795
v 0.828161 0.506382 -0.960795
v 0.837767 0.507369 -0.960795
v 0.829642 0.491966 -0.946302
v 0.839248 0.492953 -0.946302
v 0.829642 0.491966 -0.925807
v 0.839248 0.492953 -0.925807
v 0.828161 0.506382 -0.911315
v 0.837767 0.507369 -0.911315
v 0.824328 0.543679 -0.911315
v 0.833935 0.544667 -0.911315
v 0.822847 0.558096 -0.925807
v 0.832453 0.559083 -0.925807
v 0.822847 0.558096 -0.946302
v 0.832453 0.559083 -0.946302
v 0.833182 0.525525 -0.954109
v 1.183093 0.525525 -0.954109
v 0.833182 0.508354 -0.941634
v 1.183093 0.508354 -0.941634
v 0.833182 0.514913 -0.921449
v 1.183093 0.514913 -0.921449
v 0.833182 0.536137 -0.921449
v 1.183093 0.536137 -0.921449
v 0.833182 0.542695 -0.941634
v 1.183093 0.542695 -0.941634
v 0.856738 0.231648 -0.960795
v 0.866339 0.232680 -0.960795
v 0.860744 0.194369 -0.960795
v 0.870345 0.195401 -0.960795
v 0.862292 0.179960 -0.946302
v 0.871893 0.180991 -0.946302
v 0.862292 0.179960 -0.925807
v 0.871893 0.180991 -0.925807
v 0.860744 0.194369 -0.911315
v 0.870345 0.195401 -0.911315
v 0.856738 0.231648 -0.911315
v 0.866339 0.232680 -0.911315
v 0.855190 0.246057 -0.925807
v 0.864791 0.247089 -0.925807
v 0.855190 0.246057 -0.946302
v 0.864791 0.247089 -0.946302
v 0.865247 0.213525 -0.954109
v 1.183093 0.213525 -0.954109
v 0.865247 0.196354 -0.941634
v 1.183093 0.196354 -0.941634
v 0.865247 0.202913 -0.921449
v 1.183093 0.202913 -0.921449
v 0.865247 0.224136 -0.921449
v 1.183093 0.224136 -0.921449
v 0.865247 0.230695 -0.941634
v 1.183093 0.230695 -0.941634
v 1.032834 0.374458 -0.912472
v 1.032834 0.374458 -0.959638
v 1.041533 0.319533 -0.912472
v 1.041533 0.319533 -0.959638
v 1.066779 0.269986 -0.912472
v 1.066779 0.269986 -0.959638
v 1.106100 0.230664 -0.912472
v 1.106100 0.230664 -0.959638
v 1.155648 0.205418 -0.912472
v 1.155648 0.205418 -0.959638
v 1.210572 0.196719 -0.912472
v 1.210572 0.196719 -0.959638
v 1.265496 0.205418 -0.912472
v 1.265496 0.205418 -0.959638
v 1.315044 0.230664 -0.912472
v 1.315044 0.230664 -0.959638
v 1.354365 0.269986 -0.912472
v 1.354365 0.269986 -0.959638
v 1.379611 0.319534 -0.912472
v 1.379611 0.319534 -0.959638
v 1.388310 0.374458 -0.912472
v 1.388310 0.374458 -0.959638
v 1.379611 0.429382 -0.912472
v 1.379611 0.429382 -0.959638
v 1.354365 0.478930 -0.912472
v 1.354365 0.478930 -0.959638
v 1.315044 0.518251 -0.912472
v 1.315044 0.518251 -0.959638
v 1.265496 0.543497 -0.912472
v 1.265496 0.543497 -0.959638
v 1.210572 0.552196 -0.912472
v 1.210572 0.552196 -0.959638
v 1.155648 0.543497 -0.912472
v 1.155648 0.543497 -0.959638
v 1.106100 0.518251 -0.912472
v 1.106100 0.518251 -0.959638
v 1.066778 0.478929 -0.912472
v 1.066778 0.478929 -0.959638
v 1.041533 0.429382 -0.912472
v 1.041533 0.429382 -0.959638
v 0.270912 1.090840 0.373965
v 0.271080 1.096695 0.388107
v 0.270912 1.090840 0.402249
v 0.270507 1.076704 0.408107
v 0.270102 1.062567 0.402249
v 0.269935 1.056712 0.388107
v 0.270102 1.062567 0.373965
v 0.270507 1.076704 0.368107
v 0.488362 1.078347 0.373965
v 0.489076 1.084161 0.388107
v 0.488362 1.078347 0.402249
v 0.486639 1.064310 0.408107
v 0.484916 1.050273 0.402249
v 0.484202 1.044459 0.388107
v 0.484916 1.050273 0.373965
v 0.486639 1.064310 0.368107
v 0.556502 1.065442 0.373965
v 0.558029 1.071097 0.388107
v 0.556502 1.065442 0.402249
v 0.552818 1.051788 0.408107
v 0.549133 1.038135 0.402249
v 0.547607 1.032479 0.388107
v 0.549133 1.038135 0.373965
v 0.552818 1.051788 0.368107
v 0.619805 1.042957 0.373965
v 0.622450 1.048184 0.388107
v 0.619805 1.042957 0.402249
v 0.613417 1.030340 0.408107
v 0.607029 1.017722 0.402249
v 0.604384 1.012496 0.388107
v 0.607029 1.017722 0.373965
v 0.613417 1.030340 0.368107
v 0.676972 1.004099 0.373965
v 0.680841 1.008498 0.388107
v 0.676972 1.004099 0.402249
v 0.667632 0.993480 0.408107
v 0.658292 0.982861 0.402249
v 0.654423 0.978463 0.388107
v 0.658292 0.982861 0.373965
v 0.667632 0.993480 0.368107
v 0.718579 0.956809 0.373965
v 0.723696 0.959661 0.388107
v 0.718579 0.956809 0.402249
v 0.706225 0.949926 0.408107
v 0.693871 0.943042 0.402249
v 0.688754 0.940191 0.388107
v 0.693871 0.943042 0.373965
v 0.706225 0.949926 0.368107
v 0.758496 0.824981 0.373965
v 0.764107 0.826666 0.388107
v 0.758496 0.824981 0.402249
v 0.744951 0.820915 0.408107
v 0.731406 0.816849 0.402249
v 0.725796 0.815165 0.388107
v 0.731406 0.816849 0.373965
v 0.744951 0.820915 0.368107
v 0.000000 1.090846 0.373965
v 0.000000 1.096704 0.388107
v 0.000000 1.090846 0.402249
v 0.000000 1.076704 0.408107
v 0.000000 1.062562 0.402249
v 0.000000 1.056704 0.388107
v 0.000000 1.062562 0.373965
v 0.000000 1.076704 0.368107
v -0.270912 1.090840 0.373965
v -0.271080 1.096695 0.388107
v -0.270912 1.090840 0.402249
v -0.270507 1.076704 0.408107
v -0.270102 1.062567 0.402249
v -0.269935 1.056712 0.388107
v -0.270102 1.062567 0.373965
v -0.270507 1.076704 0.368107
v -0.488362 1.078347 0.373965
v -0.489076 1.084161 0.388107
v -0.488362 1.078347 0.402249
v -0.486639 1.064310 0.408107
v -0.484916 1.050273 0.402249
v -0.484202 1.044459 0.388107
v -0.484916 1.050273 0.373965
v -0.486639 1.064310 0.368107
v -0.556502 1.065442 0.373965
v -0.558029 1.071097 0.388107
v -0.556502 1.065442 0.402249
v -0.552818 1.051788 0.408107
v -0.549133 1.038135 0.402249
v -0.547607 1.032479 0.388107
v -0.549133 1.038135 0.373965
v -0.552818 1.051788 0.368107
v -0.619805 1.042957 0.373965
v -0.622450 1.048184 0.388107
v -0.619805 1.042957 0.402249
v -0.613417 1.030340 0.408107
v -0.607029 1.017722 0.402249
v -0.604384 1.012496 0.388107
v -0.607029 1.017722 0.373965
v -0.613417 1.030340 0.368107
v -0.676972 1.004099 0.373965
v -0.680841 1.008498 0.388107
v -0.676972 1.004099 0.402249
v -0.667632 0.993480 0.408107
v -0.658292 0.982861 0.402249
v -0.654423 0.978463 0.388107
v -0.658292 0.982861 0.373965
v -0.667632 0.993480 0.368107
v -0.718579 0.956809 0.373965
v -0.723696 0.959661 0.388107
v -0.718579 0.956809 0.402249
v -0.706225 0.949926 0.408107
v -0.693871 0.943042 0.402249
v -0.688754 0.940191 0.388107
v -0.693871 0.943042 0.373965
v -0.706225 0.949926 0.368107
v -0.758496 0.824981 0.373965
v -0.764107 0.826666 0.388107
v -0.758496 0.824981 0.402249
v -0.744951 0.820915 0.408107
v -0.731406 0.816849 0.402249
v -0.725796 0.815165 0.388107
v -0.731406 0.816849 0.373965
v -0.744951 0.820915 0.368107
v 0.270912 1.090840 -0.656035
v 0.271080 1.096695 -0.641893
v 0.270912 1.090840 -0.627751
v 0.270507 1.076704 -0.621893
v 0.270102 1.062567 -0.627751
v 0.269935 1.056712 -0.641893
v 0.270102 1.062567 -0.656035
v 0.270507 1.076704 -0.661893
v 0.488362 1.078347 -0.656035
v 0.489076 1.084161 -0.641893
v 0.488362 1.078347 -0.627751
v 0.486639 1.064310 -0.621893
v 0.484916 1.050273 -0.627751
v 0.484202 1.044459 -0.641893
v 0.484916 1.050273 -0.656035
v 0.486639 1.064310 -0.661893
v 0.556502 1.065442 -0.656035
v 0.558029 1.071097 -0.641893
v 0.556502 1.065442 -0.627751
v 0.552818 1.051788 -0.621893
v 0.549133 1.038135 -0.627751
v 0.547607 1.032479 -0.641893
v 0.549133 1.038135 -0.656035
v 0.552818 1.051788 -0.661893
v 0.619805 1.042957 -0.656035
v 0.622450 1.048184 -0.641893
v 0.619805 1.042957 -0.627751
v 0.613417 1.030340 -0.621893
v 0.607029 1.017722 -0.627751
v 0.604384 1.012496 -0.641893
v 0.607029 1.017722 -0.656035
v 0.613417 1.030340 -0.661893
v 0.676972 1.004099 -0.656035
v 0.680841 1.008498 -0.641893
v 0.676972 1.004099 -0.627751
v 0.667632 0.993480 -0.621893
v 0.658292 0.982861 -0.627751
v 0.654423 0.978463 -0.641893
v 0.658292 0.982861 -0.656035
v 0.667632 0.993480 -0.661893
v 0.718579 0.956809 -0.656035
v 0.723696 0.959661 -0.641893
v 0.718579 0.956809 -0.627751
v 0.706225 0.949926 -0.621893
v 0.693871 0.943042 -0.627751
v 0.688754 0.940191 -0.641893
v 0.693871 0.943042 -0.656035
v 0.706225 0.949926 -0.661893
v 0.758496 0.824981 -0.656035
v 0.764107 0.826666 -0.641893
v 0.758496 0.824981 -0.627751
v 0.744951 0.820915 -0.621893
v 0.731406 0.816849 -0.627751
v 0.725796 0.815165 -0.641893
v 0.731406 0.816849 -0.656035
v 0.744951 0.820915 -0.661893
v 0.000000 1.090846 -0.656035
v 0.000000 1.096704 -0.641893
v 0.000000 1.090846 -0.627751
v 0.000000 1.076704 -0.621893
v 0.000000 1.062562 -0.627751
v 0.000000 1.056704 -0.641893
v 0.000000 1.062562 -0.656035
v 0.000000 1.076704 -0.661893
v -0.270912 1.090840 -0.656035
v -0.271080 1.096695 -0.641893
v -0.270912 1.090840 -0.627751
v -0.270507 1.076704 -0.621893
v -0.270102 1.062567 -0.627751
v -0.269935 1.056712 -0.641893
v -0.270102 1.062567 -0.656035
v -0.270507 1.076704 -0.661893
v -0.488362 1.078347 -0.656035
v -0.489076 1.084161 -0.641893
v -0.488362 1.078347 -0.627751
v -0.486639 1.064310 -0.621893
v -0.484916 1.050273 -0.627751
v -0.484202 1.044459 -0.641893
v -0.484916 1.050273 -0.656035
v -0.486639 1.064310 -0.661893
v -0.556502 1.065442 -0.656035
v -0.558029 1.071097 -0.641893
v -0.556502 1.065442 -0.627751
v -0.552818 1.051788 -0.621893
v -0.549133 1.038135 -0.627751
v -0.547607 1.032479 -0.641893
v -0.549133 1.038135 -0.656035
v -0.552818 1.051788 -0.661893
v -0.619805 1.042957 -0.656035
v -0.622450 1.048184 -0.641893
v -0.619805 1.042957 -0.627751
v -0.613417 1.030340 -0.621893
v -0.607029 1.017722 -0.627751
v -0.604384 1.012496 -0.641893
v -0.607029 1.017722 -0.656035
v -0.613417 1.030340 -0.661893
v -0.676972 1.004099 -0.656035
v -0.680841 1.008498 -0.641893
v -0.676972 1.004099 -0.627751
v -0.667632 0.993480 -0.621893
v -0.658292 0.982861 -0.627751
v -0.654423 0.978463 -0.641893
v -0.658292 0.982861 -0.656035
v -0.667632 0.993480 -0.661893
v -0.718579 0.956809 -0.656035
v -0.723696 0.959661 -0.641893
v -0.718579 0.956809 -0.627751
v -0.706225 0.949926 -0.621893
v -0.693871 0.943042 -0.627751
v -0.688754 0.940191 -0.641893
v -0.693871 0.943042 -0.656035
v -0.706225 0.949926 -0.661893
v -0.758496 0.824981 -0.656035
v -0.764107 0.826666 -0.641893
v -0.758496 0.824981 -0.627751
v -0.744951 0.820915 -0.621893
v -0.731406 0.816849 -0.627751
v -0.725796 0.815165 -0.641893
v -0.731406 0.816849 -0.656035
v -0.744951 0.820915 -0.661893
v -0.022809 1.076704 0.343142
v 0.022809 1.076704 0.343142
v -0.022809 1.054221 0.349166
v 0.022809 1.054221 0.349166
v -0.022809 1.037763 0.365624
v 0.022809 1.037763 0.365624
v -0.022809 1.031739 0.388107
v 0.022809 1.031739 0.388107
v -0.022809 1.037763 0.410589
v 0.022809 1.037763 0.410589
v -0.022809 1.054221 0.427047
v 0.022809 1.054221 0.427047
v -0.022809 1.076704 0.433072
v 0.022809 1.076704 0.433072
v -0.022809 1.099186 0.427047
v 0.022809 1.099186 0.427047
v -0.022809 1.115644 0.410589
v 0.022809 1.115644 0.410589
v -0.022809 1.121668 0.388107
v 0.022809 1.121668 0.388107
v -0.022809 1.115644 0.365624
v 0.022809 1.115644 0.365624
v -0.022809 1.099186 0.349166
v 0.022809 1.099186 0.349166
v -0.000000 1.106326 0.367605
v -0.000000 1.345674 0.367605
v 0.014497 1.106326 0.373610
v 0.014497 1.345674 0.373610
v 0.020501 1.106326 0.388107
v 0.020501 1.345674 0.388107
v 0.014497 1.106326 0.402603
v 0.014497 1.345674 0.402603
v -0.000000 1.106326 0.408608
v -0.000000 1.345674 0.408608
v -0.014497 1.106326 0.402603
v -0.014497 1.345674 0.402603
v -0.020501 1.106326 0.388107
v -0.020501 1.345674 0.388107
v -0.014497 1.106326 0.373610
v -0.014497 1.345674 0.373610
v -0.022809 1.076704 -0.686858
v 0.022809 1.076704 -0.686858
v -0.022809 1.054221 -0.680834
v 0.022809 1.054221 -0.680834
v -0.022809 1.037763 -0.664376
v 0.022809 1.037763 -0.664376
v -0.022809 1.031739 -0.641893
v 0.022809 1.031739 -0.641893
v -0.022809 1.037763 -0.619411
v 0.022809 1.037763 -0.619411
v -0.022809 1.054221 -0.602953
v 0.022809 1.054221 -0.602953
v -0.022809 1.076704 -0.596928
v 0.022809 1.076704 -0.596928
v -0.022809 1.099186 -0.602953
v 0.022809 1.099186 -0.602953
v -0.022809 1.115644 -0.619411
v 0.022809 1.115644 -0.619411
v -0.022809 1.121668 -0.641893
v 0.022809 1.121668 -0.641893
v -0.022809 1.115644 -0.664376
v 0.022809 1.115644 -0.664376
v -0.022809 1.099186 -0.680834
v 0.022809 1.099186 -0.680834
v -0.000000 1.106326 -0.662395
v -0.000000 1.303393 -0.662395
v 0.014497 1.106326 -0.656390
v 0.014497 1.303393 -0.656390
v 0.020501 1.106326 -0.641893
v 0.020501 1.303393 -0.641893
v 0.014497 1.106326 -0.627397
v 0.014497 1.303393 -0.627397
v -0.000000 1.106326 -0.621392
v -0.000000 1.303393 -0.621392
v -0.014497 1.106326 -0.627397
v -0.014497 1.303393 -0.627397
v -0.020501 1.106326 -0.641893
v -0.020501 1.303393 -0.641893
v -0.014497 1.106326 -0.656390
v -0.014497 1.303393 -0.656390
v 0.071000 1.997327 0.634495
v 0.071000 1.305099 0.489098
v 0.071000 1.739416 -0.735646
v 0.071000 1.388643 -0.618304
v 0.070998 1.929484 -0.072634
v 0.071000 1.407648 -0.074391
v 0.071000 1.397464 -0.377160
v 0.071000 1.855933 -0.426642
v 0.071000 1.968773 0.257775
v 0.070998 1.380133 0.176268
v 0.071000 1.857332 0.533454
v 0.071000 1.724293 0.471193
v 0.071000 1.592050 0.445939
v 0.071000 1.456009 0.443458
v 0.070998 1.459516 -0.637824
v 0.071000 1.530239 -0.658248
v 0.071000 1.599838 -0.683642
v 0.070998 1.669287 -0.708250
v 0.071000 1.512015 -0.074039
v 0.071000 1.616382 -0.073688
v 0.071000 1.720749 -0.073336
v 0.071000 1.825117 -0.072985
v 0.071000 1.489158 -0.387056
v 0.071000 1.580852 -0.396953
v 0.070998 1.672546 -0.406849
v 0.071000 1.764240 -0.416745
v 0.071000 1.497861 0.192569
v 0.071000 1.615589 0.208870
v 0.071000 1.733317 0.225172
v 0.071000 1.851045 0.241473
v 0.071000 1.312770 -0.606635
v 0.071000 1.321624 -0.365297
v 0.071000 1.079122 -0.496413
v 0.070998 1.080543 -0.457672
v 0.071000 1.300764 -0.176724
v 0.070998 1.335281 -0.173770
v 0.071000 1.304998 -0.787168
v 0.071000 1.254812 -0.783551
v -0.071000 1.997327 0.634495
v -0.071000 1.305099 0.489098
v -0.071000 1.739416 -0.735646
v -0.071000 1.388643 -0.618304
v -0.070998 1.929484 -0.072634
v -0.071000 1.407648 -0.074391
v -0.071000 1.397464 -0.377160
v -0.071000 1.855933 -0.426642
v -0.071000 1.968773 0.257775
v -0.070998 1.380133 0.176268
v -0.071000 1.857332 0.533454
v -0.071000 1.724293 0.471193
v -0.071000 1.592050 0.445939
v -0.071000 1.456009 0.443458
v -0.070998 1.459516 -0.637824
v -0.071000 1.530239 -0.658248
v -0.071000 1.599838 -0.683642
v -0.070998 1.669287 -0.708250
v -0.071000 1.512015 -0.074039
v -0.071000 1.616382 -0.073688
v -0.071000 1.720749 -0.073336
v -0.071000 1.825117 -0.072985
v -0.071000 1.489158 -0.387056
v -0.071000 1.580852 -0.396953
v -0.070998 1.672546 -0.406849
v -0.071000 1.764240 -0.416745
v -0.071000 1.497861 0.192569
v -0.071000 1.615589 0.208870
v -0.071000 1.733317 0.225172
v -0.071000 1.851045 0.241473
v -0.071000 1.312770 -0.606635
v -0.071000 1.321624 -0.365297
v -0.071000 1.079122 -0.496413
v -0.070998 1.080543 -0.457672
v -0.071000 1.300764 -0.176724
v -0.070998 1.335281 -0.173770
v -0.071000 1.304998 -0.787168
v -0.071000 1.254812 -0.783551
v 0.828932 0.185564 1.356223
v 0.848408 0.181228 1.353074
v 0.855248 0.178566 1.334255
v 0.842612 0.180241 1.318584
v 0.823135 0.184577 1.321733
v 0.816295 0.187239 1.340553
v 1.029654 0.421621 1.215678
v 1.040644 0.404860 1.218196
v 1.038841 0.389545 1.205149
v 1.026048 0.390991 1.189583
v 1.015058 0.407751 1.187065
v 1.016861 0.423066 1.200112
v 0.855493 0.304502 1.347483
v 0.878655 0.338223 1.331993
v 0.872051 0.292503 1.345902
v 0.895126 0.326281 1.330491
v 0.875962 0.282070 1.328647
v 0.898871 0.315836 1.313373
v 0.863274 0.283607 1.313004
v 0.886177 0.317369 1.297735
v 0.846671 0.295568 1.314618
v 0.869744 0.329350 1.299210
v 0.865963 0.339757 1.316354
v 0.842804 0.306038 1.331841
v -0.828932 0.185564 1.356223
v -0.848408 0.181228 1.353074
v -0.855248 0.178566 1.334255
v -0.842612 0.180241 1.318584
v -0.823136 0.184578 1.321733
v -0.816296 0.187239 1.340553
v -1.029654 0.421621 1.215678
v -1.040644 0.404860 1.218196
v -1.038841 0.389545 1.205149
v -1.026049 0.390991 1.189583
v -1.015059 0.407751 1.187065
v -1.016861 0.423066 1.200112
v -0.855494 0.304502 1.347483
v -0.878656 0.338223 1.331993
v -0.872051 0.292503 1.345901
v -0.895127 0.326281 1.330491
v -0.875962 0.282070 1.328647
v -0.898871 0.315836 1.313373
v -0.863274 0.283607 1.313004
v -0.886177 0.317369 1.297735
v -0.846672 0.295568 1.314618
v -0.869744 0.329350 1.299210
v -0.865963 0.339757 1.316354
v -0.842804 0.306038 1.331841
v 0.981129 0.341916 1.236949
v 0.963684 0.454244 1.250705
v 0.935483 0.314756 1.199496
v 0.907831 0.471065 1.221200
v 1.091529 0.397918 1.153458
v 1.081018 0.473296 1.161782
v 1.080801 0.387957 1.089595
v 1.062477 0.496780 1.104001
v 1.025118 0.469765 1.213147
v 1.038261 0.362919 1.202680
v 0.985513 0.492290 1.162367
v 1.007112 0.343407 1.145290
v 0.925650 0.426878 1.255611
v 0.938039 0.343598 1.245826
v 0.914862 0.343740 1.215275
v 0.902473 0.427019 1.225060
v 1.079888 0.418966 1.090432
v 1.071598 0.478154 1.096995
v 1.090702 0.416081 1.154170
v 1.094775 0.478012 1.127547
v 1.028284 0.440413 1.210609
v 1.033753 0.391701 1.206234
v 0.990170 0.454720 1.158660
v 1.000072 0.383487 1.150817
v 1.034733 0.343266 1.182125
v 1.103978 0.387815 1.120146
v 1.013134 0.492148 1.199202
v 0.931008 0.470923 1.251751
v 1.085654 0.496638 1.134552
v 0.958660 0.314614 1.230047
v 1.103065 0.418824 1.120983
v 1.085023 0.456628 1.158666
v 0.960813 0.430640 1.252774
v 0.972130 0.354565 1.243835
v -0.981129 0.341916 1.236949
v -0.963684 0.454244 1.250705
v -0.935484 0.314757 1.199496
v -0.907831 0.471065 1.221200
v -1.091529 0.397919 1.153458
v -1.081018 0.473296 1.161782
v -1.080801 0.387957 1.089595
v -1.062477 0.496780 1.104001
v -1.025118 0.469765 1.213147
v -1.038261 0.362919 1.202680
v -0.985513 0.492290 1.162367
v -1.007112 0.343408 1.145290
v -0.925650 0.426878 1.255611
v -0.938039 0.343599 1.245826
v -0.914862 0.343741 1.215275
v -0.902473 0.427020 1.225060
v -1.079888 0.418966 1.090432
v -1.071598 0.478154 1.096995
v -1.090702 0.416081 1.154169
v -1.094775 0.478012 1.127547
v -1.028284 0.440413 1.210609
v -1.033753 0.391701 1.206234
v -0.990170 0.454721 1.158659
v -1.000072 0.383487 1.150817
v -1.034733 0.343266 1.182125
v -1.103978 0.387815 1.120146
v -1.013134 0.492148 1.199202
v -0.931008 0.470923 1.251751
v -1.085654 0.496638 1.134552
v -0.958660 0.314615 1.230047
v -1.103065 0.418824 1.120983
v -1.085023 0.456628 1.158666
v -0.960813 0.430640 1.252774
v -0.972130 0.354565 1.243835
v -0.000000 0.020637 1.544690
v -0.000000 0.024359 1.584781
v 0.038094 0.014629 1.545248
v 0.038094 0.018352 1.585339
v 0.072458 -0.002805 1.546867
v 0.072458 0.000917 1.586958
v 0.099730 -0.029961 1.549389
v 0.099730 -0.026238 1.589479
v 0.117240 -0.064178 1.552566
v 0.117240 -0.060455 1.592657
v 0.123273 -0.102108 1.556088
v 0.123273 -0.098386 1.596179
v 0.117240 -0.140039 1.559610
v 0.117240 -0.136316 1.599701
v 0.099730 -0.174256 1.562787
v 0.099730 -0.170534 1.602878
v 0.072458 -0.201411 1.565308
v 0.072458 -0.197689 1.605399
v 0.038093 -0.218846 1.566927
v 0.038093 -0.215123 1.607018
v -0.000000 -0.224854 1.567485
v -0.000000 -0.221131 1.607576
v -0.038094 -0.218846 1.566927
v -0.038094 -0.215123 1.607018
v -0.072458 -0.201411 1.565308
v -0.072458 -0.197689 1.605399
v -0.099730 -0.174256 1.562787
v -0.099730 -0.170534 1.602878
v -0.117240 -0.140039 1.559610
v -0.117240 -0.136316 1.599701
v -0.123273 -0.102108 1.556088
v -0.123273 -0.098386 1.596179
v -0.117240 -0.064178 1.552566
v -0.117240 -0.060455 1.592657
v -0.099730 -0.029960 1.549388
v -0.099730 -0.026238 1.589479
v -0.072458 -0.002805 1.546867
v -0.072458 0.000917 1.586958
v -0.038093 0.014629 1.545248
v -0.038093 0.018352 1.585339
v 0.000000 0.069548 1.540459
v 0.053264 0.061148 1.541239
v 0.050096 0.055106 1.581616
v 0.000000 0.063006 1.580882
v 0.101314 0.036770 1.543503
v 0.095289 0.032178 1.583745
v 0.139447 -0.001200 1.547029
v 0.131154 -0.003534 1.587061
v 0.163930 -0.049044 1.551471
v 0.154181 -0.048533 1.591239
v 0.172366 -0.102080 1.556396
v 0.162115 -0.098414 1.595871
v 0.163930 -0.155116 1.561320
v 0.154181 -0.148296 1.600502
v 0.139447 -0.202960 1.565763
v 0.131154 -0.193295 1.604681
v 0.101314 -0.240930 1.569288
v 0.095289 -0.229006 1.607997
v 0.053264 -0.265307 1.571552
v 0.050096 -0.251934 1.610126
v -0.000000 -0.273708 1.572332
v -0.000000 -0.259835 1.610859
v -0.053264 -0.265307 1.571552
v -0.050096 -0.251934 1.610126
v -0.101314 -0.240929 1.569288
v -0.095289 -0.229006 1.607997
v -0.139447 -0.202960 1.565763
v -0.131154 -0.193295 1.604681
v -0.163930 -0.155116 1.561320
v -0.154181 -0.148296 1.600502
v -0.172366 -0.102080 1.556396
v -0.162115 -0.098414 1.595871
v -0.163930 -0.049044 1.551471
v -0.154180 -0.048533 1.591239
v -0.139447 -0.001199 1.547029
v -0.131154 -0.003534 1.587061
v -0.101314 0.036770 1.543503
v -0.095289 0.032178 1.583745
v -0.053264 0.061148 1.541239
v -0.050096 0.055106 1.581616
v 0.047055 -0.219152 1.600829
v -0.083356 0.006998 1.579830
v 0.022237 -0.098990 1.589671
v -0.048687 0.024002 1.578251
v -0.069288 -0.180581 1.597248
v -0.131820 -0.072142 1.587179
v -0.122893 -0.010499 1.581455
v -0.047055 -0.219152 1.600829
v 0.024813 -0.180581 1.597247
v 0.083356 0.006998 1.579830
v -0.000000 -0.137552 1.593252
v 0.048687 0.024002 1.578251
v 0.047050 -0.142019 1.593667
v 0.069287 -0.180581 1.597247
v -0.022237 -0.098990 1.589671
v 0.131819 -0.072142 1.587179
v -0.000000 -0.060428 1.586091
v 0.122892 -0.010499 1.581455
v -0.047051 -0.142020 1.593667
v -0.024814 -0.180581 1.597248
v -0.048687 0.020937 1.545241
v -0.083356 0.003932 1.546820
v 0.047055 -0.222217 1.567819
v 0.024813 -0.183646 1.564237
v -0.047055 -0.222217 1.567819
v -0.024814 -0.183647 1.564237
v -0.047051 -0.145085 1.560657
v -0.131820 -0.075207 1.554168
v -0.122893 -0.013564 1.548445
v -0.069288 -0.183647 1.564237
v -0.000000 -0.140617 1.560242
v 0.083356 0.003932 1.546820
v 0.048687 0.020937 1.545241
v -0.022237 -0.102055 1.556661
v 0.047050 -0.145084 1.560657
v 0.069287 -0.183646 1.564237
v 0.131819 -0.075207 1.554168
v 0.122892 -0.013564 1.548445
v 0.022237 -0.102055 1.556661
v -0.000000 -0.063493 1.553081
v 0.568295 -0.204550 0.371689
v 0.568295 0.232750 0.371689
v 0.568295 -0.204550 -0.607769
v 0.568295 0.232750 -0.607769
v 0.833890 -0.204550 0.371689
v 0.833890 0.232750 0.371689
v 0.833890 -0.204550 -0.607769
v 0.833890 0.232750 -0.607769
v 0.568295 -0.204550 -0.118040
v 0.568295 0.232750 -0.118040
v 0.833890 -0.204550 -0.118040
v 0.833890 0.232750 -0.118040
v 0.833890 -0.131014 -0.079022
v 0.833890 0.159213 -0.079022
v 0.833890 0.159213 0.291364
v 0.833890 -0.131014 0.291364
v 0.833890 -0.131014 -0.527444
v 0.833890 0.159213 -0.527444
v 0.833890 0.159213 -0.157058
v 0.833890 -0.131014 -0.157058
v 0.799255 0.159213 -0.079022
v 0.799255 -0.131014 -0.079022
v 0.799255 -0.131014 0.291364
v 0.799255 0.159213 0.291364
v 0.799255 0.159213 -0.527444
v 0.799255 -0.131014 -0.527444
v 0.799255 -0.131014 -0.157058
v 0.799255 0.159213 -0.157058
v 0.551785 0.216770 0.371689
v 0.551785 0.280532 0.371689
v 0.551785 0.216770 -0.607769
v 0.551785 0.280532 -0.607769
v 0.844892 0.216770 0.371689
v 0.844892 0.280532 0.371689
v 0.844892 0.216770 -0.607769
v 0.844892 0.280532 -0.607769
v 0.733751 0.766869 0.379336
v 1.782380 1.047096 0.379336
v 0.733751 0.766869 -0.612780
v 1.782380 1.047096 -0.612780
v 0.810660 0.827818 0.379336
v 0.876073 0.865178 0.379336
v 0.956710 0.889220 0.379336
v 0.956710 0.889220 -0.612780
v 0.876073 0.865178 -0.612780
v 0.810660 0.827818 -0.612780
v 0.754868 0.740222 0.379336
v 1.788765 1.013703 0.379336
v 0.754868 0.740222 -0.612780
v 1.788765 1.013703 -0.612780
v 0.829704 0.799653 0.379336
v 0.889448 0.833920 0.379336
v 0.964771 0.856190 0.379336
v 0.964771 0.856190 -0.612780
v 0.889448 0.833920 -0.612780
v 0.829704 0.799653 -0.612780
v 0.867902 -0.058721 0.629682
v 0.867902 -0.057848 0.649431
v 0.867902 -0.075823 0.659521
v 0.867902 -0.093798 0.649431
v 0.867902 -0.092926 0.629682
v 0.867902 -0.075823 0.620509
v 0.892885 -0.058362 0.646806
v 0.875717 -0.057989 0.657946
v 0.870205 -0.075823 0.663737
v 0.875717 -0.093658 0.657946
v 0.892885 -0.093284 0.646806
v 0.901114 -0.075823 0.641369
v 0.901815 -0.058207 0.681965
v 0.881572 -0.058097 0.684830
v 0.873674 -0.075823 0.686277
v 0.881572 -0.093550 0.684830
v 0.901815 -0.093439 0.681965
v 0.911812 -0.075823 0.680532
v 0.902121 -0.060784 0.727376
v 0.884728 -0.060744 0.727534
v 0.877440 -0.075823 0.727578
v 0.884728 -0.090902 0.727534
v 0.902121 -0.090863 0.727376
v 0.910780 -0.075823 0.727297
v 0.899773 -0.063428 0.760157
v 0.885488 -0.063336 0.758630
v 0.878267 -0.075823 0.757863
v 0.885488 -0.088310 0.758630
v 0.899773 -0.088219 0.760157
v 0.906837 -0.075823 0.760917
v 0.893873 -0.065713 0.783183
v 0.882743 -0.065549 0.779099
v 0.877095 -0.075823 0.777083
v 0.882743 -0.086097 0.779099
v 0.893873 -0.085934 0.783183
v 0.899237 -0.075823 0.785181
v 0.876875 -0.070782 0.804943
v 0.872900 -0.070282 0.800439
v 0.871905 -0.075823 0.792627
v 0.872900 -0.081364 0.800439
v 0.876875 -0.080864 0.804943
v 0.884312 -0.075823 0.802694
v -0.867902 -0.058721 0.629682
v -0.867902 -0.057848 0.649431
v -0.867902 -0.075823 0.659521
v -0.867902 -0.093798 0.649431
v -0.867902 -0.092926 0.629682
v -0.867902 -0.075823 0.620509
v -0.892885 -0.058362 0.646806
v -0.875717 -0.057989 0.657946
v -0.870205 -0.075823 0.663737
v -0.875717 -0.093658 0.657946
v -0.892885 -0.093284 0.646806
v -0.901114 -0.075823 0.641369
v -0.901815 -0.058207 0.681965
v -0.881572 -0.058097 0.684830
v -0.873674 -0.075823 0.686277
v -0.881572 -0.093550 0.684830
v -0.901815 -0.093439 0.681965
v -0.911812 -0.075823 0.680532
v -0.902121 -0.060784 0.727376
v -0.884728 -0.060744 0.727534
v -0.877440 -0.075823 0.727578
v -0.884728 -0.090902 0.727534
v -0.902121 -0.090863 0.727376
v -0.910780 -0.075823 0.727297
v -0.899773 -0.063428 0.760157
v -0.885488 -0.063336 0.758630
v -0.878267 -0.075823 0.757863
v -0.885488 -0.088310 0.758630
v -0.899773 -0.088219 0.760157
v -0.906837 -0.075823 0.760917
v -0.893873 -0.065713 0.783183
v -0.882743 -0.065549 0.779099
v -0.877095 -0.075823 0.777083
v -0.882743 -0.086097 0.779099
v -0.893873 -0.085934 0.783183
v -0.899237 -0.075823 0.785181
v -0.876875 -0.070782 0.804943
v -0.872900 -0.070282 0.800439
v -0.871905 -0.075823 0.792627
v -0.872900 -0.081364 0.800439
v -0.876875 -0.080864 0.804943
v -0.884312 -0.075823 0.802694
v 0.799746 0.280544 0.340720
v 0.881351 0.643272 0.340720
v 0.799746 0.280544 0.304592
v 0.881351 0.643272 0.304592
v 0.824476 0.274981 0.340720
v 0.896782 0.620554 0.340720
v 0.824476 0.274981 0.304592
v 0.896782 0.620554 0.304592
v 1.243382 0.914134 0.340720
v 1.243382 0.914134 0.304592
v 1.258661 0.893908 0.340720
v 1.258661 0.893908 0.304592
v 0.847318 0.481826 0.333290
v 1.002721 0.724997 0.333290
v 0.847318 0.481826 0.312021
v 1.002721 0.724997 0.312021
v 0.863408 0.471656 0.333290
v 1.018812 0.714827 0.333290
v 0.863408 0.471656 0.312021
v 1.018812 0.714827 0.312021
v 1.181468 0.895491 0.347082
v 1.314269 0.921550 0.347082
v 1.181468 0.895491 0.298229
v 1.314269 0.921550 0.298229
v 1.184775 0.878635 0.347082
v 1.317577 0.904694 0.347082
v 1.184775 0.878635 0.298229
v 1.317577 0.904694 0.298229
v 0.759882 0.280532 0.354550
v 0.759882 0.301065 0.354550
v 0.759882 0.280532 0.290762
v 0.759882 0.301065 0.290762
v 0.839752 0.280532 0.354550
v 0.839752 0.301065 0.354550
v 0.839752 0.280532 0.290762
v 0.839752 0.301065 0.290762
v 0.799746 0.280544 -0.546280
v 0.881351 0.643272 -0.546280
v 0.799746 0.280544 -0.582408
v 0.881351 0.643272 -0.582408
v 0.824476 0.274981 -0.546280
v 0.896782 0.620554 -0.546280
v 0.824476 0.274981 -0.582408
v 0.896782 0.620554 -0.582408
v 1.243382 0.914134 -0.546280
v 1.243382 0.914134 -0.582408
v 1.258661 0.893908 -0.546280
v 1.258661 0.893908 -0.582408
v 0.847318 0.481826 -0.553710
v 1.002721 0.724997 -0.553710
v 0.847318 0.481826 -0.574978
v 1.002721 0.724997 -0.574978
v 0.863408 0.471656 -0.553710
v 1.018812 0.714827 -0.553710
v 0.863408 0.471656 -0.574978
v 1.018812 0.714827 -0.574978
v 1.181468 0.895491 -0.539918
v 1.314269 0.921550 -0.539918
v 1.181468 0.895491 -0.588771
v 1.314269 0.921550 -0.588771
v 1.184775 0.878635 -0.539918
v 1.317577 0.904694 -0.539918
v 1.184775 0.878635 -0.588771
v 1.317577 0.904694 -0.588771
v 0.759882 0.280532 -0.532450
v 0.759882 0.301065 -0.532450
v 0.759882 0.280532 -0.596238
v 0.759882 0.301065 -0.596238
v 0.839752 0.280532 -0.532450
v 0.839752 0.301065 -0.532450
v 0.839752 0.280532 -0.596238
v 0.839752 0.301065 -0.596238
v 0.707140 0.773068 0.453804
v 0.692285 0.795173 0.453804
v 0.707140 0.773068 0.321628
v 0.692285 0.795173 0.321628
v 0.781524 0.823055 0.427409
v 0.759616 0.808333 0.453804
v 0.744761 0.830438 0.453804
v 0.766669 0.845161 0.427409
v 0.759616 0.808333 0.321628
v 0.781524 0.823055 0.348023
v 0.766669 0.845161 0.348023
v 0.744761 0.830438 0.321628
v -0.707140 0.773068 0.453804
v -0.692285 0.795173 0.453804
v -0.707140 0.773068 0.321628
v -0.692285 0.795173 0.321628
v -0.781524 0.823055 0.427409
v -0.759616 0.808332 0.453804
v -0.744761 0.830438 0.453804
v -0.766669 0.845160 0.427409
v -0.759616 0.808332 0.321628
v -0.781524 0.823055 0.348023
v -0.766669 0.845160 0.348023
v -0.744761 0.830438 0.321628
v 0.707140 0.773068 -0.573196
v 0.692285 0.795173 -0.573196
v 0.707140 0.773068 -0.705372
v 0.692284 0.795173 -0.705372
v 0.781524 0.823055 -0.599591
v 0.759616 0.808333 -0.573196
v 0.744761 0.830438 -0.573196
v 0.766669 0.845161 -0.599591
v 0.759616 0.808333 -0.705372
v 0.781524 0.823055 -0.678977
v 0.766669 0.845161 -0.678977
v 0.744761 0.830438 -0.705372
v -0.707140 0.773068 -0.573196
v -0.692285 0.795173 -0.573196
v -0.707140 0.773068 -0.705372
v -0.692285 0.795173 -0.705372
v -0.781524 0.823055 -0.599591
v -0.759616 0.808332 -0.573196
v -0.744761 0.830438 -0.573196
v -0.766669 0.845160 -0.599591
v -0.759616 0.808332 -0.705372
v -0.781524 0.823055 -0.678977
v -0.766669 0.845160 -0.678977
v -0.744761 0.830438 -0.705372
v -0.709053 -0.223651 0.586433
v -0.709053 -0.223651 0.377517
v -0.709053 0.199819 0.565304
v 0.709053 -0.223651 0.586433
v 0.709053 -0.223651 0.377517
v 0.709053 0.199819 0.565304
v -0.709053 0.414045 0.586433
v -0.709053 0.539233 0.461245
v -0.709053 0.476639 0.569661
v -0.709053 0.522461 0.523839
v 0.709053 0.539233 0.461245
v 0.709053 0.414045 0.586433
v 0.709053 0.522461 0.523839
v 0.709053 0.476639 0.569661
v -0.709053 0.539233 0.405025
v -0.709053 0.511725 0.377517
v 0.709053 0.511725 0.377517
v 0.709053 0.539233 0.405025
v 0.631249 -0.248397 0.360512
v -0.631249 -0.248397 0.360512
v -0.631249 -0.248397 0.599726
v 0.631249 -0.248397 0.599726
v 0.631249 0.573028 0.456382
v -0.631249 0.573028 0.456382
v -0.631249 0.553823 0.528054
v 0.631249 0.553823 0.528054
v -0.631249 0.501356 0.580521
v 0.631249 0.501356 0.580521
v -0.631249 0.429684 0.599726
v 0.631249 0.429684 0.599726
v 0.631249 0.184390 0.575532
v -0.631249 0.184390 0.575532
v -0.631249 0.573028 0.392010
v 0.631249 0.573028 0.392010
v 0.631249 0.541530 0.360512
v -0.631249 0.541530 0.360512
v 0.654165 0.280532 -0.528155
v 0.654165 0.453776 -0.528155
v 0.675829 0.280532 -0.521116
v 0.675829 0.453776 -0.521116
v 0.689218 0.280532 -0.502687
v 0.689218 0.453776 -0.502687
v 0.689218 0.280532 -0.479909
v 0.689218 0.453776 -0.479909
v 0.675829 0.280532 -0.461480
v 0.675829 0.453776 -0.461480
v 0.654165 0.280532 -0.454441
v 0.654165 0.453776 -0.454441
v 0.632501 0.280532 -0.461480
v 0.632501 0.453776 -0.461480
v 0.619112 0.280532 -0.479909
v 0.619112 0.453776 -0.479909
v 0.619112 0.280532 -0.502687
v 0.619112 0.453776 -0.502687
v 0.632501 0.280532 -0.521116
v 0.632501 0.453776 -0.521116
v 0.774697 0.280532 -0.376393
v 0.776276 0.375095 -0.376032
v 0.795439 0.299690 -0.371659
v 0.799625 0.328320 -0.370703
v 0.793809 0.355428 -0.372031
v 0.772716 0.280532 -0.398406
v 0.774205 0.375095 -0.399042
v 0.792279 0.299690 -0.406767
v 0.796227 0.328320 -0.408455
v 0.790742 0.355428 -0.406110
v 0.758175 0.280532 -0.415050
v 0.759005 0.375095 -0.416440
v 0.769086 0.299690 -0.433313
v 0.771289 0.328320 -0.436999
v 0.768229 0.355428 -0.431878
v 0.736627 0.280532 -0.419968
v 0.736482 0.375095 -0.421581
v 0.734720 0.299690 -0.441157
v 0.734335 0.328320 -0.445433
v 0.734870 0.355428 -0.439492
v 0.716304 0.280532 -0.411281
v 0.715238 0.375095 -0.412501
v 0.702306 0.299690 -0.427303
v 0.699481 0.328320 -0.430536
v 0.703406 0.355428 -0.426044
v 0.704968 0.280532 -0.392308
v 0.703389 0.375095 -0.392669
v 0.684226 0.299690 -0.397042
v 0.680040 0.328320 -0.397998
v 0.685856 0.355428 -0.396670
v 0.706949 0.280532 -0.370295
v 0.705460 0.375095 -0.369659
v 0.687386 0.299690 -0.361934
v 0.683438 0.328320 -0.360246
v 0.688923 0.355428 -0.362591
v 0.721491 0.280532 -0.353651
v 0.720660 0.375095 -0.352261
v 0.710579 0.299690 -0.335388
v 0.708377 0.328320 -0.331702
v 0.711436 0.355428 -0.336823
v 0.743038 0.280532 -0.348733
v 0.743183 0.375095 -0.347120
v 0.744945 0.299690 -0.327544
v 0.745330 0.328320 -0.323268
v 0.744795 0.355428 -0.329209
v 0.763361 0.280532 -0.357420
v 0.764427 0.375095 -0.356200
v 0.777359 0.299690 -0.341398
v 0.780184 0.328320 -0.338165
v 0.776259 0.355428 -0.342657
v 0.716953 0.280532 -0.565582
v 0.716953 0.513641 -0.565582
v 0.738616 0.280532 -0.558543
v 0.738616 0.513641 -0.558543
v 0.752005 0.280532 -0.540115
v 0.752005 0.513641 -0.540115
v 0.752005 0.280532 -0.517336
v 0.752005 0.513641 -0.517336
v 0.738616 0.280532 -0.498908
v 0.738616 0.513641 -0.498908
v 0.716953 0.280532 -0.491869
v 0.716953 0.513641 -0.491869
v 0.695289 0.280532 -0.498908
v 0.695289 0.513641 -0.498908
v 0.681900 0.280532 -0.517336
v 0.681900 0.513641 -0.517336
v 0.681900 0.280532 -0.540115
v 0.681900 0.513641 -0.540115
v 0.695289 0.280532 -0.558543
v 0.695289 0.513641 -0.558543
v 0.629928 -0.351352 -1.482195
v 0.608857 -0.362535 -1.509425
v 0.618170 -0.315311 -1.485417
v 0.600647 -0.337366 -1.511675
v 0.587390 -0.293037 -1.487408
v 0.580697 -0.322929 -1.512965
v 0.549344 -0.293037 -1.487408
v 0.556037 -0.322929 -1.512965
v 0.518563 -0.315311 -1.485417
v 0.536087 -0.337366 -1.511675
v 0.506806 -0.351352 -1.482195
v 0.527877 -0.362535 -1.509425
v 0.549344 -0.497791 -1.469105
v 0.556037 -0.472906 -1.499558
v 0.587390 -0.497791 -1.469105
v 0.580697 -0.472906 -1.499558
v 0.618171 -0.475517 -1.471096
v 0.600647 -0.458470 -1.500849
v 0.629928 -0.439476 -1.474317
v 0.608857 -0.433300 -1.503099
v 0.506806 -0.439476 -1.474317
v 0.527877 -0.433300 -1.503099
v 0.518563 -0.475517 -1.471096
v 0.536087 -0.458470 -1.500849
v 0.610406 -0.330304 -1.512306
v 0.620330 -0.360725 -1.509586
v 0.584424 -0.311502 -1.513987
v 0.552310 -0.311502 -1.513987
v 0.526328 -0.330304 -1.512306
v 0.516404 -0.360725 -1.509586
v 0.584424 -0.484333 -1.498537
v 0.552310 -0.484333 -1.498537
v 0.610406 -0.465532 -1.500217
v 0.620330 -0.435110 -1.502937
v 0.526328 -0.465532 -1.500217
v 0.516404 -0.435110 -1.502937
v 0.594138 -0.350660 -1.522718
v 0.600693 -0.370755 -1.520922
v 0.578211 -0.339135 -1.523748
v 0.558523 -0.339135 -1.523748
v 0.542596 -0.350660 -1.522718
v 0.536041 -0.370755 -1.520922
v 0.578211 -0.458870 -1.513045
v 0.558523 -0.458870 -1.513045
v 0.594138 -0.447345 -1.514075
v 0.600693 -0.427250 -1.515871
v 0.542596 -0.447345 -1.514075
v 0.536041 -0.427251 -1.515871
v -0.629928 -0.351352 -1.482195
v -0.608857 -0.362535 -1.509425
v -0.618170 -0.315311 -1.485417
v -0.600647 -0.337366 -1.511675
v -0.587390 -0.293037 -1.487408
v -0.580697 -0.322929 -1.512965
v -0.549344 -0.293037 -1.487408
v -0.556037 -0.322929 -1.512965
v -0.518563 -0.315311 -1.485417
v -0.536087 -0.337366 -1.511675
v -0.506806 -0.351352 -1.482195
v -0.527877 -0.362535 -1.509425
v -0.549344 -0.497791 -1.469105
v -0.556037 -0.472906 -1.499558
v -0.587390 -0.497791 -1.469105
v -0.580697 -0.472906 -1.499558
v -0.618171 -0.475517 -1.471096
v -0.600647 -0.458470 -1.500849
v -0.629927 -0.439476 -1.474318
v -0.608857 -0.433300 -1.503099
v -0.506806 -0.439476 -1.474318
v -0.527877 -0.433300 -1.503099
v -0.518563 -0.475517 -1.471096
v -0.536087 -0.458470 -1.500849
v -0.610406 -0.330304 -1.512306
v -0.620329 -0.360725 -1.509586
v -0.584424 -0.311502 -1.513987
v -0.552309 -0.311502 -1.513987
v -0.526328 -0.330304 -1.512306
v -0.516404 -0.360725 -1.509586
v -0.584424 -0.484333 -1.498537
v -0.552310 -0.484333 -1.498537
v -0.610406 -0.465532 -1.500218
v -0.620330 -0.435110 -1.502937
v -0.526328 -0.465532 -1.500218
v -0.516404 -0.435110 -1.502937
v -0.594138 -0.350660 -1.522718
v -0.600693 -0.370755 -1.520922
v -0.578210 -0.339135 -1.523748
v -0.558523 -0.339135 -1.523748
v -0.542596 -0.350660 -1.522718
v -0.536041 -0.370755 -1.520922
v -0.578210 -0.458870 -1.513045
v -0.558523 -0.458870 -1.513045
v -0.594138 -0.447345 -1.514075
v -0.600693 -0.427251 -1.515871
v -0.542596 -0.447345 -1.514075
v -0.536041 -0.427251 -1.515871
v 0.849594 0.167199 0.353103
v 1.967095 0.370540 0.353103
v 0.730148 0.823637 0.353103
v 1.847649 1.026978 0.353103
v 0.849594 0.167199 -0.601277
v 1.967095 0.370540 -0.601277
v 0.730148 0.823637 -0.601277
v 1.847649 1.026978 -0.601277
v 1.771436 1.004238 0.358003
v 1.779574 0.492075 0.358003
v 1.771436 1.004238 -0.608652
v 1.779574 0.492075 -0.608652
v -0.709053 -0.140081 0.616415
v -0.709053 -0.331418 0.628958
v -0.709053 -0.143497 0.806305
v 0.709053 -0.140081 0.616415
v 0.709053 -0.331418 0.628958
v 0.709053 -0.143497 0.806305
v -0.709053 -0.116109 1.031934
v -0.709053 -0.231624 1.155974
v -0.709053 -0.128504 1.102379
v -0.709053 -0.161884 1.143882
v 0.709053 -0.231624 1.155974
v 0.709053 -0.116109 1.031934
v 0.709053 -0.161884 1.143882
v 0.709053 -0.128504 1.102379
v -0.709053 -0.282825 1.150187
v -0.709053 -0.312330 1.118499
v 0.709053 -0.312330 1.118499
v 0.709053 -0.282825 1.150187
v 0.666109 -0.354941 0.606582
v -0.666109 -0.354941 0.606582
v -0.666109 -0.119875 0.594138
v 0.666109 -0.119875 0.594138
v 0.666109 -0.228785 1.189999
v -0.666109 -0.228785 1.189999
v -0.666109 -0.150037 1.173225
v 0.666109 -0.150037 1.173225
v -0.666109 -0.105037 1.115727
v 0.666109 -0.105037 1.115727
v -0.666109 -0.095677 1.033893
v 0.666109 -0.095677 1.033893
v 0.666109 -0.124989 0.805927
v -0.666109 -0.124989 0.805927
v -0.666109 -0.298176 1.182987
v 0.666109 -0.298176 1.182987
v 0.666109 -0.339053 1.140026
v -0.666109 -0.339053 1.140026
v 0.301717 0.198911 1.506092
v 0.760138 0.189869 1.436203
v 0.291990 0.646362 1.384401
v 0.750410 0.637321 1.314512
v -0.391062 0.198461 1.484335
v 0.064933 0.189404 1.568611
v -0.362669 0.649291 1.379157
v 0.093325 0.640234 1.463434
v 0.717259 -0.646980 0.889199
v 0.717259 -0.544093 0.786312
v 0.717259 -0.544093 0.558822
v 0.717259 -0.646980 0.455935
v 0.717259 -0.601075 0.870185
v 0.717259 -0.563107 0.832217
v 0.717259 -0.563107 0.512917
v 0.717259 -0.601075 0.474949
v 0.717259 -0.584976 -0.656927
v 0.717259 -0.584976 -1.090192
v 0.426072 0.982927 0.215558
v 0.426072 0.973558 -0.279717
v 0.161663 0.968244 0.940372
v 0.162465 0.920801 -1.055595
v 0.162661 -0.260505 1.584655
v 0.162726 0.117329 1.545754
v 0.162277 1.009339 -0.279717
v 0.162020 1.018299 0.215565
v 0.722163 -0.652904 -1.458252
v 0.841904 -0.652628 -1.337778
v 0.717259 -0.770440 -1.329807
v 0.781637 -0.652816 -1.441704
v 0.719396 -0.711645 -1.437724
v 0.776476 -0.709075 -1.421854
v 0.823140 -0.711406 -1.333345
v 0.825589 -0.652715 -1.397483
v 0.807420 -0.709003 -1.390721
v 0.717596 -0.754788 -1.390577
v 0.777388 -0.754650 -1.330419
v 0.775209 -0.739449 -1.388661
v 0.725014 -0.652903 1.452591
v 0.717259 -0.770440 1.324250
v 0.841904 -0.652628 1.310354
v 0.721344 -0.711645 1.432685
v 0.783585 -0.652816 1.425746
v 0.777588 -0.709074 1.406914
v 0.776867 -0.754651 1.314551
v 0.718498 -0.754788 1.385576
v 0.775584 -0.739448 1.373748
v 0.826491 -0.652715 1.373536
v 0.822619 -0.711406 1.309450
v 0.807795 -0.709003 1.370157
v 0.819767 0.589118 -1.259755
v 0.699449 0.589118 -1.372566
v 0.803647 0.589118 -1.320369
v 0.759608 0.589118 -1.356325
v 0.658873 0.687336 -1.338687
v 0.620785 0.840842 -1.189234
v 0.780494 0.690235 -1.216355
v 0.683606 0.736226 -1.300666
v 0.717992 0.688254 -1.320592
v 0.683217 0.804651 -1.187240
v 0.607344 0.804931 -1.246184
v 0.680775 0.782450 -1.249091
v 0.762108 0.689081 -1.276299
v 0.741525 0.749654 -1.197142
v 0.733685 0.737840 -1.256895
v 0.651409 0.743374 1.222420
v 0.772575 0.729176 1.084491
v 0.626313 0.892699 0.870815
v 0.493490 0.888499 1.076014
v 0.705952 0.750809 1.188500
v 0.602617 0.797969 1.182963
v 0.668934 0.802781 1.144350
v 0.738285 0.791270 1.004443
v 0.749975 0.745623 1.138330
v 0.714283 0.800559 1.090482
v 0.607313 0.890577 0.969408
v 0.684851 0.851090 0.933080
v 0.659440 0.853095 1.027516
v 0.544860 0.851046 1.129417
v 0.558780 0.889116 1.032277
v 0.612410 0.853261 1.087167
v 0.748627 0.117410 -1.482099
v 0.868611 0.117413 -1.361258
v 0.808619 0.117412 -1.465909
v 0.852536 0.117413 -1.421678
v 0.868611 -0.179122 -1.379775
v 0.748824 -0.179119 -1.500355
v 0.852563 -0.179121 -1.440065
v 0.808718 -0.179120 -1.484200
v 0.868611 0.117381 1.308758
v 0.751546 0.117371 1.450983
v 0.852927 0.117380 1.372974
v 0.810079 0.117376 1.425032
v 0.751597 -0.179144 1.489876
v 0.868611 -0.179142 1.348173
v 0.810104 -0.179143 1.463999
v 0.852934 -0.179142 1.412132
v 0.841904 -0.652628 0.215600
v 0.717259 -0.770440 0.215600
v 0.822773 -0.711534 0.215600
v 0.777149 -0.754656 0.215600
v 0.717259 -0.770440 -0.279752
v 0.841904 -0.652628 -0.279752
v 0.777149 -0.754656 -0.279752
v 0.822773 -0.711534 -0.279752
v 0.628412 0.897692 -0.279739
v 0.739467 0.792692 -0.279750
v 0.686699 0.854375 -0.279745
v 0.629973 0.899969 0.215585
v 0.687479 0.855514 0.215592
v 0.739675 0.792999 0.215597
v 0.162565 -0.770440 1.417105
v 0.162576 -0.652828 1.545824
v 0.162563 -0.754683 1.477936
v 0.162567 -0.711634 1.525050
v 0.162551 0.841013 -1.188844
v 0.162647 0.687336 -1.338687
v 0.162582 0.803844 -1.246683
v 0.162617 0.739477 -1.314517
v 0.162265 0.893109 1.141239
v 0.162431 0.853682 1.203290
v 0.717259 -0.770440 -1.090192
v 0.841904 -0.652628 -1.090192
v 0.845720 -0.584976 -1.090192
v 0.823055 -0.711436 -1.090192
v 0.777333 -0.754652 -1.090192
v 0.845720 -0.584976 -0.656927
v 0.717259 -0.770440 -0.656928
v 0.841904 -0.652628 -0.656927
v 0.822904 -0.711488 -0.656928
v 0.777235 -0.754654 -0.656928
v 0.848026 -0.544093 0.786312
v 0.846954 -0.563107 0.832217
v 0.846954 -0.563107 0.512917
v 0.848026 -0.544093 0.558822
v 0.844812 -0.601075 0.870185
v 0.844812 -0.601075 0.474949
v 0.842223 -0.646980 0.455935
v 0.842223 -0.646980 0.889199
v 0.822740 -0.711507 0.448125
v 0.777091 -0.754655 0.442904
v 0.717259 -0.770440 0.440993
v 0.717259 -0.770440 0.904141
v 0.822677 -0.711455 0.897002
v 0.776973 -0.754653 0.902230
v 0.867177 -0.204550 -0.607769
v 0.868611 0.117404 -0.607769
v 0.775350 0.715535 -0.607769
v 0.819767 0.589118 -0.607769
v 0.747068 0.764302 -0.607769
v 0.754265 0.764302 -0.279750
v 0.754468 0.764302 0.215598
v 0.754027 0.764302 0.371689
v 0.867177 -0.204550 0.215600
v 0.867177 -0.204550 0.371689
v 0.867177 -0.204550 -0.279752
v 0.819767 0.589118 0.371689
v 0.772575 0.729175 0.371689
v 0.868611 0.117392 0.371689
v 0.161741 0.996754 0.783345
v 0.772575 0.729175 0.534289
v 0.849278 0.304103 1.254710
v 0.819767 0.589118 0.534289
v 0.738924 0.792064 0.581428
v 0.854551 0.253176 1.217349
v 0.855512 0.243898 0.603808
v 0.851189 0.285650 0.544798
v 0.042751 0.786446 1.267517
v 0.162488 0.818169 1.230128
v 0.042913 0.741104 1.311821
v 0.081138 0.281306 1.498013
v 0.046248 0.310997 1.489368
v 0.067343 0.818977 1.236380
v 0.162712 0.276675 1.499361
v 0.732739 0.299417 1.399006
v 0.692697 0.246050 1.422011
v 0.448555 0.930817 0.956905
v 0.437137 0.959352 0.821815
v 0.588877 0.589118 -1.372566
v 0.541195 0.687336 -1.338687
v 0.557475 0.269892 -1.449412
v 0.598679 0.298977 -1.443177
v 0.580067 0.654453 -1.351449
v 0.586122 0.738917 -1.313912
v 0.250917 -0.179112 -1.500355
v 0.305329 -0.500095 -1.471831
v 0.305329 -0.216353 -1.497046
v 0.250917 -0.179112 -1.437254
v 0.305329 -0.216353 -1.433944
v 0.709405 0.525277 1.334519
v 0.684100 0.645268 1.282122
v 0.800859 0.645234 1.137064
v 0.826388 0.525175 1.190719
v 0.767892 0.525268 1.308007
v 0.742220 0.644835 1.254820
v 0.810713 0.525212 1.255378
v 0.784810 0.644891 1.201805
v 0.043599 0.644711 1.373070
v 0.044508 0.525877 1.426807
v -0.717259 -0.646980 0.889199
v -0.717259 -0.544093 0.786312
v -0.717259 -0.544093 0.558822
v -0.717259 -0.646980 0.455935
v -0.717259 -0.601075 0.870185
v -0.717259 -0.563107 0.832217
v -0.717259 -0.563107 0.512917
v -0.717259 -0.601075 0.474949
v -0.717259 -0.584976 -0.656927
v -0.717259 -0.584976 -1.090192
v -0.426072 0.982927 0.215558
v -0.426072 0.973558 -0.279717
v -0.161663 0.968244 0.940372
v -0.162465 0.920801 -1.055595
v -0.162661 -0.260505 1.584655
v -0.162726 0.117329 1.545754
v -0.162277 1.009339 -0.279717
v -0.162020 1.018299 0.215565
v -0.722163 -0.652904 -1.458252
v -0.841904 -0.652628 -1.337778
v -0.717259 -0.770440 -1.329807
v -0.781637 -0.652816 -1.441704
v -0.719396 -0.711645 -1.437724
v -0.776476 -0.709075 -1.421854
v -0.823140 -0.711406 -1.333345
v -0.825589 -0.652715 -1.397483
v -0.807420 -0.709003 -1.390721
v -0.717596 -0.754788 -1.390577
v -0.777388 -0.754650 -1.330419
v -0.775209 -0.739449 -1.388661
v -0.725014 -0.652903 1.452591
v -0.717259 -0.770440 1.324250
v -0.841904 -0.652628 1.310354
v -0.721344 -0.711645 1.432685
v -0.783585 -0.652816 1.425746
v -0.777588 -0.709074 1.406914
v -0.776867 -0.754651 1.314551
v -0.718498 -0.754788 1.385576
v -0.775584 -0.739448 1.373748
v -0.826491 -0.652715 1.373536
v -0.822619 -0.711406 1.309450
v -0.807795 -0.709003 1.370157
v -0.819767 0.589118 -1.259755
v -0.699449 0.589118 -1.372566
v -0.803647 0.589118 -1.320369
v -0.759608 0.589118 -1.356325
v -0.658873 0.687336 -1.338687
v -0.620785 0.840842 -1.189234
v -0.780494 0.690235 -1.216355
v -0.683606 0.736226 -1.300666
v -0.717992 0.688254 -1.320592
v -0.683217 0.804651 -1.187240
v -0.607344 0.804931 -1.246184
v -0.680775 0.782450 -1.249091
v -0.762108 0.689081 -1.276299
v -0.741525 0.749654 -1.197142
v -0.733685 0.737840 -1.256895
v -0.651409 0.743374 1.222420
v -0.772575 0.729176 1.084491
v -0.626313 0.892699 0.870815
v -0.493490 0.888499 1.076014
v -0.705952 0.750809 1.188500
v -0.602617 0.797969 1.182963
v -0.668934 0.802781 1.144350
v -0.738285 0.791270 1.004443
v -0.749975 0.745623 1.138330
v -0.714283 0.800559 1.090482
v -0.607313 0.890577 0.969408
v -0.684851 0.851090 0.933080
v -0.659440 0.853095 1.027516
v -0.544860 0.851046 1.129417
v -0.558780 0.889116 1.032277
v -0.612410 0.853261 1.087167
v -0.748627 0.117410 -1.482099
v -0.868611 0.117413 -1.361258
v -0.808619 0.117412 -1.465909
v -0.852536 0.117413 -1.421678
v -0.868611 -0.179122 -1.379775
v -0.748824 -0.179119 -1.500355
v -0.852563 -0.179121 -1.440065
v -0.808718 -0.179120 -1.484200
v -0.868611 0.117381 1.308758
v -0.751546 0.117371 1.450983
v -0.852927 0.117380 1.372974
v -0.810079 0.117376 1.425032
v -0.751597 -0.179144 1.489876
v -0.868611 -0.179142 1.348173
v -0.810104 -0.179143 1.463999
v -0.852934 -0.179142 1.412132
v -0.841904 -0.652628 0.215600
v -0.717259 -0.770440 0.215600
v -0.822773 -0.711534 0.215600
v -0.777149 -0.754656 0.215600
v -0.717259 -0.770440 -0.279752
v -0.841904 -0.652628 -0.279752
v -0.777149 -0.754656 -0.279752
v -0.822773 -0.711534 -0.279752
v -0.628412 0.897692 -0.279739
v -0.739467 0.792692 -0.279750
v -0.686699 0.854375 -0.279745
v -0.629973 0.899969 0.215585
v -0.687479 0.855514 0.215592
v -0.739675 0.792999 0.215597
v -0.162565 -0.770440 1.417105
v -0.162576 -0.652828 1.545824
v -0.162563 -0.754683 1.477936
v -0.162567 -0.711634 1.525050
v -0.162551 0.841013 -1.188844
v -0.162647 0.687336 -1.338687
v -0.162582 0.803844 -1.246683
v -0.162617 0.739477 -1.314517
v -0.162265 0.893109 1.141239
v -0.162431 0.853682 1.203290
v -0.717259 -0.770440 -1.090192
v -0.841904 -0.652628 -1.090192
v -0.845720 -0.584976 -1.090192
v -0.823055 -0.711436 -1.090192
v -0.777333 -0.754652 -1.090192
v -0.845720 -0.584976 -0.656927
v -0.717259 -0.770440 -0.656928
v -0.841904 -0.652628 -0.656927
v -0.822904 -0.711488 -0.656928
v -0.777235 -0.754654 -0.656928
v -0.848026 -0.544093 0.786312
v -0.846954 -0.563107 0.832217
v -0.846954 -0.563107 0.512917
v -0.848026 -0.544093 0.558822
v -0.844812 -0.601075 0.870185
v -0.844812 -0.601075 0.474949
v -0.842223 -0.646980 0.455935
v -0.842223 -0.646980 0.889199
v -0.822740 -0.711507 0.448125
v -0.777091 -0.754655 0.442904
v -0.717259 -0.770440 0.440993
v -0.717259 -0.770440 0.904141
v -0.822677 -0.711455 0.897002
v -0.776973 -0.754653 0.902230
v 0.000000 0.920801 -1.065694
v 0.000000 0.971466 0.940372
v 0.000000 -0.179109 -1.500356
v 0.000000 0.117389 -1.482103
v 0.000000 -0.260505 1.584655
v 0.000000 0.117329 1.545754
v 0.000000 1.009339 -0.279717
v 0.000000 1.018299 0.215565
v 0.000000 0.893109 1.141239
v 0.000000 0.853682 1.203290
v 0.000000 0.798044 1.265727
v 0.000000 0.741104 1.311821
v 0.000000 0.841013 -1.188844
v 0.000000 0.803844 -1.246683
v 0.000000 0.739477 -1.314517
v 0.000000 0.687336 -1.338687
v 0.000000 -0.770440 -1.329807
v 0.000000 -0.754693 -1.390206
v 0.000000 -0.711672 -1.437220
v 0.000000 -0.652904 -1.458252
v 0.000000 -0.770440 1.417105
v 0.000000 -0.754683 1.477936
v 0.000000 -0.711634 1.525050
v 0.000000 -0.652828 1.545824
v -0.867177 -0.204550 -0.279752
v -0.870206 0.117195 -0.279695
v -0.779044 0.719972 -0.279705
v -0.823730 0.588866 -0.279675
v -0.776118 0.724568 0.215675
v -0.867177 -0.204550 0.215600
v -0.822010 0.588977 0.215768
v -0.869513 0.117281 0.215736
v 0.000000 0.996754 0.783345
v -0.161741 0.996754 0.783345
v -0.772575 0.729175 0.534289
v -0.849278 0.304103 1.254710
v -0.819767 0.589118 0.534289
v -0.738924 0.792064 0.581428
v -0.854551 0.253176 1.217349
v -0.855512 0.243898 0.603808
v -0.851189 0.285650 0.544798
v -0.042751 0.786446 1.267517
v -0.162488 0.818169 1.230128
v -0.042913 0.741104 1.311821
v -0.081138 0.281306 1.498013
v -0.046248 0.310997 1.489368
v -0.067343 0.818977 1.236380
v -0.162712 0.276675 1.499361
v -0.732739 0.299417 1.399006
v -0.692697 0.246050 1.422011
v 0.000000 0.303283 1.491614
v -0.448555 0.930817 0.956905
v -0.437137 0.959352 0.821815
v 0.000000 0.272316 -1.448893
v -0.588877 0.589118 -1.372566
v -0.541195 0.687336 -1.338687
v -0.557475 0.269892 -1.449412
v -0.598679 0.298977 -1.443177
v -0.580067 0.654453 -1.351449
v -0.586122 0.738917 -1.313912
v -0.250917 -0.179112 -1.500355
v 0.000000 -0.500095 -1.471831
v -0.305329 -0.500095 -1.471831
v -0.305329 -0.216353 -1.497046
v -0.250917 -0.179112 -1.437254
v 0.000000 -0.179109 -1.437254
v -0.305329 -0.216353 -1.433944
v -0.709405 0.525277 1.334519
v -0.684100 0.645268 1.282122
v -0.800859 0.645234 1.137064
v -0.826388 0.525175 1.190719
v -0.767892 0.525268 1.308007
v -0.742220 0.644835 1.254820
v -0.810713 0.525212 1.255378
v -0.784810 0.644891 1.201805
v 0.000000 0.525877 1.426807
v 0.000000 0.644711 1.373070
v -0.043599 0.644711 1.373070
v -0.044508 0.525877 1.426807
v 0.717259 -0.632262 0.945300
v 0.717259 -0.487208 0.797626
v 0.717259 -0.487208 0.547508
v 0.717259 -0.632262 0.399834
v 0.717259 -0.568852 0.918409
v 0.717259 -0.514884 0.864440
v 0.717259 -0.514884 0.480694
v 0.717259 -0.568852 0.426725
v 0.717259 -0.543965 -0.615917
v 0.717259 -0.543965 -1.131203
v 0.411798 0.926713 0.215149
v 0.413574 0.917025 -0.276288
v 0.158442 0.912338 0.925273
v 0.158681 0.865557 -1.038344
v 0.158029 -0.260622 1.526841
v 0.158314 0.106069 1.489030
v 0.158348 0.951598 -0.275923
v 0.158179 0.960430 0.215008
v 0.714575 -0.640384 -1.402131
v 0.785455 -0.641605 -1.330299
v 0.707453 -0.714099 -1.320145
v 0.753301 -0.640380 -1.392650
v 0.712420 -0.680002 -1.389622
v 0.751120 -0.679642 -1.378788
v 0.774408 -0.680715 -1.326479
v 0.776218 -0.640917 -1.369426
v 0.763897 -0.679988 -1.365667
v 0.710763 -0.703978 -1.363458
v 0.749801 -0.704078 -1.323696
v 0.750237 -0.693237 -1.364071
v 0.708520 -0.640700 1.398342
v 0.705492 -0.714492 1.314499
v 0.785317 -0.641782 1.303705
v 0.706738 -0.680544 1.385960
v 0.749246 -0.641075 1.380504
v 0.746732 -0.680658 1.366861
v 0.748494 -0.704450 1.308331
v 0.707361 -0.704394 1.359112
v 0.747449 -0.694253 1.350735
v 0.775407 -0.641473 1.348479
v 0.773584 -0.681039 1.303338
v 0.762370 -0.680864 1.347604
v 0.764473 0.573440 -1.251956
v 0.691163 0.571228 -1.318021
v 0.757066 0.569452 -1.291956
v 0.732903 0.568537 -1.309133
v 0.651985 0.661557 -1.287191
v 0.604118 0.788269 -1.171287
v 0.729868 0.662820 -1.209333
v 0.665794 0.699347 -1.259600
v 0.694321 0.657941 -1.277179
v 0.649918 0.758627 -1.175545
v 0.599984 0.758996 -1.211549
v 0.657200 0.738104 -1.220083
v 0.720409 0.657765 -1.250918
v 0.697723 0.712429 -1.189422
v 0.696394 0.700203 -1.233302
v 0.632174 0.705387 1.183042
v 0.725093 0.697524 1.074131
v 0.599810 0.841184 0.868045
v 0.484976 0.835893 1.053126
v 0.678086 0.712710 1.154799
v 0.588601 0.753296 1.148732
v 0.646183 0.757083 1.116820
v 0.697745 0.750238 0.998384
v 0.707736 0.710936 1.118926
v 0.678713 0.757263 1.075514
v 0.586384 0.837329 0.959894
v 0.648151 0.806327 0.929464
v 0.631195 0.803961 1.015189
v 0.534296 0.803483 1.097954
v 0.544400 0.835361 1.015925
v 0.594001 0.802835 1.065209
v 0.740830 0.108901 -1.425260
v 0.811278 0.113393 -1.353468
v 0.780355 0.108899 -1.415984
v 0.803098 0.110743 -1.392093
v 0.811177 -0.177378 -1.371886
v 0.741062 -0.178122 -1.442886
v 0.802551 -0.177321 -1.410749
v 0.779660 -0.177631 -1.434028
v 0.811230 0.112916 1.301595
v 0.735295 0.105657 1.396554
v 0.801664 0.109374 1.347055
v 0.775550 0.106357 1.379754
v 0.735049 -0.180066 1.434296
v 0.811100 -0.177719 1.340802
v 0.775243 -0.179363 1.417648
v 0.801390 -0.178413 1.385552
v 0.784878 -0.642048 0.215556
v 0.702475 -0.714357 0.215600
v 0.773667 -0.680669 0.215554
v 0.748963 -0.703967 0.215598
v 0.702484 -0.714356 -0.279752
v 0.784894 -0.641961 -0.279753
v 0.748968 -0.703965 -0.279753
v 0.773743 -0.680549 -0.279755
v 0.603026 0.845601 -0.277306
v 0.691854 0.759584 -0.278907
v 0.648203 0.811015 -0.278374
v 0.601956 0.849186 0.215371
v 0.647699 0.813308 0.215488
v 0.691418 0.760828 0.215546
v 0.161308 -0.714290 1.402629
v 0.157898 -0.640443 1.489357
v 0.160209 -0.704013 1.449813
v 0.158602 -0.680005 1.476598
v 0.162326 0.791830 -1.158107
v 0.162619 0.662775 -1.286146
v 0.162585 0.758235 -1.210855
v 0.162597 0.705647 -1.267407
v 0.159201 0.841207 1.115534
v 0.158756 0.809012 1.166479
v 0.705956 -0.727412 -1.127402
v 0.800074 -0.644889 -1.129615
v 0.793966 -0.564779 -1.106850
v 0.785970 -0.688101 -1.128192
v 0.756064 -0.716360 -1.128206
v 0.793966 -0.564779 -0.640269
v 0.705927 -0.727413 -0.619724
v 0.800074 -0.644811 -0.617518
v 0.785858 -0.688091 -0.618926
v 0.755950 -0.716368 -0.618915
v 0.805396 -0.505426 0.793472
v 0.804178 -0.529740 0.852725
v 0.804178 -0.529740 0.492409
v 0.805396 -0.505426 0.551662
v 0.801760 -0.577659 0.901202
v 0.801760 -0.577659 0.443932
v 0.799458 -0.630202 0.420530
v 0.799463 -0.630132 0.924578
v 0.786094 -0.685043 0.411786
v 0.756344 -0.713825 0.407320
v 0.706417 -0.725141 0.406436
v 0.706379 -0.725142 0.938687
v 0.786043 -0.684944 0.933321
v 0.756206 -0.713830 0.937812
v 0.809221 -0.202320 -0.607785
v 0.810685 0.114481 -0.607794
v 0.723347 0.689858 -0.607144
v 0.763270 0.576003 -0.607679
v 0.696451 0.736007 -0.606652
v 0.702806 0.737554 -0.279173
v 0.702945 0.737669 0.215542
v 0.702640 0.737409 0.371563
v 0.809269 -0.201285 0.215600
v 0.809222 -0.202309 0.371701
v 0.809269 -0.201285 -0.279752
v 0.763093 0.576796 0.371689
v 0.719314 0.706216 0.371668
v 0.810685 0.114472 0.371708
v 0.158047 0.939189 0.777296
v 0.719615 0.705531 0.534264
v 0.792938 0.295228 1.244176
v 0.763077 0.576865 0.534289
v 0.693194 0.756390 0.581191
v 0.796860 0.247204 1.217349
v 0.797822 0.237926 0.603808
v 0.793499 0.279678 0.544798
v 0.038269 0.746510 1.225697
v 0.158413 0.778397 1.188110
v 0.040771 0.706276 1.265493
v 0.081138 0.265094 1.442326
v 0.046248 0.294784 1.433682
v 0.064748 0.779356 1.194104
v 0.158353 0.260418 1.443859
v 0.712417 0.282545 1.347371
v 0.683573 0.229641 1.367136
v 0.439677 0.875249 0.942861
v 0.424550 0.903018 0.816161
v 0.588194 0.572961 -1.316867
v 0.541163 0.663102 -1.285994
v 0.557475 0.257735 -1.392701
v 0.598123 0.286059 -1.386638
v 0.579840 0.633270 -1.297457
v 0.583206 0.704815 -1.267088
v 0.264596 -0.138440 -1.398236
v 0.307204 -0.497820 -1.413907
v 0.345427 -0.198349 -1.396104
v 0.687025 0.504057 1.285400
v 0.662567 0.615681 1.237125
v 0.749026 0.622756 1.123951
v 0.771790 0.510880 1.177353
v 0.734655 0.504767 1.265125
v 0.710927 0.615864 1.215510
v 0.761012 0.508439 1.230632
v 0.737884 0.619811 1.178724
v 0.043599 0.617157 1.322035
v 0.044508 0.505790 1.372397
v -0.717259 -0.632262 0.945300
v -0.717259 -0.487208 0.797626
v -0.717259 -0.487208 0.547508
v -0.717259 -0.632262 0.399834
v -0.717259 -0.568852 0.918409
v -0.717259 -0.514884 0.864440
v -0.717259 -0.514884 0.480694
v -0.717259 -0.568852 0.426725
v -0.717259 -0.543965 -0.615917
v -0.717259 -0.543965 -1.131203
v -0.411798 0.926713 0.215149
v -0.413574 0.917025 -0.276288
v -0.158442 0.912338 0.925273
v -0.158681 0.865557 -1.038344
v -0.158029 -0.260622 1.526841
v -0.158314 0.106069 1.489030
v -0.158348 0.951598 -0.275923
v -0.158179 0.960430 0.215008
v -0.714575 -0.640384 -1.402131
v -0.785455 -0.641605 -1.330299
v -0.707453 -0.714099 -1.320145
v -0.753301 -0.640380 -1.392650
v -0.712420 -0.680002 -1.389622
v -0.751120 -0.679642 -1.378788
v -0.774408 -0.680715 -1.326479
v -0.776218 -0.640917 -1.369426
v -0.763897 -0.679988 -1.365667
v -0.710763 -0.703978 -1.363458
v -0.749801 -0.704078 -1.323696
v -0.750237 -0.693237 -1.364071
v -0.708520 -0.640700 1.398342
v -0.705492 -0.714492 1.314499
v -0.785317 -0.641782 1.303705
v -0.706738 -0.680544 1.385960
v -0.749246 -0.641075 1.380504
v -0.746732 -0.680658 1.366861
v -0.748494 -0.704450 1.308331
v -0.707361 -0.704394 1.359112
v -0.747449 -0.694253 1.350735
v -0.775407 -0.641473 1.348479
v -0.773584 -0.681039 1.303338
v -0.762370 -0.680864 1.347604
v -0.764461 0.573531 -1.251877
v -0.691163 0.571228 -1.318021
v -0.757066 0.569452 -1.291956
v -0.732903 0.568537 -1.309133
v -0.651985 0.661557 -1.287191
v -0.604118 0.788269 -1.171287
v -0.729728 0.663099 -1.209264
v -0.665794 0.699347 -1.259600
v -0.694321 0.657941 -1.277179
v -0.649918 0.758627 -1.175545
v -0.599984 0.758996 -1.211549
v -0.657200 0.738104 -1.220083
v -0.720409 0.657765 -1.250918
v -0.697509 0.712688 -1.189407
v -0.696394 0.700203 -1.233302
v -0.632174 0.705387 1.183042
v -0.725093 0.697524 1.074131
v -0.599810 0.841184 0.868045
v -0.484976 0.835893 1.053126
v -0.678086 0.712710 1.154799
v -0.588601 0.753296 1.148732
v -0.646183 0.757083 1.116820
v -0.697745 0.750238 0.998384
v -0.707736 0.710936 1.118926
v -0.678713 0.757263 1.075514
v -0.586384 0.837329 0.959894
v -0.648151 0.806327 0.929464
v -0.631195 0.803961 1.015189
v -0.534296 0.803483 1.097954
v -0.544400 0.835361 1.015925
v -0.594001 0.802835 1.065209
v -0.740830 0.108901 -1.425260
v -0.811280 0.113460 -1.353418
v -0.780355 0.108899 -1.415984
v -0.803098 0.110743 -1.392093
v -0.811181 -0.177336 -1.371871
v -0.741062 -0.178122 -1.442886
v -0.802551 -0.177321 -1.410749
v -0.779660 -0.177631 -1.434028
v -0.811232 0.112912 1.301581
v -0.735295 0.105657 1.396554
v -0.801664 0.109374 1.347055
v -0.775550 0.106357 1.379754
v -0.735049 -0.180066 1.434296
v -0.811101 -0.177697 1.340795
v -0.775243 -0.179363 1.417648
v -0.801390 -0.178413 1.385552
v -0.784878 -0.642048 0.215556
v -0.702475 -0.714357 0.215600
v -0.773667 -0.680669 0.215554
v -0.748963 -0.703967 0.215598
v -0.702484 -0.714356 -0.279752
v -0.784894 -0.641961 -0.279753
v -0.748968 -0.703965 -0.279753
v -0.773743 -0.680549 -0.279755
v -0.603026 0.845601 -0.277306
v -0.692461 0.758728 -0.278930
v -0.648203 0.811015 -0.278374
v -0.601956 0.849186 0.215371
v -0.647699 0.813308 0.215488
v -0.691652 0.760479 0.215532
v -0.161308 -0.714290 1.402629
v -0.157898 -0.640443 1.489357
v -0.160209 -0.704013 1.449813
v -0.158602 -0.680005 1.476598
v -0.162326 0.791830 -1.158107
v -0.162619 0.662775 -1.286146
v -0.162585 0.758235 -1.210855
v -0.162597 0.705647 -1.267407
v -0.159201 0.841207 1.115534
v -0.158756 0.809012 1.166479
v -0.705956 -0.727412 -1.127402
v -0.800074 -0.644889 -1.129615
v -0.793966 -0.564779 -1.106850
v -0.785970 -0.688101 -1.128192
v -0.756064 -0.716360 -1.128206
v -0.793966 -0.564779 -0.640269
v -0.705927 -0.727413 -0.619724
v -0.800074 -0.644811 -0.617518
v -0.785858 -0.688091 -0.618926
v -0.755950 -0.716368 -0.618915
v -0.805396 -0.505426 0.793472
v -0.804178 -0.529740 0.852725
v -0.804178 -0.529740 0.492409
v -0.805396 -0.505426 0.551662
v -0.801760 -0.577659 0.901202
v -0.801760 -0.577659 0.443932
v -0.799458 -0.630202 0.420530
v -0.799463 -0.630132 0.924578
v -0.786094 -0.685043 0.411786
v -0.756344 -0.713825 0.407320
v -0.706417 -0.725141 0.406436
v -0.706379 -0.725142 0.938687
v -0.786043 -0.684944 0.933321
v -0.756206 -0.713830 0.937812
v 0.000000 0.866180 -1.046189
v 0.000000 0.915521 0.925071
v 0.000000 -0.140397 -1.394064
v 0.000000 0.109507 -1.424643
v 0.000000 -0.260618 1.526657
v 0.000000 0.106207 1.488832
v 0.000000 0.951465 -0.275922
v 0.000000 0.960302 0.214990
v 0.000000 0.841281 1.115205
v 0.000000 0.808727 1.166644
v 0.000000 0.757791 1.223971
v 0.000000 0.706242 1.265470
v 0.000000 0.791995 -1.157843
v 0.000000 0.758210 -1.210887
v 0.000000 0.705644 -1.267408
v 0.000000 0.662944 -1.286067
v 0.000000 -0.714295 -1.315258
v 0.000000 -0.703719 -1.362540
v 0.000000 -0.679651 -1.388862
v 0.000000 -0.640571 -1.401579
v 0.000000 -0.714294 1.402562
v 0.000000 -0.703698 1.450287
v 0.000000 -0.679606 1.476697
v 0.000000 -0.640222 1.489212
v -0.809207 -0.202715 -0.279759
v -0.812269 0.114485 -0.279699
v -0.726267 0.695920 -0.279383
v -0.767115 0.576273 -0.279620
v -0.722903 0.701506 0.215498
v -0.809207 -0.202731 0.215593
v -0.765327 0.576692 0.215524
v -0.811579 0.114528 0.215638
v 0.000000 0.939067 0.777337
v -0.158047 0.939189 0.777296
v -0.719645 0.705467 0.534036
v -0.792938 0.295228 1.244176
v -0.763073 0.576885 0.533956
v -0.693210 0.756371 0.581164
v -0.796869 0.247119 1.217334
v -0.797838 0.237773 0.603764
v -0.793501 0.279660 0.544603
v -0.038269 0.746510 1.225697
v -0.158413 0.778397 1.188110
v -0.040771 0.706276 1.265493
v -0.081138 0.265094 1.442326
v -0.046248 0.294784 1.433682
v -0.064748 0.779356 1.194104
v -0.158353 0.260418 1.443859
v -0.712417 0.282545 1.347371
v -0.683573 0.229641 1.367136
v 0.000000 0.287071 1.435928
v -0.439677 0.875249 0.942861
v -0.424550 0.903018 0.816161
v 0.000000 0.260160 -1.392181
v -0.588194 0.572961 -1.316867
v -0.541163 0.663102 -1.285994
v -0.557475 0.257735 -1.392701
v -0.598123 0.286059 -1.386638
v -0.579840 0.633270 -1.297457
v -0.583206 0.704815 -1.267088
v -0.264596 -0.138440 -1.398236
v 0.000000 -0.500695 -1.413835
v -0.307204 -0.497820 -1.413907
v -0.345427 -0.198349 -1.396104
v -0.687025 0.504057 1.285400
v -0.662567 0.615681 1.237125
v -0.749026 0.622756 1.123951
v -0.771790 0.510880 1.177353
v -0.734655 0.504767 1.265125
v -0.710927 0.615864 1.215510
v -0.761012 0.508439 1.230632
v -0.737884 0.619811 1.178724
v 0.000000 0.505772 1.372404
v 0.000000 0.617142 1.322042
v -0.043599 0.617157 1.322035
v -0.044508 0.505790 1.372397
v 0.651409 0.743374 1.196642
v 0.602617 0.797969 1.157185
v 0.042751 0.786446 1.241739
v 0.042913 0.741104 1.286043
v 0.081138 0.281306 1.472234
v 0.046248 0.310997 1.463590
v 0.067343 0.818977 1.210602
v 0.732739 0.299417 1.373228
v 0.692697 0.246050 1.396233
v 0.701215 0.564112 1.291783
v 0.684100 0.645268 1.256344
v 0.043599 0.644711 1.347292
v 0.044508 0.525877 1.401029
v 0.162021 0.816638 1.202759
v 0.490767 0.803920 1.171679
v 0.517531 0.257475 1.428853
v 0.188082 0.276141 1.464332
v 0.198828 0.308792 1.450308
v 0.533389 0.303205 1.409039
v 0.193469 0.513919 1.389049
v 0.527943 0.495387 1.350351
v 0.193398 0.621505 1.342146
v 0.525148 0.583611 1.313192
v 0.185204 0.722804 1.282334
v 0.519765 0.673073 1.268146
v 0.508013 0.754957 1.211013
v 0.175366 0.778417 1.234828
v 0.710587 0.488378 1.315580
v -0.651409 0.743374 1.196642
v -0.602617 0.797969 1.157185
v -0.042751 0.786446 1.241739
v -0.042913 0.741104 1.286043
v -0.081138 0.281306 1.472234
v -0.046248 0.310997 1.463590
v -0.067343 0.818977 1.210602
v -0.732739 0.299417 1.373228
v -0.692697 0.246050 1.396233
v -0.701215 0.564112 1.291783
v -0.684100 0.645268 1.256344
v -0.043599 0.644711 1.347292
v -0.044508 0.525877 1.401029
v -0.162021 0.816638 1.202759
v -0.490767 0.803920 1.171679
v -0.517531 0.257475 1.428853
v -0.188082 0.276141 1.464332
v -0.198828 0.308792 1.450308
v -0.533389 0.303205 1.409039
v -0.193469 0.513919 1.389049
v -0.527943 0.495387 1.350351
v -0.193398 0.621505 1.342146
v -0.525148 0.583611 1.313192
v -0.185204 0.722804 1.282334
v -0.519765 0.673073 1.268146
v -0.508013 0.754957 1.211013
v -0.175366 0.778417 1.234828
v -0.710587 0.488378 1.315580
v 0.759924 0.729176 1.084491
v 0.725634 0.791270 1.004443
v 0.759924 0.729175 0.534289
v 0.836627 0.304103 1.254710
v 0.807116 0.589118 0.534289
v 0.726273 0.792064 0.581428
v 0.841900 0.253176 1.217349
v 0.842861 0.243898 0.603808
v 0.838538 0.285650 0.544798
v 0.788208 0.645234 1.137064
v 0.813737 0.525175 1.190719
v -0.759924 0.729176 1.084491
v -0.725634 0.791270 1.004443
v -0.759924 0.729175 0.534289
v -0.836627 0.304103 1.254710
v -0.807116 0.589118 0.534289
v -0.726273 0.792064 0.581428
v -0.841900 0.253176 1.217349
v -0.842861 0.243898 0.603808
v -0.838538 0.285650 0.544798
v -0.788208 0.645234 1.137064
v -0.813737 0.525175 1.190719
v 0.162647 0.687336 -1.322741
v 0.588877 0.589118 -1.356620
v 0.541195 0.687336 -1.322741
v 0.557475 0.269892 -1.433466
v 0.598679 0.298977 -1.427231
v 0.580067 0.654453 -1.335503
v -0.162647 0.687336 -1.322741
v 0.000000 0.687336 -1.322741
v 0.000000 0.272316 -1.432946
v -0.588877 0.589118 -1.356620
v -0.541195 0.687336 -1.322741
v -0.557475 0.269892 -1.433466
v -0.598679 0.298977 -1.427231
v -0.580067 0.654453 -1.335503
v 0.373759 0.813086 1.189114
v 0.373759 0.561329 1.189114
v 0.689004 0.785625 1.122252
v 0.689004 0.561329 1.122252
v 0.000000 0.829097 1.190457
v -0.373759 0.813086 1.189114
v 0.000000 0.561329 1.190457
v -0.373759 0.561329 1.189114
v -0.689004 0.785625 1.122252
v -0.689004 0.561329 1.122252
v -0.283770 -0.724953 -1.340004
v 0.179811 -0.724953 -1.340004
v -0.283770 -0.790786 -1.300565
v 0.179811 -0.790786 -1.300565
v -0.283770 -0.818054 -1.205351
v 0.179811 -0.818054 -1.205351
v -0.283770 -0.790786 -1.110136
v 0.179811 -0.790786 -1.110136
v -0.283770 -0.724953 -1.070697
v 0.179811 -0.724953 -1.070697
v -0.283770 -0.659120 -1.110136
v 0.179810 -0.659120 -1.110136
v -0.283770 -0.631851 -1.205351
v 0.179811 -0.631851 -1.205351
v -0.283770 -0.659120 -1.300565
v 0.179811 -0.659120 -1.300565
v 0.179810 -0.718139 -1.184796
v 0.179810 -0.748720 -1.172937
v 0.179810 -0.774280 -1.193492
v 0.179810 -0.769260 -1.225906
v 0.179810 -0.738678 -1.237764
v 0.179810 -0.713118 -1.217209
v 0.275636 -0.721063 -1.187425
v 0.268600 -0.750322 -1.174378
v 0.253040 -0.772958 -1.192303
v 0.244516 -0.766336 -1.223276
v 0.251552 -0.737077 -1.236324
v 0.267112 -0.714440 -1.218398
v 0.333317 -0.780923 -1.243938
v 0.322922 -0.807631 -1.227985
v 0.292621 -0.819072 -1.233165
v 0.272716 -0.803805 -1.254296
v 0.283111 -0.777098 -1.270249
v 0.313412 -0.765657 -1.265070
v 0.343732 -0.822623 -1.318828
v 0.335282 -0.853396 -1.311249
v 0.303650 -0.862053 -1.310695
v 0.280468 -0.839938 -1.317722
v 0.288919 -0.809165 -1.325302
v 0.320551 -0.800507 -1.325855
v 0.341252 -0.822605 -1.509184
v 0.332950 -0.854336 -1.509076
v 0.301321 -0.863012 -1.508664
v 0.277994 -0.839956 -1.508361
v 0.286295 -0.808224 -1.508469
v 0.317925 -0.799549 -1.508880
v 0.298884 -0.738883 1.576816
v 0.298884 -0.667362 1.576816
v 0.468013 -0.686009 -1.505592
v 0.468013 -0.625096 -1.505592
v 0.377021 -0.738883 1.576816
v 0.377021 -0.667362 1.576816
v 0.546150 -0.686009 -1.505592
v 0.546150 -0.625096 -1.505592
v 0.298884 -0.794916 1.134575
v 0.298884 -0.625096 1.134575
v 0.377021 -0.794916 1.134575
v 0.377021 -0.625096 1.134575
v 0.298884 -0.625096 -0.659714
v 0.377021 -0.794916 -0.659714
v 0.298884 -0.794916 -0.659714
v 0.377021 -0.625096 -0.659714
v 0.457778 -0.625096 -1.082653
v 0.535915 -0.794916 -1.082653
v 0.457778 -0.794916 -1.082653
v 0.535915 -0.625096 -1.082653
v -0.298884 -0.738883 1.576816
v -0.298884 -0.667362 1.576816
v -0.468013 -0.686009 -1.505592
v -0.468013 -0.625096 -1.505592
v -0.377021 -0.738883 1.576816
v -0.377021 -0.667362 1.576816
v -0.546150 -0.686009 -1.505592
v -0.546150 -0.625096 -1.505592
v -0.298884 -0.794916 1.134575
v -0.298884 -0.625096 1.134575
v -0.377021 -0.794916 1.134575
v -0.377021 -0.625096 1.134575
v -0.298884 -0.625096 -0.659714
v -0.377021 -0.794916 -0.659714
v -0.298884 -0.794916 -0.659714
v -0.377021 -0.625096 -0.659714
v -0.457778 -0.625096 -1.082653
v -0.535915 -0.794916 -1.082653
v -0.457778 -0.794916 -1.082653
v -0.535915 -0.625096 -1.082653
v 0.673437 0.020001 1.443298
v 0.673437 0.238773 1.388405
v 0.393404 -0.025594 1.316263
v 0.393404 0.158849 1.236340
v 0.809859 -0.002797 1.364624
v 0.809859 0.215974 1.309731
v 0.652903 -0.048393 1.247065
v 0.652903 0.136051 1.167142
v -0.673437 0.020001 1.443298
v -0.673437 0.238773 1.388405
v -0.393404 -0.025594 1.316263
v -0.393404 0.158849 1.236340
v 0.000000 -0.004868 1.343471
v 0.000000 0.179575 1.263548
v 0.000000 0.040727 1.531457
v 0.000000 0.259499 1.476565
v -0.809859 -0.002797 1.364624
v -0.809859 0.215974 1.309731
v -0.652903 -0.048393 1.247065
v -0.652903 0.136051 1.167142
v 0.423919 0.185894 1.105766
v 0.423919 0.229268 1.089768
v 0.456361 0.189541 1.115655
v 0.456361 0.232916 1.099658
v 0.476411 0.199091 1.141547
v 0.476411 0.242465 1.125549
v 0.476411 0.210894 1.173550
v 0.476411 0.254268 1.157553
v 0.456361 0.220443 1.199442
v 0.456361 0.263818 1.183444
v 0.423919 0.224091 1.209331
v 0.423919 0.267465 1.193334
v 0.391478 0.220443 1.199442
v 0.391478 0.263818 1.183444
v 0.371428 0.210894 1.173550
v 0.371428 0.254268 1.157553
v 0.371428 0.199091 1.141547
v 0.371428 0.242465 1.125549
v 0.391478 0.189541 1.115655
v 0.391478 0.232916 1.099658
v 0.423919 0.136050 0.970622
v 0.541026 0.149217 1.006322
v 0.541026 0.186499 0.992572
v 0.423919 0.173332 0.956872
v 0.613403 0.183688 1.099785
v 0.613403 0.220970 1.086035
v 0.613403 0.226297 1.215312
v 0.613403 0.263579 1.201561
v 0.541026 0.260768 1.308775
v 0.541026 0.298050 1.295025
v 0.423919 0.273935 1.344474
v 0.423919 0.311216 1.330724
v 0.306812 0.260768 1.308775
v 0.306812 0.298050 1.295024
v 0.234436 0.226297 1.215312
v 0.234436 0.263579 1.201561
v 0.234436 0.183688 1.099785
v 0.234436 0.220970 1.086035
v 0.306812 0.149217 1.006322
v 0.306812 0.186499 0.992572
v 0.423919 0.188528 0.998072
v 0.515215 0.198792 1.025903
v 0.571639 0.225666 1.098766
v 0.571639 0.258883 1.188830
v 0.515215 0.285756 1.261693
v 0.423919 0.296021 1.289524
v 0.332624 0.285756 1.261693
v 0.276200 0.258883 1.188830
v 0.276200 0.225666 1.098766
v 0.332624 0.198792 1.025903
v 0.515215 0.161510 1.039654
v 0.423919 0.151246 1.011823
v 0.571639 0.188384 1.112517
v 0.571639 0.221601 1.202580
v 0.515215 0.248474 1.275443
v 0.423919 0.258739 1.303274
v 0.332624 0.248474 1.275443
v 0.276200 0.221601 1.202580
v 0.276200 0.188384 1.112517
v 0.332624 0.161510 1.039654
v 0.456361 0.198252 1.112443
v 0.456361 0.218113 1.105118
v 0.476411 0.207801 1.138334
v 0.476411 0.227662 1.131009
v 0.391478 0.229154 1.196229
v 0.391478 0.249015 1.188904
v 0.371428 0.219605 1.170337
v 0.371428 0.239465 1.163013
v 0.541701 0.176797 1.054270
v 0.561751 0.186346 1.080161
v 0.561751 0.206206 1.072836
v 0.541701 0.196657 1.046945
v 0.306138 0.250610 1.254402
v 0.286088 0.241060 1.228510
v 0.286088 0.260921 1.221186
v 0.306138 0.270470 1.247077
v 0.423919 -0.597500 1.419930
v 0.423919 0.199143 1.126111
v 0.451216 -0.581140 1.464288
v 0.451216 0.215504 1.170469
v 0.396623 -0.581140 1.464288
v 0.396623 0.215504 1.170469
v 0.095762 -0.825026 1.688173
v 0.134003 -0.458067 1.611691
v 0.095762 -0.825026 1.611691
v 0.095762 -0.458067 1.611691
v 0.172244 -0.825026 1.688173
v 0.134003 -0.825026 1.611691
v 0.172244 -0.825026 1.611691
v 0.172244 -0.458067 1.611691
v 0.095762 -0.494560 1.688173
v 0.095762 -0.458067 1.651680
v 0.095762 -0.468755 1.677485
v 0.172244 -0.458067 1.651680
v 0.172244 -0.494560 1.688173
v 0.172244 -0.468755 1.677485
v 0.134003 -0.825026 1.698231
v 0.134003 -0.458067 1.661739
v 0.134003 -0.468755 1.687543
v 0.134003 -0.494560 1.698231
v 0.333211 -0.521109 1.614401
v 0.333211 -0.548805 1.614401
v 0.333211 -0.568389 1.633985
v 0.333211 -0.568389 1.661680
v 0.333211 -0.548805 1.681264
v 0.333211 -0.521109 1.681264
v 0.333211 -0.501525 1.661681
v 0.333211 -0.501525 1.633985
v 0.362632 -0.554345 1.614401
v 0.377892 -0.531233 1.614401
v 0.351841 -0.570688 1.633985
v 0.351841 -0.570688 1.661681
v 0.362632 -0.554345 1.681264
v 0.377892 -0.531233 1.681264
v 0.388683 -0.514890 1.661680
v 0.388683 -0.514890 1.633985
v 0.388208 -0.582198 1.614401
v 0.413035 -0.569922 1.614401
v 0.370654 -0.590879 1.633985
v 0.370654 -0.590879 1.661680
v 0.388208 -0.582198 1.681264
v 0.413035 -0.569922 1.681264
v 0.430589 -0.561241 1.661680
v 0.430589 -0.561241 1.633985
v 0.395853 -0.627147 1.614401
v 0.423464 -0.624981 1.614401
v 0.376329 -0.628679 1.633985
v 0.376329 -0.628679 1.661681
v 0.395853 -0.627147 1.681264
v 0.423464 -0.624981 1.681265
v 0.442988 -0.623449 1.661681
v 0.442988 -0.623449 1.633985
v 0.395720 -0.680285 1.614401
v 0.423409 -0.680285 1.614401
v 0.376141 -0.680285 1.633985
v 0.376141 -0.680285 1.661681
v 0.395720 -0.680285 1.681264
v 0.423409 -0.680285 1.681265
v 0.442988 -0.680285 1.661681
v 0.442988 -0.680285 1.633985
v 0.401808 -0.696265 1.629103
v 0.417320 -0.696265 1.629103
v 0.390839 -0.696265 1.640075
v 0.390839 -0.696265 1.655591
v 0.401808 -0.696265 1.666562
v 0.417320 -0.696265 1.666562
v 0.428289 -0.696265 1.655591
v 0.428289 -0.696265 1.640075
v 0.748083 -0.765029 1.545775
v 0.748083 -0.704559 1.545775
v 0.732377 -0.817781 1.497255
v 0.732377 -0.651504 1.497255
v 0.831726 -0.765029 1.492176
v 0.831726 -0.704559 1.492176
v 0.788078 -0.817781 1.460670
v 0.788078 -0.651504 1.460670
v 0.884543 -0.765029 1.429746
v 0.884543 -0.704559 1.429746
v 0.828164 -0.817781 1.412209
v 0.828164 -0.651504 1.412209
v 0.943327 -0.765029 1.274156
v 0.943327 -0.704559 1.274156
v 0.890036 -0.817781 1.279415
v 0.890036 -0.651504 1.279415
v 0.920580 -0.728886 1.117516
v 0.920580 -0.694398 1.117516
v 0.890036 -0.741458 1.083527
v 0.890036 -0.676606 1.087997
v 0.419249 -0.817781 1.564938
v 0.419249 -0.651504 1.564938
v 0.417754 -0.765029 1.622014
v 0.417754 -0.704559 1.622014
v 0.752062 -0.719295 -1.550315
v 0.752062 -0.638762 -1.550315
v 0.736356 -0.789549 -1.501796
v 0.736356 -0.568105 -1.501796
v 0.843664 -0.719295 -1.500696
v 0.843664 -0.638762 -1.500696
v 0.800015 -0.789549 -1.469190
v 0.800015 -0.568105 -1.469190
v 0.887196 -0.719295 -1.415717
v 0.887196 -0.638762 -1.415717
v 0.837449 -0.789549 -1.403485
v 0.837449 -0.568105 -1.403485
v 0.904862 -0.719295 -1.266713
v 0.904862 -0.638762 -1.266713
v 0.851570 -0.789549 -1.252896
v 0.851570 -0.568105 -1.252896
v 0.659246 -0.789549 -1.507586
v 0.659246 -0.568105 -1.507586
v 0.657858 -0.719295 -1.559924
v 0.657858 -0.638762 -1.559924
v 0.890036 -0.792046 1.162427
v 0.890036 -0.655845 1.135314
v -0.095762 -0.825026 1.688173
v -0.134003 -0.458067 1.611691
v -0.095762 -0.825026 1.611691
v -0.095762 -0.458067 1.611691
v -0.172244 -0.825026 1.688173
v -0.134003 -0.825026 1.611691
v -0.172244 -0.825026 1.611691
v -0.172244 -0.458067 1.611691
v -0.095762 -0.494560 1.688173
v -0.095762 -0.458067 1.651680
v -0.095762 -0.468756 1.677485
v -0.172244 -0.458067 1.651680
v -0.172244 -0.494560 1.688173
v -0.172244 -0.468756 1.677485
v -0.134003 -0.825026 1.698231
v -0.134003 -0.458067 1.661739
v -0.134003 -0.468756 1.687543
v -0.134003 -0.494560 1.698231
v 0.000000 -0.521109 1.614401
v -0.333211 -0.521109 1.614401
v 0.000000 -0.548805 1.614401
v -0.333211 -0.548805 1.614401
v -0.000000 -0.568389 1.633985
v -0.333211 -0.568389 1.633985
v -0.000000 -0.568389 1.661681
v -0.333211 -0.568389 1.661681
v 0.000000 -0.548805 1.681264
v -0.333211 -0.548805 1.681264
v 0.000000 -0.521109 1.681264
v -0.333211 -0.521109 1.681264
v 0.000000 -0.501525 1.661681
v -0.333211 -0.501525 1.661681
v -0.000000 -0.501525 1.633985
v -0.333211 -0.501525 1.633985
v -0.362632 -0.554345 1.614401
v -0.377892 -0.531233 1.614401
v -0.351841 -0.570688 1.633985
v -0.351841 -0.570688 1.661681
v -0.362632 -0.554345 1.681264
v -0.377892 -0.531233 1.681264
v -0.388683 -0.514890 1.661681
v -0.388683 -0.514890 1.633985
v -0.388208 -0.582198 1.614401
v -0.413035 -0.569922 1.614401
v -0.370654 -0.590879 1.633985
v -0.370654 -0.590879 1.661681
v -0.388208 -0.582198 1.681264
v -0.413035 -0.569922 1.681264
v -0.430589 -0.561241 1.661681
v -0.430589 -0.561241 1.633985
v -0.395853 -0.627147 1.614401
v -0.423464 -0.624981 1.614401
v -0.376329 -0.628679 1.633985
v -0.376329 -0.628679 1.661681
v -0.395853 -0.627147 1.681265
v -0.423464 -0.624981 1.681265
v -0.442988 -0.623450 1.661681
v -0.442988 -0.623450 1.633985
v -0.395720 -0.680285 1.614401
v -0.423409 -0.680285 1.614401
v -0.376141 -0.680285 1.633985
v -0.376141 -0.680285 1.661681
v -0.395720 -0.680285 1.681265
v -0.423409 -0.680285 1.681265
v -0.442988 -0.680285 1.661681
v -0.442988 -0.680285 1.633985
v -0.401808 -0.696265 1.629103
v -0.417320 -0.696265 1.629103
v -0.390839 -0.696265 1.640075
v -0.390839 -0.696265 1.655591
v -0.401808 -0.696265 1.666562
v -0.417320 -0.696265 1.666562
v -0.428289 -0.696265 1.655591
v -0.428289 -0.696265 1.640075
v 0.000000 -0.765030 1.663479
v 0.000000 -0.704559 1.663479
v 0.000000 -0.817781 1.606121
v 0.000000 -0.651504 1.606121
v -0.748083 -0.765030 1.545775
v -0.748083 -0.704559 1.545775
v -0.732377 -0.817781 1.497255
v -0.732377 -0.651504 1.497255
v -0.831726 -0.765030 1.492176
v -0.831726 -0.704559 1.492176
v -0.788078 -0.817781 1.460670
v -0.788078 -0.651504 1.460670
v -0.884543 -0.765030 1.429746
v -0.884543 -0.704559 1.429746
v -0.828165 -0.817781 1.412209
v -0.828165 -0.651504 1.412209
v -0.943327 -0.765029 1.274156
v -0.943327 -0.704559 1.274156
v -0.890036 -0.817781 1.279415
v -0.890036 -0.651504 1.279415
v -0.920580 -0.728886 1.117516
v -0.920580 -0.694398 1.117516
v -0.890036 -0.741458 1.083527
v -0.890036 -0.676606 1.087997
v -0.419249 -0.817781 1.564938
v -0.419249 -0.651504 1.564938
v -0.417754 -0.765030 1.622014
v -0.417754 -0.704559 1.622014
v 0.000000 -0.719295 -1.568264
v 0.000000 -0.638762 -1.568264
v 0.000000 -0.789549 -1.510906
v 0.000000 -0.568105 -1.510906
v -0.752062 -0.719295 -1.550315
v -0.752062 -0.638762 -1.550315
v -0.736356 -0.789549 -1.501796
v -0.736356 -0.568105 -1.501796
v -0.843664 -0.719295 -1.500696
v -0.843664 -0.638762 -1.500696
v -0.800016 -0.789549 -1.469190
v -0.800016 -0.568105 -1.469190
v -0.887196 -0.719295 -1.415717
v -0.887196 -0.638762 -1.415717
v -0.837449 -0.789549 -1.403486
v -0.837449 -0.568105 -1.403486
v -0.904862 -0.719295 -1.266713
v -0.904862 -0.638762 -1.266713
v -0.851570 -0.789549 -1.252896
v -0.851570 -0.568105 -1.252896
v -0.659246 -0.789549 -1.507586
v -0.659246 -0.568105 -1.507586
v -0.657858 -0.719295 -1.559924
v -0.657858 -0.638762 -1.559924
v -0.890036 -0.792046 1.162427
v -0.890036 -0.655845 1.135314
vt 0.085231 0.904653
vt 0.079991 0.904653
vt 0.079991 0.823181
vt 0.085231 0.823181
vt 0.085231 0.817941
vt 0.124334 0.817941
vt 0.124334 0.823181
vt 0.129574 0.823181
vt 0.129574 0.904653
vt 0.124334 0.904653
vt 0.124334 0.909893
vt 0.085231 0.909893
vt 0.346873 0.845930
vt 0.385975 0.845930
vt 0.385975 0.927402
vt 0.346873 0.927402
vt 0.757336 0.658393
vt 0.767580 0.658393
vt 0.767580 0.800217
vt 0.757336 0.800217
vt 0.188803 0.963875
vt 0.178558 0.963875
vt 0.178558 0.926291
vt 0.188803 0.926291
vt 0.815409 0.800217
vt 0.805165 0.800217
vt 0.805165 0.658393
vt 0.815409 0.658393
vt 0.301368 0.939927
vt 0.301368 0.929683
vt 0.338953 0.929683
vt 0.338953 0.939927
vt 0.852994 0.800217
vt 0.852994 0.658393
vt 0.818382 0.898449
vt 0.833084 0.906891
vt 0.827856 0.909893
vt 0.810024 0.899654
vt 0.833084 0.912896
vt 0.838314 0.909893
vt 0.827250 0.916245
vt 0.822022 0.913243
vt 0.822022 0.919247
vt 0.816793 0.916245
vt 0.807652 0.927499
vt 0.805346 0.922818
vt 0.805346 0.909672
vt 0.807652 0.904992
vt 0.833084 0.919595
vt 0.827856 0.922597
vt 0.838314 0.922598
vt 0.833084 0.925599
vt 0.818382 0.934041
vt 0.810024 0.932836
vt 0.987539 0.417983
vt 0.983063 0.417983
vt 0.983063 0.404783
vt 0.987539 0.404783
vt 0.987539 0.317108
vt 0.983063 0.317108
vt 0.983063 0.311078
vt 0.987539 0.311078
vt 0.987539 0.475505
vt 0.983063 0.475505
vt 0.983063 0.467061
vt 0.987539 0.467061
vt 0.987539 0.363068
vt 0.983063 0.363068
vt 0.983063 0.342506
vt 0.987539 0.342506
vt 0.987539 0.492459
vt 0.983063 0.492459
vt 0.987539 0.298321
vt 0.983063 0.298321
vt 0.983063 0.291593
vt 0.987539 0.291593
vt 0.987539 0.391583
vt 0.983063 0.391583
vt 0.983063 0.386366
vt 0.987539 0.386366
vt 0.983063 0.446499
vt 0.987539 0.446499
vt 0.987539 0.334062
vt 0.983063 0.334062
vt 0.987539 0.439771
vt 0.983063 0.439771
vt 0.983063 0.423201
vt 0.987539 0.423201
vt 0.983063 0.285563
vt 0.987539 0.285563
vt 0.983063 0.305048
vt 0.987539 0.305048
vt 0.983063 0.369795
vt 0.987539 0.369795
vt 0.987539 0.498489
vt 0.983063 0.498489
vt 0.879684 0.152704
vt 0.897838 0.152704
vt 0.897838 0.173035
vt 0.879684 0.173035
vt 0.132337 0.883320
vt 0.150492 0.883320
vt 0.150492 0.894346
vt 0.132337 0.894346
vt 0.970970 0.502697
vt 0.970970 0.466520
vt 0.975287 0.466520
vt 0.975287 0.502697
vt 0.209309 0.894346
vt 0.191154 0.894346
vt 0.191154 0.883320
vt 0.209309 0.883320
vt 0.170823 0.923527
vt 0.170823 0.912501
vt 0.191154 0.912501
vt 0.191154 0.923527
vt 0.170823 0.894346
vt 0.170823 0.883320
vt 0.150492 0.923527
vt 0.150492 0.912501
vt 0.985550 0.752494
vt 0.985549 0.716318
vt 0.989866 0.716318
vt 0.989867 0.752494
vt 0.879684 0.132372
vt 0.897838 0.132372
vt 0.172443 0.897399
vt 0.172443 0.909448
vt 0.187819 0.897399
vt 0.187819 0.909448
vt 0.153826 0.897399
vt 0.153826 0.909448
vt 0.169203 0.897399
vt 0.169203 0.909448
vt 0.949970 0.807794
vt 0.913794 0.807794
vt 0.913794 0.761626
vt 0.949970 0.761626
vt 0.884876 0.380005
vt 0.848699 0.380005
vt 0.848699 0.333837
vt 0.884876 0.333837
vt 0.985549 0.670150
vt 0.989866 0.670150
vt 0.970970 0.585041
vt 0.970970 0.548865
vt 0.975287 0.548865
vt 0.975287 0.585041
vt 0.985549 0.633973
vt 0.985549 0.587805
vt 0.989867 0.587805
vt 0.989866 0.633973
vt 0.970970 0.420352
vt 0.975287 0.420352
vt 0.889138 0.321171
vt 0.880530 0.321171
vt 0.880530 0.188941
vt 0.889138 0.188941
vt 0.880530 0.180333
vt 0.840960 0.188941
vt 0.840960 0.180333
vt 0.832352 0.188941
vt 0.840960 0.321171
vt 0.832352 0.321171
vt 0.840960 0.329779
vt 0.880530 0.329779
vt 0.404399 0.882075
vt 0.404399 0.842505
vt 0.536629 0.842505
vt 0.536629 0.882075
vt 0.989034 0.253889
vt 0.989034 0.205788
vt 0.993708 0.205788
vt 0.993708 0.253889
vt 0.941370 0.101450
vt 0.923063 0.056969
vt 0.926385 0.058228
vt 0.944403 0.100201
vt 0.990303 0.510077
vt 0.990303 0.464401
vt 0.994977 0.464401
vt 0.994977 0.510077
vt 0.950072 0.828346
vt 0.932055 0.870319
vt 0.928732 0.871578
vt 0.947040 0.827098
vt 0.993708 0.257168
vt 0.989034 0.257168
vt 0.989034 0.147292
vt 0.993708 0.147292
vt 0.941282 0.001382
vt 0.944403 0.002389
vt 0.990303 0.405727
vt 0.994977 0.405727
vt 0.950072 0.926158
vt 0.946951 0.927166
vt 0.993708 0.144012
vt 0.989034 0.144012
vt 0.173043 0.963639
vt 0.173043 0.926303
vt 0.175795 0.926303
vt 0.175795 0.963639
vt 0.165366 0.963639
vt 0.165366 0.926303
vt 0.167829 0.926291
vt 0.167829 0.963626
vt 0.170580 0.926291
vt 0.170580 0.963626
vt 0.700466 0.371190
vt 0.682957 0.371190
vt 0.682957 0.364869
vt 0.700466 0.364869
vt 0.473304 0.931935
vt 0.490812 0.931935
vt 0.490812 0.934157
vt 0.473304 0.934157
vt 0.490812 0.940478
vt 0.473304 0.940478
vt 0.490812 0.942700
vt 0.473304 0.942700
vt 0.471081 0.934157
vt 0.471081 0.940478
vt 0.493035 0.934157
vt 0.493035 0.940478
vt 0.931389 0.955908
vt 0.931389 0.953252
vt 0.939641 0.953252
vt 0.939642 0.955908
vt 0.942298 0.953252
vt 0.939642 0.942919
vt 0.942298 0.942919
vt 0.939642 0.940262
vt 0.931389 0.942919
vt 0.931389 0.940262
vt 0.928732 0.942919
vt 0.928732 0.953252
vt 0.939642 0.929929
vt 0.931389 0.929929
vt 0.989034 0.253889
vt 0.989034 0.205788
vt 0.993708 0.205788
vt 0.993708 0.253889
vt 0.941370 0.101450
vt 0.923063 0.056969
vt 0.926385 0.058228
vt 0.944403 0.100201
vt 0.990303 0.510077
vt 0.990303 0.464401
vt 0.994977 0.464401
vt 0.994977 0.510077
vt 0.950072 0.828346
vt 0.932055 0.870319
vt 0.928732 0.871578
vt 0.947040 0.827098
vt 0.993708 0.257168
vt 0.989034 0.257168
vt 0.989034 0.147292
vt 0.993708 0.147292
vt 0.941282 0.001382
vt 0.944403 0.002389
vt 0.990303 0.405727
vt 0.994977 0.405727
vt 0.950072 0.926158
vt 0.946951 0.927166
vt 0.993708 0.144012
vt 0.989034 0.144012
vt 0.173043 0.963639
vt 0.173043 0.926303
vt 0.175795 0.926303
vt 0.175795 0.963639
vt 0.165366 0.963639
vt 0.165366 0.926303
vt 0.167829 0.926291
vt 0.167829 0.963626
vt 0.170580 0.926291
vt 0.170580 0.963626
vt 0.700466 0.371190
vt 0.682957 0.371190
vt 0.682957 0.364869
vt 0.700466 0.364869
vt 0.473304 0.931935
vt 0.490812 0.931935
vt 0.490812 0.934157
vt 0.473304 0.934157
vt 0.490812 0.940478
vt 0.473304 0.940478
vt 0.490812 0.942700
vt 0.473304 0.942700
vt 0.471081 0.934157
vt 0.471081 0.940478
vt 0.493035 0.934157
vt 0.493035 0.940478
vt 0.931389 0.955908
vt 0.931389 0.953252
vt 0.939641 0.953252
vt 0.939642 0.955908
vt 0.942298 0.953252
vt 0.939642 0.942919
vt 0.942298 0.942919
vt 0.939642 0.940262
vt 0.931389 0.942919
vt 0.931389 0.940262
vt 0.928732 0.942919
vt 0.928732 0.953252
vt 0.939642 0.929929
vt 0.931389 0.929929
vt 0.571656 0.811736
vt 0.571656 0.658393
vt 0.661732 0.658393
vt 0.661732 0.811736
vt 0.664496 0.811736
vt 0.754572 0.811736
vt 0.754572 0.658393
vt 0.664496 0.658393
vt 0.235989 0.843166
vt 0.235989 0.774014
vt 0.366491 0.774014
vt 0.366491 0.843166
vt 0.194952 0.880556
vt 0.132337 0.880556
vt 0.132337 0.817941
vt 0.194952 0.817941
vt 0.194952 0.880556
vt 0.132337 0.880556
vt 0.132337 0.817941
vt 0.194952 0.817941
vt 0.890009 0.920567
vt 0.892159 0.870376
vt 0.925969 0.870376
vt 0.925969 0.920567
vt 0.895847 0.827098
vt 0.925969 0.827098
vt 0.925969 0.870376
vt 0.892159 0.870376
vt 0.925969 0.827098
vt 0.895847 0.827098
vt 0.395022 0.856398
vt 0.390347 0.855591
vt 0.393167 0.843987
vt 0.394838 0.844393
vt 0.394797 0.842557
vt 0.397152 0.842505
vt 0.397193 0.844341
vt 0.396850 0.919253
vt 0.401635 0.919419
vt 0.399240 0.932647
vt 0.397196 0.932495
vt 0.397247 0.934561
vt 0.394991 0.934617
vt 0.394939 0.932552
vt 0.394715 0.919288
vt 0.997835 0.601179
vt 0.995628 0.601049
vt 0.996411 0.587805
vt 0.998618 0.587935
vt 0.994837 0.651856
vt 0.992630 0.651726
vt 0.393621 0.869001
vt 0.395805 0.868688
vt 0.400751 0.868801
vt 0.392882 0.932810
vt 0.389786 0.919635
vt 0.397042 0.856099
vt 0.401635 0.855787
vt 0.998618 0.664067
vt 0.996411 0.663936
vt 0.388808 0.868718
vt 0.998201 0.676029
vt 0.995994 0.675899
vt 0.398898 0.843947
vt 0.395022 0.856398
vt 0.394838 0.844393
vt 0.393167 0.843987
vt 0.390347 0.855591
vt 0.397193 0.844341
vt 0.397152 0.842505
vt 0.394797 0.842557
vt 0.396850 0.919253
vt 0.397196 0.932495
vt 0.399240 0.932647
vt 0.401635 0.919419
vt 0.394939 0.932552
vt 0.394991 0.934617
vt 0.397247 0.934561
vt 0.394715 0.919288
vt 0.997835 0.601179
vt 0.998618 0.587935
vt 0.996411 0.587805
vt 0.995628 0.601049
vt 0.994837 0.651856
vt 0.992630 0.651726
vt 0.393621 0.869001
vt 0.395805 0.868688
vt 0.400751 0.868801
vt 0.389786 0.919635
vt 0.392882 0.932810
vt 0.397042 0.856099
vt 0.401635 0.855787
vt 0.998618 0.664067
vt 0.996411 0.663936
vt 0.388808 0.868718
vt 0.998201 0.676029
vt 0.995994 0.675899
vt 0.398898 0.843947
vt 0.938777 0.327363
vt 0.925968 0.327097
vt 0.925958 0.318929
vt 0.938768 0.319196
vt 0.938786 0.302834
vt 0.925918 0.302552
vt 0.925788 0.294241
vt 0.938940 0.294567
vt 0.925163 0.285563
vt 0.939698 0.285776
vt 0.939638 0.417889
vt 0.925103 0.417676
vt 0.925861 0.408884
vt 0.939013 0.409211
vt 0.926015 0.400617
vt 0.938883 0.400900
vt 0.926036 0.392427
vt 0.938854 0.392697
vt 0.926032 0.384256
vt 0.938842 0.384522
vt 0.926024 0.376089
vt 0.938833 0.376355
vt 0.926015 0.367924
vt 0.938824 0.368189
vt 0.926005 0.359758
vt 0.938814 0.360024
vt 0.925996 0.351593
vt 0.938805 0.351859
vt 0.925986 0.343428
vt 0.938795 0.343693
vt 0.925977 0.335262
vt 0.938786 0.335528
vt 0.938765 0.311025
vt 0.925947 0.310755
vt 0.613784 0.925529
vt 0.616741 0.918390
vt 0.622205 0.912925
vt 0.629345 0.909968
vt 0.637072 0.909968
vt 0.644212 0.912925
vt 0.649676 0.918390
vt 0.652634 0.925529
vt 0.652634 0.933257
vt 0.649676 0.940397
vt 0.644212 0.945861
vt 0.637073 0.948818
vt 0.629345 0.948818
vt 0.622205 0.945861
vt 0.616741 0.940397
vt 0.613784 0.933257
vt 0.686174 0.919857
vt 0.689183 0.922848
vt 0.686028 0.925039
vt 0.684103 0.923095
vt 0.674087 0.937969
vt 0.678016 0.939575
vt 0.677015 0.944522
vt 0.671273 0.942155
vt 0.682266 0.939560
vt 0.683225 0.944523
vt 0.686199 0.937937
vt 0.688978 0.942156
vt 0.689204 0.934936
vt 0.693386 0.937765
vt 0.690824 0.931012
vt 0.695769 0.932020
vt 0.690813 0.926770
vt 0.695769 0.925806
vt 0.693390 0.920061
vt 0.688988 0.915670
vt 0.682243 0.918250
vt 0.683244 0.913303
vt 0.677996 0.918266
vt 0.677036 0.913305
vt 0.674065 0.919890
vt 0.671285 0.915673
vt 0.671060 0.922892
vt 0.666879 0.920065
vt 0.669441 0.926816
vt 0.664496 0.925808
vt 0.669451 0.931058
vt 0.664496 0.932020
vt 0.671079 0.934979
vt 0.666873 0.937765
vt 0.678686 0.935780
vt 0.676153 0.934734
vt 0.674233 0.932791
vt 0.673224 0.930244
vt 0.673222 0.927497
vt 0.674290 0.924977
vt 0.676249 0.923060
vt 0.678813 0.922057
vt 0.681573 0.922039
vt 0.687041 0.927587
vt 0.687043 0.930332
vt 0.685975 0.932851
vt 0.684016 0.934767
vt 0.681453 0.935769
vt 0.940843 0.311028
vt 0.940845 0.319195
vt 0.923880 0.318932
vt 0.923866 0.310761
vt 0.940868 0.302856
vt 0.923826 0.302575
vt 0.941025 0.294678
vt 0.923667 0.294345
vt 0.941831 0.286287
vt 0.922970 0.286036
vt 0.941134 0.409106
vt 0.941831 0.417415
vt 0.922970 0.417164
vt 0.923775 0.408774
vt 0.940974 0.400877
vt 0.923932 0.400595
vt 0.940935 0.392691
vt 0.923958 0.392424
vt 0.940920 0.384520
vt 0.923955 0.384256
vt 0.940910 0.376353
vt 0.923947 0.376091
vt 0.940900 0.368187
vt 0.923938 0.367925
vt 0.940891 0.360022
vt 0.923929 0.359760
vt 0.940881 0.351857
vt 0.923919 0.351595
vt 0.940872 0.343692
vt 0.923910 0.343430
vt 0.940863 0.335526
vt 0.923900 0.335264
vt 0.940854 0.327361
vt 0.923891 0.327098
vt 0.602084 0.945861
vt 0.594945 0.948818
vt 0.587217 0.948818
vt 0.580077 0.945861
vt 0.574613 0.940397
vt 0.571656 0.933257
vt 0.571656 0.925529
vt 0.574613 0.918390
vt 0.580077 0.912925
vt 0.587217 0.909968
vt 0.594944 0.909968
vt 0.602084 0.912925
vt 0.607548 0.918390
vt 0.610506 0.925529
vt 0.610506 0.933257
vt 0.607549 0.940397
vt 0.883984 0.457524
vt 0.886565 0.457524
vt 0.886565 0.464165
vt 0.883984 0.464165
vt 0.886565 0.470805
vt 0.883984 0.470805
vt 0.886565 0.477445
vt 0.883984 0.477445
vt 0.886565 0.484086
vt 0.883984 0.484086
vt 0.886565 0.490726
vt 0.883984 0.490726
vt 0.886565 0.497367
vt 0.883984 0.497367
vt 0.886565 0.504007
vt 0.883984 0.504007
vt 0.886565 0.510647
vt 0.883984 0.510647
vt 0.881511 0.651458
vt 0.874255 0.653815
vt 0.867000 0.651458
vt 0.862516 0.645286
vt 0.862516 0.637657
vt 0.867000 0.631485
vt 0.874256 0.629127
vt 0.881511 0.631485
vt 0.885995 0.637657
vt 0.885995 0.645286
vt 0.883984 0.444244
vt 0.886565 0.444244
vt 0.886565 0.450884
vt 0.883984 0.450884
vt 0.918295 0.610919
vt 0.918295 0.593159
vt 0.919195 0.593159
vt 0.919195 0.610919
vt 0.913794 0.610919
vt 0.913794 0.593159
vt 0.914694 0.593159
vt 0.914694 0.610919
vt 0.915594 0.593159
vt 0.915594 0.610919
vt 0.916494 0.593159
vt 0.916494 0.610919
vt 0.917395 0.593159
vt 0.917395 0.610919
vt 0.938777 0.327363
vt 0.925968 0.327097
vt 0.925958 0.318929
vt 0.938768 0.319196
vt 0.938786 0.302834
vt 0.925918 0.302552
vt 0.925788 0.294241
vt 0.938940 0.294567
vt 0.925163 0.285563
vt 0.939698 0.285776
vt 0.939638 0.417889
vt 0.925103 0.417676
vt 0.925861 0.408884
vt 0.939013 0.409211
vt 0.926015 0.400617
vt 0.938883 0.400900
vt 0.926036 0.392427
vt 0.938854 0.392697
vt 0.926032 0.384256
vt 0.938842 0.384522
vt 0.926024 0.376089
vt 0.938833 0.376355
vt 0.926015 0.367924
vt 0.938824 0.368189
vt 0.926005 0.359758
vt 0.938814 0.360024
vt 0.925996 0.351593
vt 0.938805 0.351859
vt 0.925986 0.343428
vt 0.938795 0.343693
vt 0.925977 0.335262
vt 0.938786 0.335528
vt 0.938765 0.311025
vt 0.925947 0.310755
vt 0.613784 0.925529
vt 0.616741 0.918390
vt 0.622205 0.912925
vt 0.629345 0.909968
vt 0.637072 0.909968
vt 0.644212 0.912925
vt 0.649676 0.918390
vt 0.652634 0.925529
vt 0.652634 0.933257
vt 0.649676 0.940397
vt 0.644212 0.945861
vt 0.637073 0.948818
vt 0.629345 0.948818
vt 0.622205 0.945861
vt 0.616741 0.940397
vt 0.613784 0.933257
vt 0.686174 0.919857
vt 0.689183 0.922848
vt 0.686028 0.925039
vt 0.684103 0.923095
vt 0.674087 0.937969
vt 0.678016 0.939575
vt 0.677015 0.944522
vt 0.671273 0.942155
vt 0.682266 0.939560
vt 0.683225 0.944523
vt 0.686199 0.937937
vt 0.688978 0.942156
vt 0.689204 0.934936
vt 0.693386 0.937765
vt 0.690824 0.931012
vt 0.695769 0.932020
vt 0.690813 0.926770
vt 0.695769 0.925806
vt 0.693390 0.920061
vt 0.688988 0.915670
vt 0.682243 0.918250
vt 0.683244 0.913303
vt 0.677996 0.918266
vt 0.677036 0.913305
vt 0.674065 0.919890
vt 0.671285 0.915673
vt 0.671060 0.922892
vt 0.666879 0.920065
vt 0.669441 0.926816
vt 0.664496 0.925808
vt 0.669451 0.931058
vt 0.664496 0.932020
vt 0.671079 0.934979
vt 0.666873 0.937765
vt 0.678686 0.935780
vt 0.676153 0.934734
vt 0.674233 0.932791
vt 0.673224 0.930244
vt 0.673222 0.927497
vt 0.674290 0.924977
vt 0.676249 0.923060
vt 0.678813 0.922057
vt 0.681573 0.922039
vt 0.687041 0.927587
vt 0.687043 0.930332
vt 0.685975 0.932851
vt 0.684016 0.934767
vt 0.681453 0.935769
vt 0.940843 0.311028
vt 0.940845 0.319195
vt 0.923880 0.318932
vt 0.923866 0.310761
vt 0.940868 0.302856
vt 0.923826 0.302575
vt 0.941025 0.294678
vt 0.923667 0.294345
vt 0.941831 0.286287
vt 0.922970 0.286036
vt 0.941134 0.409106
vt 0.941831 0.417415
vt 0.922970 0.417164
vt 0.923775 0.408774
vt 0.940974 0.400877
vt 0.923932 0.400595
vt 0.940935 0.392691
vt 0.923958 0.392424
vt 0.940920 0.384520
vt 0.923955 0.384256
vt 0.940910 0.376353
vt 0.923947 0.376091
vt 0.940900 0.368187
vt 0.923938 0.367925
vt 0.940891 0.360022
vt 0.923929 0.359760
vt 0.940881 0.351857
vt 0.923919 0.351595
vt 0.940872 0.343692
vt 0.923910 0.343430
vt 0.940863 0.335526
vt 0.923900 0.335264
vt 0.940854 0.327361
vt 0.923891 0.327098
vt 0.602084 0.945861
vt 0.594945 0.948818
vt 0.587217 0.948818
vt 0.580077 0.945861
vt 0.574613 0.940397
vt 0.571656 0.933257
vt 0.571656 0.925529
vt 0.574613 0.918390
vt 0.580077 0.912925
vt 0.587217 0.909968
vt 0.594944 0.909968
vt 0.602084 0.912925
vt 0.607548 0.918390
vt 0.610506 0.925529
vt 0.610506 0.933257
vt 0.607549 0.940397
vt 0.883984 0.457524
vt 0.886565 0.457524
vt 0.886565 0.464165
vt 0.883984 0.464165
vt 0.886565 0.470805
vt 0.883984 0.470805
vt 0.886565 0.477445
vt 0.883984 0.477445
vt 0.886565 0.484086
vt 0.883984 0.484086
vt 0.886565 0.490726
vt 0.883984 0.490726
vt 0.886565 0.497367
vt 0.883984 0.497367
vt 0.886565 0.504007
vt 0.883984 0.504007
vt 0.886565 0.510647
vt 0.883984 0.510647
vt 0.881511 0.651458
vt 0.874255 0.653815
vt 0.867000 0.651458
vt 0.862516 0.645286
vt 0.862516 0.637657
vt 0.867000 0.631485
vt 0.874256 0.629127
vt 0.881511 0.631485
vt 0.885995 0.637657
vt 0.885995 0.645286
vt 0.883984 0.444244
vt 0.886565 0.444244
vt 0.886565 0.450884
vt 0.883984 0.450884
vt 0.918295 0.610919
vt 0.918295 0.593159
vt 0.919195 0.593159
vt 0.919195 0.610919
vt 0.913794 0.610919
vt 0.913794 0.593159
vt 0.914694 0.593159
vt 0.914694 0.610919
vt 0.915594 0.593159
vt 0.915594 0.610919
vt 0.916494 0.593159
vt 0.916494 0.610919
vt 0.917395 0.593159
vt 0.917395 0.610919
vt 0.938777 0.327363
vt 0.938768 0.319196
vt 0.925958 0.318929
vt 0.925968 0.327097
vt 0.938786 0.302834
vt 0.938940 0.294567
vt 0.925788 0.294241
vt 0.925918 0.302552
vt 0.939698 0.285776
vt 0.925163 0.285563
vt 0.939638 0.417889
vt 0.939013 0.409211
vt 0.925861 0.408884
vt 0.925103 0.417676
vt 0.938883 0.400900
vt 0.926015 0.400617
vt 0.938854 0.392697
vt 0.926036 0.392427
vt 0.938842 0.384522
vt 0.926032 0.384256
vt 0.938833 0.376355
vt 0.926024 0.376089
vt 0.938824 0.368189
vt 0.926015 0.367924
vt 0.938814 0.360024
vt 0.926005 0.359758
vt 0.938805 0.351859
vt 0.925996 0.351593
vt 0.938795 0.343693
vt 0.925986 0.343428
vt 0.938786 0.335528
vt 0.925977 0.335262
vt 0.938765 0.311025
vt 0.925947 0.310755
vt 0.613784 0.925529
vt 0.613784 0.933257
vt 0.616741 0.940397
vt 0.622205 0.945861
vt 0.629345 0.948818
vt 0.637073 0.948818
vt 0.644212 0.945861
vt 0.649676 0.940397
vt 0.652634 0.933257
vt 0.652634 0.925529
vt 0.649676 0.918390
vt 0.644212 0.912925
vt 0.637072 0.909968
vt 0.629345 0.909968
vt 0.622205 0.912925
vt 0.616741 0.918390
vt 0.686174 0.919857
vt 0.684103 0.923095
vt 0.686028 0.925039
vt 0.689183 0.922848
vt 0.674087 0.937969
vt 0.671273 0.942155
vt 0.677015 0.944522
vt 0.678016 0.939575
vt 0.683225 0.944523
vt 0.682266 0.939560
vt 0.688978 0.942156
vt 0.686199 0.937937
vt 0.693386 0.937765
vt 0.689204 0.934936
vt 0.695769 0.932020
vt 0.690824 0.931012
vt 0.695769 0.925806
vt 0.690813 0.926770
vt 0.693390 0.920061
vt 0.688988 0.915670
vt 0.683244 0.913303
vt 0.682243 0.918250
vt 0.677036 0.913305
vt 0.677996 0.918266
vt 0.671285 0.915673
vt 0.674065 0.919890
vt 0.666879 0.920065
vt 0.671060 0.922892
vt 0.664496 0.925808
vt 0.669441 0.926816
vt 0.664496 0.932020
vt 0.669451 0.931058
vt 0.666873 0.937765
vt 0.671079 0.934979
vt 0.678686 0.935780
vt 0.681453 0.935769
vt 0.684016 0.934767
vt 0.685975 0.932851
vt 0.687043 0.930332
vt 0.687041 0.927587
vt 0.681573 0.922039
vt 0.678813 0.922057
vt 0.676249 0.923060
vt 0.674290 0.924977
vt 0.673222 0.927497
vt 0.673224 0.930244
vt 0.674233 0.932791
vt 0.676153 0.934734
vt 0.940845 0.319195
vt 0.940843 0.311028
vt 0.923866 0.310761
vt 0.923880 0.318932
vt 0.940868 0.302856
vt 0.923826 0.302575
vt 0.941025 0.294678
vt 0.923667 0.294345
vt 0.941831 0.286287
vt 0.922970 0.286036
vt 0.941831 0.417415
vt 0.941134 0.409106
vt 0.923775 0.408774
vt 0.922970 0.417164
vt 0.940974 0.400877
vt 0.923932 0.400595
vt 0.940935 0.392691
vt 0.923958 0.392424
vt 0.940920 0.384520
vt 0.923955 0.384256
vt 0.940910 0.376353
vt 0.923947 0.376091
vt 0.940900 0.368187
vt 0.923938 0.367925
vt 0.940891 0.360022
vt 0.923929 0.359760
vt 0.940881 0.351857
vt 0.923919 0.351595
vt 0.940872 0.343692
vt 0.923910 0.343430
vt 0.940863 0.335526
vt 0.923900 0.335264
vt 0.940854 0.327361
vt 0.923891 0.327098
vt 0.602084 0.945861
vt 0.607549 0.940397
vt 0.610506 0.933257
vt 0.610506 0.925529
vt 0.607548 0.918390
vt 0.602084 0.912925
vt 0.594944 0.909968
vt 0.587217 0.909968
vt 0.580077 0.912925
vt 0.574613 0.918390
vt 0.571656 0.925529
vt 0.571656 0.933257
vt 0.574613 0.940397
vt 0.580077 0.945861
vt 0.587217 0.948818
vt 0.594945 0.948818
vt 0.883984 0.457524
vt 0.883984 0.464165
vt 0.886565 0.464165
vt 0.886565 0.457524
vt 0.883984 0.470805
vt 0.886565 0.470805
vt 0.883984 0.477445
vt 0.886565 0.477445
vt 0.883984 0.484086
vt 0.886565 0.484086
vt 0.883984 0.490726
vt 0.886565 0.490726
vt 0.883984 0.497367
vt 0.886565 0.497367
vt 0.883984 0.504007
vt 0.886565 0.504007
vt 0.883984 0.510647
vt 0.886565 0.510647
vt 0.881511 0.651458
vt 0.885995 0.645286
vt 0.885995 0.637657
vt 0.881511 0.631485
vt 0.874256 0.629127
vt 0.867000 0.631485
vt 0.862516 0.637657
vt 0.862516 0.645286
vt 0.867000 0.651458
vt 0.874255 0.653815
vt 0.883984 0.444244
vt 0.883984 0.450884
vt 0.886565 0.450884
vt 0.886565 0.444244
vt 0.918295 0.610919
vt 0.919195 0.610919
vt 0.913794 0.610919
vt 0.914694 0.610919
vt 0.915594 0.610919
vt 0.916494 0.610919
vt 0.917395 0.610919
vt 0.938777 0.327363
vt 0.938768 0.319196
vt 0.925958 0.318929
vt 0.925968 0.327097
vt 0.938786 0.302834
vt 0.938940 0.294567
vt 0.925788 0.294241
vt 0.925918 0.302552
vt 0.939698 0.285776
vt 0.925163 0.285563
vt 0.939638 0.417889
vt 0.939013 0.409211
vt 0.925861 0.408884
vt 0.925103 0.417676
vt 0.938883 0.400900
vt 0.926015 0.400617
vt 0.938854 0.392697
vt 0.926036 0.392427
vt 0.938842 0.384522
vt 0.926032 0.384256
vt 0.938833 0.376355
vt 0.926024 0.376089
vt 0.938824 0.368189
vt 0.926015 0.367924
vt 0.938814 0.360024
vt 0.926005 0.359758
vt 0.938805 0.351859
vt 0.925996 0.351593
vt 0.938795 0.343693
vt 0.925986 0.343428
vt 0.938786 0.335528
vt 0.925977 0.335262
vt 0.938765 0.311025
vt 0.925947 0.310755
vt 0.613784 0.925529
vt 0.613784 0.933257
vt 0.616741 0.940397
vt 0.622205 0.945861
vt 0.629345 0.948818
vt 0.637073 0.948818
vt 0.644212 0.945861
vt 0.649676 0.940397
vt 0.652634 0.933257
vt 0.652634 0.925529
vt 0.649676 0.918390
vt 0.644212 0.912925
vt 0.637072 0.909968
vt 0.629345 0.909968
vt 0.622205 0.912925
vt 0.616741 0.918390
vt 0.686174 0.919857
vt 0.684103 0.923095
vt 0.686028 0.925039
vt 0.689183 0.922848
vt 0.674087 0.937969
vt 0.671273 0.942155
vt 0.677015 0.944522
vt 0.678016 0.939575
vt 0.683225 0.944523
vt 0.682266 0.939560
vt 0.688978 0.942156
vt 0.686199 0.937937
vt 0.693386 0.937765
vt 0.689204 0.934936
vt 0.695769 0.932020
vt 0.690824 0.931012
vt 0.695769 0.925806
vt 0.690813 0.926770
vt 0.693390 0.920061
vt 0.688988 0.915670
vt 0.683244 0.913303
vt 0.682243 0.918250
vt 0.677036 0.913305
vt 0.677996 0.918266
vt 0.671285 0.915673
vt 0.674065 0.919890
vt 0.666879 0.920065
vt 0.671060 0.922892
vt 0.664496 0.925808
vt 0.669441 0.926816
vt 0.664496 0.932020
vt 0.669451 0.931058
vt 0.666873 0.937765
vt 0.671079 0.934979
vt 0.678686 0.935780
vt 0.681453 0.935769
vt 0.684016 0.934767
vt 0.685975 0.932851
vt 0.687043 0.930332
vt 0.687041 0.927587
vt 0.681573 0.922039
vt 0.678813 0.922057
vt 0.676249 0.923060
vt 0.674290 0.924977
vt 0.673222 0.927497
vt 0.673224 0.930244
vt 0.674233 0.932791
vt 0.676153 0.934734
vt 0.940845 0.319195
vt 0.940843 0.311028
vt 0.923866 0.310761
vt 0.923880 0.318932
vt 0.940868 0.302856
vt 0.923826 0.302575
vt 0.941025 0.294678
vt 0.923667 0.294345
vt 0.941831 0.286287
vt 0.922970 0.286036
vt 0.941831 0.417415
vt 0.941134 0.409106
vt 0.923775 0.408774
vt 0.922970 0.417164
vt 0.940974 0.400877
vt 0.923932 0.400595
vt 0.940935 0.392691
vt 0.923958 0.392424
vt 0.940920 0.384520
vt 0.923955 0.384256
vt 0.940910 0.376353
vt 0.923947 0.376091
vt 0.940900 0.368187
vt 0.923938 0.367925
vt 0.940891 0.360022
vt 0.923929 0.359760
vt 0.940881 0.351857
vt 0.923919 0.351595
vt 0.940872 0.343692
vt 0.923910 0.343430
vt 0.940863 0.335526
vt 0.923900 0.335264
vt 0.940854 0.327361
vt 0.923891 0.327098
vt 0.602084 0.945861
vt 0.607549 0.940397
vt 0.610506 0.933257
vt 0.610506 0.925529
vt 0.607548 0.918390
vt 0.602084 0.912925
vt 0.594944 0.909968
vt 0.587217 0.909968
vt 0.580077 0.912925
vt 0.574613 0.918390
vt 0.571656 0.925529
vt 0.571656 0.933257
vt 0.574613 0.940397
vt 0.580077 0.945861
vt 0.587217 0.948818
vt 0.594945 0.948818
vt 0.883984 0.457524
vt 0.883984 0.464165
vt 0.886565 0.464165
vt 0.886565 0.457524
vt 0.883984 0.470805
vt 0.886565 0.470805
vt 0.883984 0.477445
vt 0.886565 0.477445
vt 0.883984 0.484086
vt 0.886565 0.484086
vt 0.883984 0.490726
vt 0.886565 0.490726
vt 0.883984 0.497367
vt 0.886565 0.497367
vt 0.883984 0.504007
vt 0.886565 0.504007
vt 0.883984 0.510647
vt 0.886565 0.510647
vt 0.881511 0.651458
vt 0.885995 0.645286
vt 0.885995 0.637657
vt 0.881511 0.631485
vt 0.874256 0.629127
vt 0.867000 0.631485
vt 0.862516 0.637657
vt 0.862516 0.645286
vt 0.867000 0.651458
vt 0.874255 0.653815
vt 0.883984 0.444244
vt 0.883984 0.450884
vt 0.886565 0.450884
vt 0.886565 0.444244
vt 0.918295 0.610919
vt 0.919195 0.610919
vt 0.913794 0.610919
vt 0.914694 0.610919
vt 0.915594 0.610919
vt 0.916494 0.610919
vt 0.917395 0.610919
vt 0.618613 0.346285
vt 0.618613 0.341313
vt 0.623331 0.341313
vt 0.623331 0.346285
vt 0.628049 0.341313
vt 0.628049 0.346285
vt 0.632767 0.341313
vt 0.632767 0.346285
vt 0.637485 0.341313
vt 0.637485 0.346285
vt 0.642203 0.341313
vt 0.642203 0.346285
vt 0.646921 0.341313
vt 0.646921 0.346285
vt 0.651639 0.341313
vt 0.651639 0.346285
vt 0.656357 0.341313
vt 0.656357 0.346285
vt 0.580868 0.346285
vt 0.580868 0.341313
vt 0.585586 0.341313
vt 0.585586 0.346285
vt 0.590304 0.341313
vt 0.590304 0.346285
vt 0.595022 0.341313
vt 0.595022 0.346285
vt 0.599740 0.341313
vt 0.599740 0.346285
vt 0.604458 0.341313
vt 0.604458 0.346285
vt 0.609176 0.341313
vt 0.609176 0.346285
vt 0.077228 0.928700
vt 0.077228 0.934638
vt 0.074955 0.940123
vt 0.070757 0.944322
vt 0.065271 0.946594
vt 0.059334 0.946594
vt 0.053848 0.944322
vt 0.049650 0.940123
vt 0.047377 0.934637
vt 0.047378 0.928700
vt 0.049650 0.923214
vt 0.053848 0.919016
vt 0.059334 0.916744
vt 0.065271 0.916744
vt 0.070757 0.919016
vt 0.074956 0.923215
vt 0.613894 0.341313
vt 0.613894 0.346285
vt 0.911292 0.472739
vt 0.894918 0.470189
vt 0.911209 0.468604
vt 0.101720 0.929850
vt 0.100778 0.931976
vt 0.099091 0.933580
vt 0.096913 0.934408
vt 0.094580 0.934366
vt 0.092449 0.933428
vt 0.090843 0.931746
vt 0.090010 0.929572
vt 0.090058 0.927244
vt 0.091000 0.925117
vt 0.092687 0.923514
vt 0.094865 0.922685
vt 0.097199 0.922727
vt 0.099329 0.923665
vt 0.100936 0.925348
vt 0.101768 0.927521
vt 0.086595 0.934613
vt 0.084981 0.930595
vt 0.102154 0.919388
vt 0.105183 0.922480
vt 0.089624 0.937705
vt 0.098171 0.917692
vt 0.093608 0.939402
vt 0.093843 0.917647
vt 0.097936 0.939446
vt 0.089822 0.919259
vt 0.101956 0.937834
vt 0.086726 0.922286
vt 0.106752 0.930825
vt 0.105052 0.934807
vt 0.085027 0.926268
vt 0.106797 0.926498
vt 0.109367 0.919543
vt 0.111787 0.925385
vt 0.079991 0.931708
vt 0.079991 0.925385
vt 0.111787 0.931708
vt 0.082412 0.919543
vt 0.109366 0.937550
vt 0.104891 0.942020
vt 0.086887 0.915073
vt 0.099047 0.944437
vt 0.092731 0.912657
vt 0.092727 0.944437
vt 0.099052 0.912656
vt 0.086885 0.942020
vt 0.104894 0.915073
vt 0.082412 0.937551
vt 0.883984 0.412124
vt 0.887259 0.412124
vt 0.887259 0.416776
vt 0.883984 0.416776
vt 0.887259 0.420926
vt 0.883984 0.420926
vt 0.887259 0.424240
vt 0.883984 0.424240
vt 0.887259 0.426802
vt 0.883984 0.426802
vt 0.887259 0.429364
vt 0.883984 0.429364
vt 0.887259 0.432678
vt 0.883984 0.432678
vt 0.887259 0.436828
vt 0.883984 0.436828
vt 0.887259 0.441480
vt 0.883984 0.441480
vt 0.883984 0.382768
vt 0.887259 0.382768
vt 0.887259 0.387420
vt 0.883984 0.387420
vt 0.887259 0.391570
vt 0.883984 0.391570
vt 0.887259 0.394884
vt 0.883984 0.394884
vt 0.887259 0.397446
vt 0.883984 0.397446
vt 0.887259 0.400009
vt 0.883984 0.400009
vt 0.887259 0.403322
vt 0.883984 0.403322
vt 0.923063 0.157973
vt 0.923063 0.152103
vt 0.924257 0.146355
vt 0.926464 0.141605
vt 0.929348 0.138576
vt 0.932468 0.137729
vt 0.935352 0.139193
vt 0.937559 0.142745
vt 0.938753 0.147845
vt 0.938753 0.153716
vt 0.937559 0.159464
vt 0.935352 0.164214
vt 0.932468 0.167243
vt 0.929348 0.168089
vt 0.926464 0.166625
vt 0.924257 0.163073
vt 0.887259 0.407472
vt 0.883984 0.407472
vt 0.898070 0.479390
vt 0.911292 0.479293
vt 0.911296 0.482794
vt 0.894999 0.485366
vt 0.458522 0.943630
vt 0.458642 0.941800
vt 0.459124 0.940031
vt 0.459916 0.938616
vt 0.460861 0.937762
vt 0.461811 0.937573
vt 0.462644 0.938072
vt 0.463267 0.939188
vt 0.463561 0.940781
vt 0.463440 0.942611
vt 0.462959 0.944381
vt 0.462166 0.945795
vt 0.461222 0.946649
vt 0.460272 0.946838
vt 0.459438 0.946340
vt 0.458816 0.945223
vt 0.463820 0.935009
vt 0.465092 0.936798
vt 0.459708 0.950173
vt 0.458263 0.949402
vt 0.462375 0.934238
vt 0.461326 0.949919
vt 0.460757 0.934492
vt 0.463113 0.948645
vt 0.458969 0.935767
vt 0.464778 0.946240
vt 0.457305 0.938172
vt 0.465765 0.942999
vt 0.456199 0.944797
vt 0.456318 0.941412
vt 0.465883 0.939614
vt 0.456991 0.947613
vt 0.457123 0.951547
vt 0.455045 0.949178
vt 0.467038 0.935233
vt 0.468318 0.938968
vt 0.453765 0.945443
vt 0.468318 0.943425
vt 0.453765 0.940986
vt 0.455212 0.936769
vt 0.466871 0.947643
vt 0.457640 0.933652
vt 0.464442 0.950760
vt 0.460382 0.932092
vt 0.461700 0.952319
vt 0.462763 0.931935
vt 0.459320 0.952476
vt 0.464960 0.932864
vt 0.674964 0.356678
vt 0.680194 0.356678
vt 0.680194 0.361515
vt 0.674964 0.361515
vt 0.680194 0.366353
vt 0.674964 0.366353
vt 0.680194 0.371190
vt 0.674964 0.371190
vt 0.674964 0.342166
vt 0.680194 0.342166
vt 0.680194 0.347003
vt 0.674964 0.347003
vt 0.949251 0.939604
vt 0.945062 0.937185
vt 0.945062 0.932348
vt 0.949251 0.929929
vt 0.953440 0.932348
vt 0.953440 0.937185
vt 0.680194 0.351841
vt 0.674964 0.351841
vt 0.911296 0.476039
vt 0.898047 0.476136
vt 0.911214 0.486924
vt 0.890031 0.479317
vt 0.892414 0.483017
vt 0.945062 0.945367
vt 0.947420 0.943057
vt 0.951498 0.942367
vt 0.951498 0.951620
vt 0.947385 0.951240
vt 0.945062 0.948620
vt 0.544318 0.345315
vt 0.544318 0.347617
vt 0.541735 0.347617
vt 0.541735 0.345315
vt 0.389923 0.953022
vt 0.389923 0.937381
vt 0.392226 0.937381
vt 0.392226 0.953022
vt 0.394528 0.937381
vt 0.394528 0.953022
vt 0.396831 0.937381
vt 0.396831 0.953022
vt 0.397946 0.939711
vt 0.397946 0.950692
vt 0.887073 0.945752
vt 0.871431 0.945752
vt 0.871431 0.943449
vt 0.887073 0.943449
vt 0.711552 0.366498
vt 0.713181 0.364869
vt 0.715483 0.364870
vt 0.717112 0.366498
vt 0.717112 0.368800
vt 0.715483 0.370429
vt 0.713181 0.370429
vt 0.711552 0.368801
vt 0.871431 0.941147
vt 0.887073 0.941147
vt 0.871431 0.938844
vt 0.887073 0.938844
vt 0.704858 0.370429
vt 0.703230 0.368800
vt 0.703230 0.366498
vt 0.704858 0.364869
vt 0.707161 0.364869
vt 0.708789 0.366498
vt 0.708789 0.368800
vt 0.707161 0.370429
vt 0.530754 0.345315
vt 0.530754 0.347617
vt 0.886287 0.545478
vt 0.886287 0.556459
vt 0.883984 0.556459
vt 0.883984 0.545478
vt 0.884742 0.946867
vt 0.873761 0.946867
vt 0.883984 0.542895
vt 0.886287 0.542895
vt 0.873761 0.937729
vt 0.884742 0.937729
vt 0.528171 0.347617
vt 0.528171 0.345315
vt 0.886287 0.559042
vt 0.883984 0.559042
vt 0.388808 0.950692
vt 0.388808 0.939711
vt 0.890009 0.476233
vt 0.892344 0.472581
vt 0.618613 0.346285
vt 0.623331 0.346285
vt 0.623331 0.341313
vt 0.618613 0.341313
vt 0.628049 0.346285
vt 0.628049 0.341313
vt 0.632767 0.346285
vt 0.632767 0.341313
vt 0.637485 0.346285
vt 0.637485 0.341313
vt 0.642203 0.346285
vt 0.642203 0.341313
vt 0.646921 0.346285
vt 0.646921 0.341313
vt 0.651639 0.346285
vt 0.651639 0.341313
vt 0.656357 0.346285
vt 0.656357 0.341313
vt 0.580868 0.346285
vt 0.585586 0.346285
vt 0.585586 0.341313
vt 0.580868 0.341313
vt 0.590304 0.346285
vt 0.590304 0.341313
vt 0.595022 0.346285
vt 0.595022 0.341313
vt 0.599740 0.346285
vt 0.599740 0.341313
vt 0.604458 0.346285
vt 0.604458 0.341313
vt 0.609176 0.346285
vt 0.609176 0.341313
vt 0.077228 0.928700
vt 0.074956 0.923215
vt 0.070757 0.919016
vt 0.065271 0.916744
vt 0.059334 0.916744
vt 0.053848 0.919016
vt 0.049650 0.923214
vt 0.047378 0.928700
vt 0.047377 0.934637
vt 0.049650 0.940123
vt 0.053848 0.944322
vt 0.059334 0.946594
vt 0.065271 0.946594
vt 0.070757 0.944322
vt 0.074955 0.940123
vt 0.077228 0.934638
vt 0.613894 0.346285
vt 0.613894 0.341313
vt 0.911292 0.472739
vt 0.911209 0.468604
vt 0.894918 0.470189
vt 0.101720 0.929850
vt 0.101768 0.927521
vt 0.100936 0.925348
vt 0.099329 0.923665
vt 0.097199 0.922727
vt 0.094865 0.922685
vt 0.092687 0.923514
vt 0.091000 0.925117
vt 0.090058 0.927244
vt 0.090010 0.929572
vt 0.090843 0.931746
vt 0.092449 0.933428
vt 0.094580 0.934366
vt 0.096913 0.934408
vt 0.099091 0.933580
vt 0.100778 0.931976
vt 0.086595 0.934613
vt 0.084981 0.930595
vt 0.102154 0.919388
vt 0.105183 0.922480
vt 0.089624 0.937705
vt 0.098171 0.917692
vt 0.093608 0.939402
vt 0.093843 0.917647
vt 0.097936 0.939446
vt 0.089822 0.919259
vt 0.101956 0.937834
vt 0.086726 0.922286
vt 0.106752 0.930825
vt 0.105052 0.934807
vt 0.085027 0.926268
vt 0.106797 0.926498
vt 0.109367 0.919543
vt 0.111787 0.925385
vt 0.079991 0.931708
vt 0.079991 0.925385
vt 0.111787 0.931708
vt 0.082412 0.919543
vt 0.109366 0.937550
vt 0.104891 0.942020
vt 0.086887 0.915073
vt 0.099047 0.944437
vt 0.092731 0.912657
vt 0.092727 0.944437
vt 0.099052 0.912656
vt 0.086885 0.942020
vt 0.104894 0.915073
vt 0.082412 0.937551
vt 0.883984 0.412124
vt 0.883984 0.416776
vt 0.887259 0.416776
vt 0.887259 0.412124
vt 0.883984 0.420926
vt 0.887259 0.420926
vt 0.883984 0.424240
vt 0.887259 0.424240
vt 0.883984 0.426802
vt 0.887259 0.426802
vt 0.883984 0.429364
vt 0.887259 0.429364
vt 0.883984 0.432678
vt 0.887259 0.432678
vt 0.883984 0.436828
vt 0.887259 0.436828
vt 0.883984 0.441480
vt 0.887259 0.441480
vt 0.883984 0.382768
vt 0.883984 0.387420
vt 0.887259 0.387420
vt 0.887259 0.382768
vt 0.883984 0.391570
vt 0.887259 0.391570
vt 0.883984 0.394884
vt 0.887259 0.394884
vt 0.883984 0.397446
vt 0.887259 0.397446
vt 0.883984 0.400009
vt 0.887259 0.400009
vt 0.883984 0.403322
vt 0.887259 0.403322
vt 0.923063 0.157973
vt 0.924257 0.163073
vt 0.926464 0.166625
vt 0.929348 0.168089
vt 0.932468 0.167243
vt 0.935352 0.164214
vt 0.937559 0.159464
vt 0.938753 0.153716
vt 0.938753 0.147845
vt 0.937559 0.142745
vt 0.935352 0.139193
vt 0.932468 0.137729
vt 0.929348 0.138576
vt 0.926464 0.141605
vt 0.924257 0.146355
vt 0.923063 0.152103
vt 0.883984 0.407472
vt 0.887259 0.407472
vt 0.898070 0.479390
vt 0.894999 0.485366
vt 0.911296 0.482794
vt 0.911292 0.479293
vt 0.458522 0.943630
vt 0.458816 0.945223
vt 0.459438 0.946340
vt 0.460272 0.946838
vt 0.461222 0.946649
vt 0.462166 0.945795
vt 0.462959 0.944381
vt 0.463440 0.942611
vt 0.463561 0.940781
vt 0.463267 0.939188
vt 0.462644 0.938072
vt 0.461811 0.937573
vt 0.460861 0.937762
vt 0.459916 0.938616
vt 0.459124 0.940031
vt 0.458642 0.941800
vt 0.463820 0.935009
vt 0.465092 0.936798
vt 0.459708 0.950173
vt 0.458263 0.949402
vt 0.462375 0.934238
vt 0.461326 0.949919
vt 0.460757 0.934492
vt 0.463113 0.948645
vt 0.458969 0.935767
vt 0.464778 0.946240
vt 0.457305 0.938172
vt 0.465765 0.942999
vt 0.456199 0.944797
vt 0.456318 0.941412
vt 0.465883 0.939614
vt 0.456991 0.947613
vt 0.457123 0.951547
vt 0.455045 0.949178
vt 0.467038 0.935233
vt 0.468318 0.938968
vt 0.453765 0.945443
vt 0.468318 0.943425
vt 0.453765 0.940986
vt 0.455212 0.936769
vt 0.466871 0.947643
vt 0.457640 0.933652
vt 0.464442 0.950760
vt 0.460382 0.932092
vt 0.461700 0.952319
vt 0.462763 0.931935
vt 0.459320 0.952476
vt 0.464960 0.932864
vt 0.674964 0.356678
vt 0.674964 0.361515
vt 0.680194 0.361515
vt 0.680194 0.356678
vt 0.674964 0.366353
vt 0.680194 0.366353
vt 0.674964 0.371190
vt 0.680194 0.371190
vt 0.674964 0.342166
vt 0.674964 0.347003
vt 0.680194 0.347003
vt 0.680194 0.342166
vt 0.949251 0.939604
vt 0.953440 0.937185
vt 0.953440 0.932348
vt 0.949251 0.929929
vt 0.945062 0.932348
vt 0.945062 0.937185
vt 0.674964 0.351841
vt 0.680194 0.351841
vt 0.898047 0.476136
vt 0.911296 0.476039
vt 0.911214 0.486924
vt 0.890031 0.479317
vt 0.892414 0.483017
vt 0.945062 0.945367
vt 0.945062 0.948620
vt 0.947385 0.951240
vt 0.951498 0.951620
vt 0.951498 0.942367
vt 0.947420 0.943057
vt 0.544318 0.345315
vt 0.541735 0.345315
vt 0.541735 0.347617
vt 0.544318 0.347617
vt 0.389923 0.953022
vt 0.392226 0.953022
vt 0.392226 0.937381
vt 0.389923 0.937381
vt 0.394528 0.953022
vt 0.394528 0.937381
vt 0.396831 0.953022
vt 0.396831 0.937381
vt 0.397946 0.950692
vt 0.397946 0.939711
vt 0.887073 0.945752
vt 0.887073 0.943449
vt 0.871431 0.943449
vt 0.871431 0.945752
vt 0.711552 0.366498
vt 0.711552 0.368801
vt 0.713181 0.370429
vt 0.715483 0.370429
vt 0.717112 0.368800
vt 0.717112 0.366498
vt 0.715483 0.364870
vt 0.713181 0.364869
vt 0.887073 0.941147
vt 0.871431 0.941147
vt 0.887073 0.938844
vt 0.871431 0.938844
vt 0.704858 0.370429
vt 0.707161 0.370429
vt 0.708789 0.368800
vt 0.708789 0.366498
vt 0.707161 0.364869
vt 0.704858 0.364869
vt 0.703230 0.366498
vt 0.703230 0.368800
vt 0.530754 0.345315
vt 0.530754 0.347617
vt 0.886287 0.545478
vt 0.883984 0.545478
vt 0.883984 0.556459
vt 0.886287 0.556459
vt 0.873761 0.946867
vt 0.884742 0.946867
vt 0.883984 0.542895
vt 0.886287 0.542895
vt 0.884742 0.937729
vt 0.873761 0.937729
vt 0.528171 0.347617
vt 0.528171 0.345315
vt 0.886287 0.559042
vt 0.883984 0.559042
vt 0.388808 0.939711
vt 0.388808 0.950692
vt 0.890009 0.476233
vt 0.892344 0.472581
vt 0.840952 0.332543
vt 0.838802 0.332543
vt 0.838802 0.369081
vt 0.840952 0.369081
vt 0.836652 0.332543
vt 0.836652 0.369081
vt 0.834502 0.332543
vt 0.834502 0.369081
vt 0.832352 0.332543
vt 0.832352 0.369081
vt 0.843102 0.332543
vt 0.843102 0.369081
vt 0.550391 0.348129
vt 0.550391 0.345979
vt 0.548346 0.345315
vt 0.547082 0.347054
vt 0.548346 0.348794
vt 0.202486 0.825769
vt 0.201182 0.825769
vt 0.201182 0.820708
vt 0.202486 0.820708
vt 0.201182 0.817941
vt 0.202486 0.817941
vt 0.202486 0.844666
vt 0.201182 0.844666
vt 0.201182 0.841899
vt 0.202486 0.841899
vt 0.201182 0.839132
vt 0.202486 0.839132
vt 0.201182 0.834070
vt 0.202486 0.834070
vt 0.201182 0.831303
vt 0.202486 0.831303
vt 0.343732 0.944647
vt 0.343732 0.949709
vt 0.341776 0.951666
vt 0.339009 0.951666
vt 0.337052 0.949709
vt 0.337052 0.944647
vt 0.339009 0.942691
vt 0.341776 0.942691
vt 0.201182 0.828536
vt 0.202486 0.828536
vt 0.840952 0.332543
vt 0.838802 0.332543
vt 0.838802 0.369081
vt 0.840952 0.369081
vt 0.836652 0.332543
vt 0.836652 0.369081
vt 0.834502 0.332543
vt 0.834502 0.369081
vt 0.832352 0.332543
vt 0.832352 0.369081
vt 0.843102 0.332543
vt 0.843102 0.369081
vt 0.550391 0.348129
vt 0.550391 0.345979
vt 0.548346 0.345315
vt 0.547082 0.347054
vt 0.548346 0.348794
vt 0.202486 0.825769
vt 0.201182 0.825769
vt 0.201182 0.820708
vt 0.202486 0.820708
vt 0.201182 0.817941
vt 0.202486 0.817941
vt 0.202486 0.844666
vt 0.201182 0.844666
vt 0.201182 0.841899
vt 0.202486 0.841899
vt 0.201182 0.839132
vt 0.202486 0.839132
vt 0.201182 0.834070
vt 0.202486 0.834070
vt 0.201182 0.831303
vt 0.202486 0.831303
vt 0.343732 0.944647
vt 0.343732 0.949709
vt 0.341776 0.951666
vt 0.339009 0.951666
vt 0.337052 0.949709
vt 0.337052 0.944647
vt 0.339009 0.942691
vt 0.341776 0.942691
vt 0.201182 0.828536
vt 0.202486 0.828536
vt 0.885287 0.521238
vt 0.883984 0.521238
vt 0.883984 0.516177
vt 0.885287 0.516177
vt 0.883984 0.513411
vt 0.885287 0.513411
vt 0.885287 0.540131
vt 0.883984 0.540131
vt 0.883984 0.537364
vt 0.885287 0.537364
vt 0.883984 0.534598
vt 0.885287 0.534598
vt 0.883984 0.529537
vt 0.885287 0.529537
vt 0.883984 0.526771
vt 0.885287 0.526771
vt 0.661077 0.341313
vt 0.666138 0.341313
vt 0.668094 0.343269
vt 0.668094 0.346035
vt 0.666138 0.347991
vt 0.661077 0.347991
vt 0.659121 0.346035
vt 0.659121 0.343269
vt 0.883984 0.524005
vt 0.885287 0.524005
vt 0.118115 0.912657
vt 0.118115 0.954489
vt 0.115250 0.954489
vt 0.115250 0.912657
vt 0.129574 0.912656
vt 0.129574 0.954489
vt 0.126709 0.954489
vt 0.126709 0.912657
vt 0.123844 0.954489
vt 0.123844 0.912657
vt 0.826403 0.650994
vt 0.829128 0.651879
vt 0.829128 0.654744
vt 0.826403 0.655629
vt 0.824720 0.653312
vt 0.120979 0.954489
vt 0.120979 0.912657
vt 0.885287 0.521238
vt 0.883984 0.521238
vt 0.883984 0.516177
vt 0.885287 0.516177
vt 0.883984 0.513411
vt 0.885287 0.513411
vt 0.885287 0.540131
vt 0.883984 0.540131
vt 0.883984 0.537364
vt 0.885287 0.537364
vt 0.883984 0.534598
vt 0.885287 0.534598
vt 0.883984 0.529537
vt 0.885287 0.529537
vt 0.883984 0.526771
vt 0.885287 0.526771
vt 0.661077 0.341313
vt 0.666138 0.341313
vt 0.668094 0.343269
vt 0.668094 0.346035
vt 0.666138 0.347991
vt 0.661077 0.347991
vt 0.659121 0.346035
vt 0.659121 0.343269
vt 0.883984 0.524005
vt 0.885287 0.524005
vt 0.118115 0.912657
vt 0.118115 0.954489
vt 0.115250 0.954489
vt 0.115250 0.912657
vt 0.129574 0.912656
vt 0.129574 0.954489
vt 0.126709 0.954489
vt 0.126709 0.912657
vt 0.123844 0.954489
vt 0.123844 0.912657
vt 0.826403 0.650994
vt 0.829128 0.651879
vt 0.829128 0.654744
vt 0.826403 0.655629
vt 0.824720 0.653312
vt 0.120979 0.954489
vt 0.120979 0.912657
vt 0.661353 0.954930
vt 0.655397 0.954930
vt 0.655397 0.947909
vt 0.661353 0.947909
vt 0.655397 0.940887
vt 0.661353 0.940887
vt 0.655397 0.933866
vt 0.661353 0.933866
vt 0.655397 0.926844
vt 0.661353 0.926844
vt 0.655397 0.919823
vt 0.661353 0.919823
vt 0.655397 0.912801
vt 0.661353 0.912801
vt 0.655397 0.905780
vt 0.661353 0.905780
vt 0.655397 0.898758
vt 0.661353 0.898758
vt 0.655397 0.891737
vt 0.661353 0.891737
vt 0.655397 0.884715
vt 0.661353 0.884715
vt 0.655397 0.877694
vt 0.661353 0.877694
vt 0.655397 0.870672
vt 0.661353 0.870672
vt 0.655397 0.863650
vt 0.661353 0.863650
vt 0.655397 0.856629
vt 0.661353 0.856629
vt 0.655397 0.849607
vt 0.661353 0.849607
vt 0.655397 0.842586
vt 0.661353 0.842586
vt 0.655397 0.835564
vt 0.661353 0.835564
vt 0.655397 0.828543
vt 0.661353 0.828543
vt 0.460062 0.891136
vt 0.465742 0.887009
vt 0.472420 0.884839
vt 0.479442 0.884839
vt 0.486120 0.887009
vt 0.491800 0.891136
vt 0.495927 0.896816
vt 0.498097 0.903494
vt 0.498097 0.910516
vt 0.495927 0.917194
vt 0.491800 0.922874
vt 0.486120 0.927001
vt 0.479442 0.929171
vt 0.472420 0.929171
vt 0.465742 0.927001
vt 0.460062 0.922874
vt 0.455935 0.917194
vt 0.453765 0.910516
vt 0.453765 0.903494
vt 0.455935 0.896816
vt 0.655397 0.821521
vt 0.661353 0.821521
vt 0.655397 0.814500
vt 0.661353 0.814500
vt 0.832588 0.151028
vt 0.834758 0.144350
vt 0.838885 0.138669
vt 0.844565 0.134542
vt 0.851243 0.132372
vt 0.858265 0.132372
vt 0.864943 0.134542
vt 0.870623 0.138670
vt 0.874750 0.144350
vt 0.876920 0.151028
vt 0.876920 0.158049
vt 0.874750 0.164727
vt 0.870623 0.170408
vt 0.864942 0.174535
vt 0.858264 0.176705
vt 0.851243 0.176705
vt 0.844565 0.174535
vt 0.838885 0.170408
vt 0.834757 0.164727
vt 0.832588 0.158049
vt 0.960989 0.502847
vt 0.960989 0.528197
vt 0.959546 0.528197
vt 0.959546 0.502847
vt 0.962433 0.502847
vt 0.962433 0.528197
vt 0.963876 0.502847
vt 0.963876 0.528197
vt 0.965319 0.502847
vt 0.965319 0.528197
vt 0.966763 0.502847
vt 0.966763 0.528197
vt 0.968206 0.502847
vt 0.968206 0.528197
vt 0.958102 0.502847
vt 0.958102 0.528197
vt 0.956659 0.528197
vt 0.956659 0.502847
vt 0.960989 0.548485
vt 0.959546 0.548485
vt 0.962433 0.548485
vt 0.963876 0.548485
vt 0.965319 0.548485
vt 0.966763 0.548485
vt 0.968206 0.548485
vt 0.958102 0.548485
vt 0.956659 0.548485
vt 0.960989 0.554797
vt 0.959546 0.554797
vt 0.962433 0.554797
vt 0.963876 0.554797
vt 0.965319 0.554797
vt 0.966763 0.554797
vt 0.968206 0.554797
vt 0.958102 0.554797
vt 0.956659 0.554797
vt 0.960989 0.560821
vt 0.959546 0.560821
vt 0.962433 0.560821
vt 0.963876 0.560821
vt 0.965319 0.560821
vt 0.966763 0.560821
vt 0.968206 0.560821
vt 0.958102 0.560821
vt 0.956659 0.560821
vt 0.960989 0.566965
vt 0.959546 0.566965
vt 0.962433 0.566965
vt 0.963876 0.566965
vt 0.965319 0.566965
vt 0.966763 0.566965
vt 0.968206 0.566965
vt 0.958102 0.566965
vt 0.956659 0.566965
vt 0.960989 0.572418
vt 0.959546 0.572418
vt 0.962433 0.572418
vt 0.963876 0.572418
vt 0.965319 0.572418
vt 0.966763 0.572418
vt 0.968206 0.572418
vt 0.958102 0.572418
vt 0.956659 0.572418
vt 0.960989 0.585041
vt 0.959546 0.585041
vt 0.962433 0.585041
vt 0.963876 0.585041
vt 0.965319 0.585041
vt 0.966763 0.585041
vt 0.968206 0.585041
vt 0.958102 0.585041
vt 0.956659 0.585041
vt 0.959546 0.477496
vt 0.960989 0.477496
vt 0.962433 0.477496
vt 0.963876 0.477496
vt 0.965319 0.477496
vt 0.966763 0.477496
vt 0.968206 0.477496
vt 0.956659 0.477496
vt 0.958102 0.477496
vt 0.959546 0.457208
vt 0.960989 0.457208
vt 0.962433 0.457208
vt 0.963876 0.457208
vt 0.965319 0.457208
vt 0.966763 0.457208
vt 0.968206 0.457209
vt 0.956659 0.457209
vt 0.958102 0.457208
vt 0.959546 0.450897
vt 0.960989 0.450897
vt 0.962433 0.450897
vt 0.963876 0.450897
vt 0.965319 0.450897
vt 0.966763 0.450897
vt 0.968206 0.450897
vt 0.956659 0.450897
vt 0.958102 0.450897
vt 0.959546 0.444872
vt 0.960989 0.444872
vt 0.962433 0.444872
vt 0.963876 0.444872
vt 0.965319 0.444872
vt 0.966763 0.444872
vt 0.968206 0.444872
vt 0.956659 0.444872
vt 0.958102 0.444872
vt 0.959546 0.438729
vt 0.960989 0.438729
vt 0.962433 0.438729
vt 0.963876 0.438729
vt 0.965319 0.438729
vt 0.966763 0.438729
vt 0.968206 0.438729
vt 0.956659 0.438729
vt 0.958102 0.438729
vt 0.959546 0.433275
vt 0.960989 0.433275
vt 0.962433 0.433275
vt 0.963876 0.433275
vt 0.965319 0.433275
vt 0.966763 0.433275
vt 0.968206 0.433275
vt 0.956659 0.433275
vt 0.958102 0.433275
vt 0.959546 0.420652
vt 0.960989 0.420652
vt 0.962433 0.420652
vt 0.963876 0.420652
vt 0.965319 0.420652
vt 0.966763 0.420652
vt 0.968206 0.420652
vt 0.956659 0.420652
vt 0.958102 0.420652
vt 0.845777 0.885176
vt 0.845777 0.910526
vt 0.844334 0.910526
vt 0.844334 0.885176
vt 0.847220 0.885176
vt 0.847220 0.910526
vt 0.848664 0.885176
vt 0.848664 0.910526
vt 0.850107 0.885176
vt 0.850107 0.910526
vt 0.851551 0.885176
vt 0.851551 0.910526
vt 0.852994 0.885176
vt 0.852994 0.910526
vt 0.842890 0.885176
vt 0.842890 0.910526
vt 0.841447 0.910526
vt 0.841447 0.885176
vt 0.845777 0.930814
vt 0.844334 0.930814
vt 0.847220 0.930814
vt 0.848664 0.930814
vt 0.850107 0.930814
vt 0.851551 0.930814
vt 0.852994 0.930814
vt 0.842890 0.930814
vt 0.841447 0.930814
vt 0.845777 0.937126
vt 0.844334 0.937126
vt 0.847220 0.937126
vt 0.848664 0.937126
vt 0.850107 0.937126
vt 0.851551 0.937126
vt 0.852994 0.937126
vt 0.842890 0.937126
vt 0.841447 0.937126
vt 0.845777 0.943150
vt 0.844334 0.943150
vt 0.847220 0.943150
vt 0.848664 0.943150
vt 0.850107 0.943150
vt 0.851551 0.943150
vt 0.852994 0.943150
vt 0.842890 0.943150
vt 0.841447 0.943150
vt 0.845777 0.949294
vt 0.844334 0.949294
vt 0.847220 0.949294
vt 0.848664 0.949294
vt 0.850107 0.949294
vt 0.851551 0.949294
vt 0.852994 0.949294
vt 0.842890 0.949294
vt 0.841447 0.949294
vt 0.845777 0.954748
vt 0.844334 0.954748
vt 0.847220 0.954748
vt 0.848664 0.954748
vt 0.850107 0.954748
vt 0.851551 0.954748
vt 0.852994 0.954748
vt 0.842890 0.954748
vt 0.841447 0.954748
vt 0.845777 0.967371
vt 0.844334 0.967371
vt 0.847220 0.967371
vt 0.848664 0.967371
vt 0.850107 0.967371
vt 0.851551 0.967371
vt 0.852994 0.967371
vt 0.842890 0.967371
vt 0.841447 0.967371
vt 0.844334 0.859825
vt 0.845777 0.859825
vt 0.847220 0.859825
vt 0.848664 0.859825
vt 0.850107 0.859825
vt 0.851551 0.859825
vt 0.852994 0.859825
vt 0.841447 0.859825
vt 0.842890 0.859825
vt 0.844334 0.839538
vt 0.845777 0.839538
vt 0.847220 0.839538
vt 0.848664 0.839538
vt 0.850107 0.839538
vt 0.851551 0.839538
vt 0.852994 0.839538
vt 0.841447 0.839538
vt 0.842890 0.839538
vt 0.844334 0.833226
vt 0.845777 0.833226
vt 0.847220 0.833226
vt 0.848664 0.833226
vt 0.850107 0.833226
vt 0.851551 0.833226
vt 0.852994 0.833226
vt 0.841447 0.833226
vt 0.842890 0.833226
vt 0.844334 0.827201
vt 0.845777 0.827201
vt 0.847220 0.827201
vt 0.848664 0.827201
vt 0.850107 0.827201
vt 0.851551 0.827201
vt 0.852994 0.827201
vt 0.841447 0.827201
vt 0.842890 0.827201
vt 0.844334 0.821058
vt 0.845777 0.821058
vt 0.847220 0.821058
vt 0.848664 0.821058
vt 0.850107 0.821058
vt 0.851551 0.821058
vt 0.852994 0.821058
vt 0.841447 0.821058
vt 0.842890 0.821058
vt 0.844334 0.815604
vt 0.845777 0.815604
vt 0.847220 0.815604
vt 0.848664 0.815604
vt 0.850107 0.815604
vt 0.851551 0.815604
vt 0.852994 0.815604
vt 0.841447 0.815604
vt 0.842890 0.815604
vt 0.844334 0.802981
vt 0.845777 0.802981
vt 0.847220 0.802981
vt 0.848664 0.802981
vt 0.850107 0.802981
vt 0.851551 0.802981
vt 0.852994 0.802981
vt 0.841447 0.802981
vt 0.842890 0.802981
vt 0.947285 0.146558
vt 0.941517 0.146558
vt 0.941517 0.143615
vt 0.947285 0.143615
vt 0.941517 0.140672
vt 0.947285 0.140672
vt 0.941517 0.137729
vt 0.947285 0.137729
vt 0.947285 0.173047
vt 0.941517 0.173047
vt 0.941517 0.170104
vt 0.947285 0.170104
vt 0.941517 0.167161
vt 0.947285 0.167161
vt 0.941517 0.164217
vt 0.947285 0.164217
vt 0.941517 0.161274
vt 0.947285 0.161274
vt 0.941517 0.158331
vt 0.947285 0.158331
vt 0.941517 0.155388
vt 0.947285 0.155388
vt 0.941517 0.152445
vt 0.947285 0.152445
vt 0.821956 0.651609
vt 0.820485 0.654158
vt 0.817936 0.655629
vt 0.814992 0.655629
vt 0.812444 0.654158
vt 0.810972 0.651609
vt 0.810972 0.648666
vt 0.812444 0.646117
vt 0.814992 0.644645
vt 0.817936 0.644645
vt 0.820484 0.646117
vt 0.821956 0.648665
vt 0.941517 0.149502
vt 0.947285 0.149502
vt 0.242953 0.940106
vt 0.245502 0.941578
vt 0.246973 0.944127
vt 0.246973 0.947070
vt 0.245502 0.949619
vt 0.242953 0.951090
vt 0.240010 0.951090
vt 0.237461 0.949619
vt 0.235989 0.947070
vt 0.235989 0.944127
vt 0.237461 0.941578
vt 0.240010 0.940106
vt 0.162602 0.942164
vt 0.132337 0.942164
vt 0.132337 0.940179
vt 0.162602 0.940179
vt 0.132337 0.938195
vt 0.162602 0.938195
vt 0.132337 0.936211
vt 0.162602 0.936211
vt 0.132337 0.934227
vt 0.162602 0.934227
vt 0.132337 0.932243
vt 0.162602 0.932243
vt 0.132337 0.930259
vt 0.162602 0.930259
vt 0.132337 0.928275
vt 0.162602 0.928275
vt 0.132337 0.926291
vt 0.162602 0.926291
vt 0.947285 0.146558
vt 0.941517 0.146558
vt 0.941517 0.143615
vt 0.947285 0.143615
vt 0.941517 0.140672
vt 0.947285 0.140672
vt 0.941517 0.137729
vt 0.947285 0.137729
vt 0.947285 0.173047
vt 0.941517 0.173047
vt 0.941517 0.170104
vt 0.947285 0.170104
vt 0.941517 0.167161
vt 0.947285 0.167161
vt 0.941517 0.164217
vt 0.947285 0.164217
vt 0.941517 0.161274
vt 0.947285 0.161274
vt 0.941517 0.158331
vt 0.947285 0.158331
vt 0.941517 0.155388
vt 0.947285 0.155388
vt 0.941517 0.152445
vt 0.947285 0.152445
vt 0.821956 0.651609
vt 0.820485 0.654158
vt 0.817936 0.655629
vt 0.814992 0.655629
vt 0.812444 0.654158
vt 0.810972 0.651609
vt 0.810972 0.648666
vt 0.812444 0.646117
vt 0.814992 0.644645
vt 0.817936 0.644645
vt 0.820484 0.646117
vt 0.821956 0.648665
vt 0.941517 0.149502
vt 0.947285 0.149502
vt 0.242953 0.940106
vt 0.245502 0.941578
vt 0.246973 0.944127
vt 0.246973 0.947070
vt 0.245502 0.949619
vt 0.242953 0.951090
vt 0.240010 0.951090
vt 0.237461 0.949619
vt 0.235989 0.947070
vt 0.235989 0.944127
vt 0.237461 0.941578
vt 0.240010 0.940106
vt 0.162602 0.942164
vt 0.132337 0.942164
vt 0.132337 0.940179
vt 0.162602 0.940179
vt 0.132337 0.938195
vt 0.162602 0.938195
vt 0.132337 0.936211
vt 0.162602 0.936211
vt 0.132337 0.934227
vt 0.162602 0.934227
vt 0.132337 0.932243
vt 0.162602 0.932243
vt 0.132337 0.930259
vt 0.162602 0.930259
vt 0.132337 0.928275
vt 0.162602 0.928275
vt 0.132337 0.926291
vt 0.162602 0.926291
vt 0.154122 0.669812
vt 0.142031 0.668631
vt 0.147355 0.637295
vt 0.157019 0.636677
vt 0.139713 0.744799
vt 0.124967 0.739542
vt 0.135232 0.707952
vt 0.148683 0.710794
vt 0.127593 0.776035
vt 0.106907 0.777877
vt 0.192288 0.815177
vt 0.176940 0.798395
vt 0.183953 0.760570
vt 0.198699 0.765827
vt 0.161450 0.786800
vt 0.169206 0.755313
vt 0.145072 0.780000
vt 0.154460 0.750056
vt 0.202485 0.722162
vt 0.189035 0.719320
vt 0.190395 0.673354
vt 0.202485 0.674534
vt 0.175584 0.716478
vt 0.178304 0.672173
vt 0.162133 0.713636
vt 0.166213 0.670993
vt 0.185960 0.633215
vt 0.195738 0.631561
vt 0.176344 0.634527
vt 0.166687 0.635938
vt 0.131932 0.668129
vt 0.137257 0.636767
vt 0.103316 0.649756
vt 0.104170 0.644721
vt 0.128562 0.693196
vt 0.124189 0.691890
vt 0.134523 0.612397
vt 0.141092 0.613275
vt 0.052188 0.757762
vt 0.055085 0.790898
vt 0.045421 0.790279
vt 0.040098 0.758943
vt 0.037780 0.682775
vt 0.046749 0.716780
vt 0.033298 0.719622
vt 0.023033 0.688032
vt 0.025659 0.651540
vt 0.004974 0.649697
vt 0.090354 0.612397
vt 0.096766 0.661747
vt 0.082019 0.667004
vt 0.075006 0.629179
vt 0.067273 0.672261
vt 0.059517 0.640774
vt 0.052526 0.677518
vt 0.043138 0.647574
vt 0.100552 0.705413
vt 0.100552 0.753040
vt 0.088461 0.754220
vt 0.087101 0.708255
vt 0.076370 0.755401
vt 0.073650 0.711096
vt 0.064279 0.756582
vt 0.060200 0.713938
vt 0.093805 0.796014
vt 0.084026 0.794360
vt 0.074410 0.793047
vt 0.064753 0.791637
vt 0.035324 0.790807
vt 0.029999 0.759445
vt 0.002237 0.782853
vt 0.001382 0.777818
vt 0.022255 0.735684
vt 0.026628 0.734378
vt 0.039158 0.814299
vt 0.032589 0.815177
vt 0.881220 0.382768
vt 0.881220 0.432534
vt 0.862516 0.432534
vt 0.862516 0.382768
vt 0.573685 0.352485
vt 0.594453 0.352485
vt 0.594453 0.371190
vt 0.573685 0.371190
vt 0.881220 0.567490
vt 0.881220 0.577408
vt 0.862516 0.577408
vt 0.862516 0.567490
vt 0.881220 0.476363
vt 0.881220 0.523990
vt 0.862516 0.523990
vt 0.862516 0.476363
vt 0.922970 0.613639
vt 0.922970 0.580423
vt 0.941674 0.580423
vt 0.941675 0.613639
vt 0.922970 0.653543
vt 0.941675 0.653543
vt 0.922970 0.538047
vt 0.941675 0.538047
vt 0.649458 0.352485
vt 0.672200 0.352485
vt 0.672200 0.371190
vt 0.649458 0.371190
vt 0.630110 0.352485
vt 0.630110 0.371190
vt 0.612375 0.352485
vt 0.612375 0.371190
vt 0.881220 0.606569
vt 0.881220 0.616252
vt 0.862516 0.616252
vt 0.862516 0.606569
vt 0.881220 0.596872
vt 0.862516 0.596872
vt 0.881220 0.587113
vt 0.862516 0.587113
vt 0.881220 0.626363
vt 0.862516 0.626363
vt 0.920299 0.158137
vt 0.920299 0.168249
vt 0.901595 0.168249
vt 0.901595 0.158137
vt 0.920299 0.076153
vt 0.920299 0.081260
vt 0.901595 0.081260
vt 0.901595 0.076153
vt 0.920299 0.132845
vt 0.901595 0.132845
vt 0.920299 0.128281
vt 0.901595 0.128281
vt 0.920299 0.025184
vt 0.920299 0.031812
vt 0.901595 0.031812
vt 0.901595 0.025184
vt 0.920299 0.001382
vt 0.901595 0.001382
vt 0.899360 0.941234
vt 0.899980 0.964088
vt 0.897619 0.964131
vt 0.897340 0.940884
vt 0.897388 0.923331
vt 0.897299 0.936921
vt 0.895318 0.936938
vt 0.894848 0.923375
vt 0.901658 0.941656
vt 0.902199 0.964047
vt 0.904038 0.941641
vt 0.904556 0.963992
vt 0.893297 0.941305
vt 0.892778 0.964094
vt 0.890422 0.964050
vt 0.891013 0.941719
vt 0.895310 0.940926
vt 0.895130 0.964130
vt 0.902120 0.923460
vt 0.901633 0.936204
vt 0.899415 0.936584
vt 0.899820 0.923396
vt 0.904556 0.923545
vt 0.904107 0.936278
vt 0.892431 0.923500
vt 0.893185 0.936625
vt 0.890904 0.936289
vt 0.890009 0.923640
vt 0.833890 0.655608
vt 0.831892 0.654454
vt 0.831892 0.652147
vt 0.833890 0.650994
vt 0.835887 0.652147
vt 0.835887 0.654454
vt 0.899360 0.941234
vt 0.897340 0.940884
vt 0.897619 0.964131
vt 0.899980 0.964088
vt 0.897388 0.923331
vt 0.894848 0.923375
vt 0.895318 0.936938
vt 0.897299 0.936921
vt 0.901658 0.941656
vt 0.902199 0.964047
vt 0.904038 0.941641
vt 0.904556 0.963992
vt 0.893297 0.941305
vt 0.891013 0.941719
vt 0.890422 0.964050
vt 0.892778 0.964094
vt 0.895310 0.940926
vt 0.895130 0.964130
vt 0.902120 0.923460
vt 0.899820 0.923396
vt 0.899415 0.936584
vt 0.901633 0.936204
vt 0.904556 0.923545
vt 0.904107 0.936278
vt 0.892431 0.923500
vt 0.890009 0.923640
vt 0.890904 0.936289
vt 0.893185 0.936625
vt 0.833890 0.655608
vt 0.835887 0.654454
vt 0.835887 0.652147
vt 0.833890 0.650994
vt 0.831892 0.652147
vt 0.831892 0.654454
vt 0.718460 0.929706
vt 0.715338 0.929855
vt 0.717333 0.921499
vt 0.718997 0.922318
vt 0.719881 0.947024
vt 0.715804 0.947480
vt 0.715426 0.942604
vt 0.719317 0.941987
vt 0.710290 0.938810
vt 0.708370 0.938628
vt 0.707052 0.930655
vt 0.710196 0.930355
vt 0.722254 0.919394
vt 0.717926 0.917728
vt 0.718588 0.913303
vt 0.723631 0.914479
vt 0.726955 0.930953
vt 0.723874 0.943139
vt 0.721565 0.930266
vt 0.698533 0.931748
vt 0.698851 0.919520
vt 0.703553 0.919642
vt 0.703917 0.931159
vt 0.908611 0.936300
vt 0.913321 0.936276
vt 0.914854 0.948358
vt 0.911349 0.947739
vt 0.708021 0.947428
vt 0.705131 0.947077
vt 0.705851 0.942136
vt 0.708470 0.942775
vt 0.921613 0.936599
vt 0.925969 0.936849
vt 0.924114 0.947784
vt 0.921746 0.948618
vt 0.708766 0.918100
vt 0.702350 0.914763
vt 0.708017 0.913366
vt 0.709203 0.921905
vt 0.706769 0.922814
vt 0.921193 0.923595
vt 0.911475 0.923331
vt 0.714832 0.938586
vt 0.925969 0.925410
vt 0.907593 0.925534
vt 0.701296 0.943232
vt 0.726955 0.919394
vt 0.716821 0.938218
vt 0.718460 0.929706
vt 0.718997 0.922318
vt 0.717333 0.921499
vt 0.715338 0.929855
vt 0.719881 0.947024
vt 0.719317 0.941987
vt 0.715426 0.942604
vt 0.715804 0.947480
vt 0.710290 0.938810
vt 0.710196 0.930355
vt 0.707052 0.930655
vt 0.708370 0.938628
vt 0.722254 0.919394
vt 0.723631 0.914479
vt 0.718588 0.913303
vt 0.717926 0.917728
vt 0.726955 0.930953
vt 0.721565 0.930266
vt 0.723874 0.943139
vt 0.698533 0.931748
vt 0.703917 0.931159
vt 0.703553 0.919642
vt 0.698851 0.919520
vt 0.908611 0.936300
vt 0.911349 0.947739
vt 0.914854 0.948358
vt 0.913321 0.936276
vt 0.708021 0.947428
vt 0.708470 0.942775
vt 0.705851 0.942136
vt 0.705131 0.947077
vt 0.921613 0.936599
vt 0.921746 0.948618
vt 0.924114 0.947784
vt 0.925969 0.936849
vt 0.708766 0.918100
vt 0.708017 0.913366
vt 0.702350 0.914763
vt 0.709203 0.921905
vt 0.706769 0.922814
vt 0.921193 0.923595
vt 0.911475 0.923331
vt 0.714832 0.938586
vt 0.925969 0.925410
vt 0.907593 0.925534
vt 0.701296 0.943232
vt 0.726955 0.919394
vt 0.716821 0.938218
vt 0.992630 0.732777
vt 0.996989 0.732777
vt 0.996989 0.738175
vt 0.992630 0.738175
vt 0.996989 0.743574
vt 0.992630 0.743574
vt 0.996989 0.748972
vt 0.992630 0.748972
vt 0.996989 0.754370
vt 0.992630 0.754370
vt 0.996989 0.759769
vt 0.992630 0.759769
vt 0.996989 0.765167
vt 0.992630 0.765167
vt 0.996989 0.770565
vt 0.992630 0.770565
vt 0.996989 0.775964
vt 0.992630 0.775964
vt 0.996989 0.781362
vt 0.992630 0.781362
vt 0.996989 0.786760
vt 0.992630 0.786760
vt 0.992630 0.678793
vt 0.996989 0.678793
vt 0.996989 0.684191
vt 0.992630 0.684191
vt 0.996989 0.689590
vt 0.992630 0.689590
vt 0.996989 0.694988
vt 0.992630 0.694988
vt 0.996989 0.700387
vt 0.992630 0.700387
vt 0.996989 0.705785
vt 0.992630 0.705785
vt 0.996989 0.711183
vt 0.992630 0.711183
vt 0.996989 0.716582
vt 0.992630 0.716582
vt 0.996989 0.721980
vt 0.992630 0.721980
vt 0.996989 0.727378
vt 0.992630 0.727378
vt 0.795390 0.917463
vt 0.793781 0.912511
vt 0.798454 0.910130
vt 0.800570 0.916643
vt 0.790721 0.908299
vt 0.794429 0.904591
vt 0.786509 0.905238
vt 0.788890 0.900566
vt 0.781557 0.903629
vt 0.782377 0.898450
vt 0.776350 0.903629
vt 0.775530 0.898449
vt 0.771398 0.905237
vt 0.769018 0.900565
vt 0.767185 0.908298
vt 0.763478 0.904589
vt 0.764124 0.912510
vt 0.759452 0.910129
vt 0.762515 0.917462
vt 0.757336 0.916641
vt 0.762515 0.922670
vt 0.757336 0.923491
vt 0.764124 0.927624
vt 0.759453 0.930005
vt 0.767185 0.931836
vt 0.763478 0.935544
vt 0.771398 0.934896
vt 0.769018 0.939568
vt 0.776350 0.936505
vt 0.775530 0.941684
vt 0.781557 0.936504
vt 0.782378 0.941684
vt 0.786509 0.934895
vt 0.788890 0.939567
vt 0.790721 0.931834
vt 0.794429 0.935542
vt 0.793782 0.927622
vt 0.798454 0.930002
vt 0.795390 0.922670
vt 0.800570 0.923490
vt 0.535738 0.890046
vt 0.535738 0.895253
vt 0.530303 0.895253
vt 0.530303 0.890046
vt 0.535738 0.900459
vt 0.535738 0.905666
vt 0.530303 0.905666
vt 0.530303 0.900459
vt 0.535738 0.910873
vt 0.530303 0.910873
vt 0.535738 0.916080
vt 0.530303 0.916080
vt 0.535738 0.921287
vt 0.530303 0.921287
vt 0.535738 0.926493
vt 0.530303 0.926493
vt 0.535738 0.931700
vt 0.530303 0.931700
vt 0.535738 0.936907
vt 0.530303 0.936907
vt 0.535738 0.942114
vt 0.530303 0.942114
vt 0.535738 0.947321
vt 0.530303 0.947321
vt 0.535738 0.952527
vt 0.535738 0.957734
vt 0.530303 0.957734
vt 0.530303 0.952527
vt 0.535738 0.962941
vt 0.530303 0.962941
vt 0.535738 0.968148
vt 0.530303 0.968148
vt 0.535738 0.973355
vt 0.530303 0.973355
vt 0.535738 0.978562
vt 0.530303 0.978562
vt 0.535738 0.983768
vt 0.530303 0.983768
vt 0.535738 0.988975
vt 0.530303 0.988975
vt 0.530303 0.884839
vt 0.535738 0.884839
vt 0.536629 0.577736
vt 0.536629 0.589348
vt 0.419229 0.589349
vt 0.419229 0.577736
vt 0.536629 0.598262
vt 0.419229 0.598262
vt 0.536629 0.608220
vt 0.419229 0.608220
vt 0.536629 0.707694
vt 0.419229 0.707694
vt 0.536629 0.839741
vt 0.419229 0.839741
vt 0.419229 0.828433
vt 0.536629 0.828433
vt 0.419229 0.820283
vt 0.536629 0.820283
vt 0.419229 0.810988
vt 0.536629 0.810988
vt 0.419229 0.711717
vt 0.536629 0.711717
vt 0.994326 0.285563
vt 0.994326 0.402963
vt 0.990303 0.402963
vt 0.990303 0.285563
vt 0.989034 0.141249
vt 0.989034 0.129637
vt 0.993057 0.129637
vt 0.993057 0.141249
vt 0.724065 0.358064
vt 0.724065 0.369676
vt 0.720042 0.369676
vt 0.720042 0.358064
vt 0.724065 0.349418
vt 0.720042 0.349418
vt 0.724065 0.339665
vt 0.720042 0.339665
vt 0.724065 0.238975
vt 0.720042 0.238975
vt 0.989034 0.111238
vt 0.989034 0.010549
vt 0.993057 0.010549
vt 0.993057 0.111238
vt 0.989034 0.120992
vt 0.993057 0.120992
vt 0.350779 0.952331
vt 0.351741 0.948828
vt 0.353572 0.949059
vt 0.353301 0.953362
vt 0.349064 0.950069
vt 0.349436 0.948566
vt 0.346873 0.948381
vt 0.346990 0.947781
vt 0.357918 0.950627
vt 0.357738 0.949090
vt 0.360263 0.948618
vt 0.360304 0.949228
vt 0.355932 0.952656
vt 0.355418 0.949060
vt 0.351830 0.945342
vt 0.353798 0.945479
vt 0.349667 0.945188
vt 0.347326 0.944799
vt 0.357933 0.945709
vt 0.360304 0.945617
vt 0.355768 0.945590
vt 0.352282 0.940740
vt 0.354085 0.940926
vt 0.350444 0.940393
vt 0.348534 0.939850
vt 0.357764 0.940855
vt 0.359728 0.940556
vt 0.355897 0.940968
vt 0.352881 0.937425
vt 0.354295 0.937602
vt 0.351407 0.937018
vt 0.349845 0.936391
vt 0.357233 0.937385
vt 0.358862 0.936959
vt 0.355719 0.937604
vt 0.353362 0.935171
vt 0.354440 0.935306
vt 0.352177 0.934837
vt 0.350917 0.934234
vt 0.356743 0.935125
vt 0.358069 0.934685
vt 0.355525 0.935308
vt 0.353908 0.932129
vt 0.354579 0.933093
vt 0.353178 0.932171
vt 0.352016 0.932460
vt 0.356086 0.932355
vt 0.357202 0.932787
vt 0.355367 0.932221
vt 0.355494 0.931356
vt 0.353890 0.931255
vt 0.354764 0.930166
vt 0.350779 0.952331
vt 0.353301 0.953362
vt 0.353572 0.949059
vt 0.351741 0.948828
vt 0.349064 0.950069
vt 0.349436 0.948566
vt 0.346873 0.948381
vt 0.346990 0.947781
vt 0.357918 0.950627
vt 0.360304 0.949228
vt 0.360263 0.948618
vt 0.357738 0.949090
vt 0.355932 0.952656
vt 0.355418 0.949060
vt 0.353798 0.945479
vt 0.351830 0.945342
vt 0.349667 0.945188
vt 0.347326 0.944799
vt 0.360304 0.945617
vt 0.357933 0.945709
vt 0.355768 0.945590
vt 0.354085 0.940926
vt 0.352282 0.940740
vt 0.350444 0.940393
vt 0.348534 0.939850
vt 0.359728 0.940556
vt 0.357764 0.940855
vt 0.355897 0.940968
vt 0.354295 0.937602
vt 0.352881 0.937425
vt 0.351407 0.937018
vt 0.349845 0.936391
vt 0.358862 0.936959
vt 0.357233 0.937385
vt 0.355719 0.937604
vt 0.354440 0.935306
vt 0.353362 0.935171
vt 0.352177 0.934837
vt 0.350917 0.934234
vt 0.358069 0.934685
vt 0.356743 0.935125
vt 0.355525 0.935308
vt 0.354579 0.933093
vt 0.353908 0.932129
vt 0.353178 0.932171
vt 0.352016 0.932460
vt 0.357202 0.932787
vt 0.356086 0.932355
vt 0.355367 0.932221
vt 0.355494 0.931356
vt 0.354764 0.930166
vt 0.353890 0.931255
vt 0.525407 0.345315
vt 0.525407 0.348683
vt 0.508690 0.348683
vt 0.508690 0.345315
vt 0.505927 0.345315
vt 0.505927 0.348683
vt 0.497930 0.348683
vt 0.497930 0.345315
vt 0.493209 0.345315
vt 0.493209 0.348683
vt 0.483169 0.348683
vt 0.483169 0.345315
vt 0.404399 0.953320
vt 0.404399 0.936603
vt 0.412395 0.936603
vt 0.415734 0.939941
vt 0.415734 0.949982
vt 0.412395 0.953320
vt 0.435214 0.947938
vt 0.418497 0.947938
vt 0.418497 0.939941
vt 0.421836 0.936603
vt 0.431876 0.936603
vt 0.435214 0.939941
vt 0.478448 0.348683
vt 0.478448 0.345315
vt 0.470452 0.348683
vt 0.470452 0.345315
vt 0.525407 0.345315
vt 0.508690 0.345315
vt 0.508690 0.348683
vt 0.525407 0.348683
vt 0.505927 0.345315
vt 0.497930 0.345315
vt 0.497930 0.348683
vt 0.505927 0.348683
vt 0.493209 0.345315
vt 0.483169 0.345315
vt 0.483169 0.348683
vt 0.493209 0.348683
vt 0.404399 0.953320
vt 0.412395 0.953320
vt 0.415734 0.949982
vt 0.415734 0.939941
vt 0.412395 0.936603
vt 0.404399 0.936603
vt 0.435214 0.947938
vt 0.435214 0.939941
vt 0.431876 0.936603
vt 0.421836 0.936603
vt 0.418497 0.939941
vt 0.418497 0.947938
vt 0.478448 0.348683
vt 0.478448 0.345315
vt 0.470452 0.348683
vt 0.470452 0.345315
vt 0.525407 0.345315
vt 0.525407 0.348683
vt 0.508690 0.348683
vt 0.508690 0.345315
vt 0.505927 0.345315
vt 0.505927 0.348683
vt 0.497930 0.348683
vt 0.497930 0.345315
vt 0.493209 0.345315
vt 0.493209 0.348683
vt 0.483169 0.348683
vt 0.483169 0.345315
vt 0.404399 0.953320
vt 0.404399 0.936603
vt 0.412395 0.936603
vt 0.415734 0.939941
vt 0.415734 0.949982
vt 0.412395 0.953320
vt 0.435214 0.947938
vt 0.418497 0.947938
vt 0.418497 0.939941
vt 0.421836 0.936603
vt 0.431876 0.936603
vt 0.435214 0.939941
vt 0.478448 0.348683
vt 0.478448 0.345315
vt 0.470452 0.348683
vt 0.470452 0.345315
vt 0.525407 0.345315
vt 0.508690 0.345315
vt 0.508690 0.348683
vt 0.525407 0.348683
vt 0.505927 0.345315
vt 0.497930 0.345315
vt 0.497930 0.348683
vt 0.505927 0.348683
vt 0.493209 0.345315
vt 0.483169 0.345315
vt 0.483169 0.348683
vt 0.493209 0.348683
vt 0.404399 0.953320
vt 0.412395 0.953320
vt 0.415734 0.949982
vt 0.415734 0.939941
vt 0.412395 0.936603
vt 0.404399 0.936603
vt 0.435214 0.947938
vt 0.435214 0.939941
vt 0.431876 0.936603
vt 0.421836 0.936603
vt 0.418497 0.939941
vt 0.418497 0.947938
vt 0.478448 0.348683
vt 0.478448 0.345315
vt 0.470452 0.348683
vt 0.470452 0.345315
vt 0.570921 0.380005
vt 0.474074 0.380005
vt 0.470452 0.376382
vt 0.470452 0.368978
vt 0.472660 0.360734
vt 0.478695 0.354700
vt 0.486939 0.352491
vt 0.515152 0.355274
vt 0.570921 0.352491
vt 0.585365 0.544478
vt 0.573211 0.542972
vt 0.573507 0.534398
vt 0.585469 0.536003
vt 0.749093 0.655629
vt 0.749915 0.552001
vt 0.760332 0.555993
vt 0.759566 0.652466
vt 0.750337 0.382768
vt 0.762434 0.386958
vt 0.757833 0.417101
vt 0.746696 0.415928
vt 0.588379 0.417994
vt 0.584019 0.473776
vt 0.573406 0.475545
vt 0.577939 0.419221
vt 0.574029 0.524540
vt 0.585600 0.526270
vt 0.574090 0.514851
vt 0.585325 0.516603
vt 0.573813 0.505452
vt 0.584829 0.506867
vt 0.748940 0.545992
vt 0.761019 0.544622
vt 0.762434 0.550230
vt 0.913794 0.758863
vt 0.916576 0.703093
vt 0.913794 0.674880
vt 0.916002 0.666636
vt 0.922037 0.660602
vt 0.930281 0.658393
vt 0.937684 0.658393
vt 0.941307 0.662016
vt 0.941307 0.758863
vt 0.584291 0.550686
vt 0.571656 0.548619
vt 0.761993 0.476787
vt 0.761145 0.506926
vt 0.750002 0.508166
vt 0.751063 0.474879
vt 0.760700 0.516412
vt 0.749356 0.517998
vt 0.760581 0.526162
vt 0.748954 0.527717
vt 0.760914 0.536035
vt 0.748930 0.537382
vt 0.572938 0.391545
vt 0.583976 0.387361
vt 0.573047 0.650985
vt 0.573813 0.554513
vt 0.583469 0.654314
vt 0.946451 0.128815
vt 0.923063 0.128815
vt 0.923063 0.125740
vt 0.946451 0.125740
vt 0.923063 0.122664
vt 0.946451 0.122664
vt 0.923063 0.119589
vt 0.946451 0.119589
vt 0.923063 0.116514
vt 0.946451 0.116514
vt 0.923063 0.113439
vt 0.946451 0.113439
vt 0.923063 0.110364
vt 0.946451 0.110364
vt 0.923063 0.107288
vt 0.946451 0.107288
vt 0.923063 0.104213
vt 0.946451 0.104213
vt 0.282054 0.940106
vt 0.284978 0.941056
vt 0.286786 0.943544
vt 0.286786 0.946620
vt 0.284978 0.949107
vt 0.282054 0.950058
vt 0.279129 0.949107
vt 0.277322 0.946620
vt 0.277322 0.943544
vt 0.279129 0.941056
vt 0.946451 0.134965
vt 0.923063 0.134965
vt 0.923063 0.131890
vt 0.946451 0.131890
vt 0.266697 0.950058
vt 0.263773 0.949107
vt 0.261965 0.946619
vt 0.261965 0.943544
vt 0.263773 0.941056
vt 0.266697 0.940106
vt 0.269622 0.941056
vt 0.271430 0.943544
vt 0.271430 0.946619
vt 0.269622 0.949107
vt 0.937522 0.814820
vt 0.940488 0.814820
vt 0.940488 0.817252
vt 0.937522 0.817252
vt 0.916760 0.814820
vt 0.919726 0.814820
vt 0.919726 0.817252
vt 0.916760 0.817252
vt 0.922692 0.814820
vt 0.922692 0.817252
vt 0.934556 0.814820
vt 0.934556 0.817252
vt 0.928624 0.814820
vt 0.931590 0.814820
vt 0.931590 0.817252
vt 0.928624 0.817252
vt 0.943455 0.814820
vt 0.943455 0.817252
vt 0.925658 0.814820
vt 0.925658 0.817252
vt 0.913794 0.814820
vt 0.913794 0.817252
vt 0.919726 0.819712
vt 0.922692 0.819712
vt 0.925658 0.819712
vt 0.928624 0.819712
vt 0.913794 0.819712
vt 0.916760 0.819712
vt 0.931590 0.819712
vt 0.922692 0.822070
vt 0.925658 0.822070
vt 0.934556 0.819712
vt 0.937522 0.819712
vt 0.940488 0.819712
vt 0.943455 0.819712
vt 0.931590 0.822070
vt 0.934556 0.822070
vt 0.913794 0.822070
vt 0.916760 0.822070
vt 0.928624 0.822070
vt 0.919726 0.822070
vt 0.919726 0.824335
vt 0.922692 0.824335
vt 0.937522 0.822070
vt 0.940488 0.822070
vt 0.943455 0.822070
vt 0.913794 0.824335
vt 0.916760 0.824335
vt 0.940488 0.824335
vt 0.943455 0.824335
vt 0.928624 0.824335
vt 0.931590 0.824335
vt 0.925658 0.824335
vt 0.934556 0.824335
vt 0.937522 0.824335
vt 0.944594 0.406755
vt 0.952024 0.401357
vt 0.953778 0.406755
vt 0.952024 0.409169
vt 0.949186 0.410091
vt 0.946348 0.409169
vt 0.944595 0.403772
vt 0.946348 0.401358
vt 0.949186 0.400436
vt 0.953778 0.403771
vt 0.032852 0.941345
vt 0.001382 0.941345
vt 0.001382 0.938270
vt 0.032852 0.938270
vt 0.001382 0.935195
vt 0.032852 0.935195
vt 0.001382 0.932120
vt 0.032852 0.932120
vt 0.001382 0.929045
vt 0.032852 0.929045
vt 0.001382 0.925970
vt 0.032852 0.925970
vt 0.001382 0.922894
vt 0.032852 0.922894
vt 0.001382 0.919819
vt 0.032852 0.919819
vt 0.001382 0.916744
vt 0.032852 0.916744
vt 0.257394 0.949108
vt 0.254469 0.950058
vt 0.251545 0.949107
vt 0.249737 0.946620
vt 0.249737 0.943544
vt 0.251545 0.941056
vt 0.254469 0.940106
vt 0.257394 0.941056
vt 0.259201 0.943544
vt 0.259201 0.946620
vt 0.032852 0.947496
vt 0.001382 0.947496
vt 0.001382 0.944421
vt 0.032852 0.944421
vt 0.310833 0.949204
vt 0.309025 0.951692
vt 0.306100 0.952642
vt 0.303176 0.951692
vt 0.301368 0.949204
vt 0.301368 0.946129
vt 0.303176 0.943641
vt 0.306100 0.942691
vt 0.309025 0.943641
vt 0.310833 0.946129
vt 0.377025 0.947834
vt 0.375159 0.946554
vt 0.376042 0.945209
vt 0.377324 0.946156
vt 0.385975 0.936466
vt 0.382954 0.937775
vt 0.381890 0.935061
vt 0.383921 0.932455
vt 0.379499 0.933392
vt 0.380213 0.930223
vt 0.376595 0.933452
vt 0.375947 0.930166
vt 0.374209 0.935096
vt 0.372166 0.932482
vt 0.373159 0.937844
vt 0.370222 0.936514
vt 0.375984 0.952068
vt 0.376698 0.948899
vt 0.379602 0.948839
vt 0.380250 0.952126
vt 0.381989 0.947195
vt 0.384031 0.949809
vt 0.383038 0.944448
vt 0.385975 0.945778
vt 0.370222 0.945826
vt 0.373243 0.944517
vt 0.374306 0.947231
vt 0.372276 0.949836
vt 0.381928 0.937987
vt 0.381038 0.935737
vt 0.379172 0.934457
vt 0.376930 0.934496
vt 0.375087 0.935787
vt 0.374184 0.938048
vt 0.379267 0.947796
vt 0.381110 0.946504
vt 0.382014 0.944243
vt 0.374269 0.944304
vt 0.380155 0.937083
vt 0.380704 0.938738
vt 0.380736 0.943514
vt 0.380210 0.945177
vt 0.378934 0.946149
vt 0.375493 0.943553
vt 0.375461 0.938777
vt 0.375988 0.937114
vt 0.377263 0.936143
vt 0.378873 0.936136
vt 0.377025 0.947834
vt 0.377324 0.946156
vt 0.376042 0.945209
vt 0.375159 0.946554
vt 0.385975 0.936466
vt 0.383921 0.932455
vt 0.381890 0.935061
vt 0.382954 0.937775
vt 0.380213 0.930223
vt 0.379499 0.933392
vt 0.375947 0.930166
vt 0.376595 0.933452
vt 0.372166 0.932482
vt 0.374209 0.935096
vt 0.370222 0.936514
vt 0.373159 0.937844
vt 0.375984 0.952068
vt 0.380250 0.952126
vt 0.379602 0.948839
vt 0.376698 0.948899
vt 0.384031 0.949809
vt 0.381989 0.947195
vt 0.385975 0.945778
vt 0.383038 0.944448
vt 0.370222 0.945826
vt 0.372276 0.949836
vt 0.374306 0.947231
vt 0.373243 0.944517
vt 0.381928 0.937987
vt 0.381038 0.935737
vt 0.379172 0.934457
vt 0.376930 0.934496
vt 0.375087 0.935787
vt 0.374184 0.938048
vt 0.379267 0.947796
vt 0.381110 0.946504
vt 0.382014 0.944243
vt 0.374269 0.944304
vt 0.380155 0.937083
vt 0.378873 0.936136
vt 0.377263 0.936143
vt 0.375988 0.937114
vt 0.375461 0.938777
vt 0.375493 0.943553
vt 0.378934 0.946149
vt 0.380210 0.945177
vt 0.380736 0.943514
vt 0.380704 0.938738
vt 0.527539 0.885518
vt 0.527539 0.951051
vt 0.523761 0.955440
vt 0.516947 0.956480
vt 0.507563 0.955228
vt 0.502885 0.949854
vt 0.500861 0.940503
vt 0.503346 0.910202
vt 0.501899 0.884839
vt 0.315115 0.588402
vt 0.316120 0.580036
vt 0.324398 0.580425
vt 0.324395 0.588416
vt 0.236537 0.763144
vt 0.307159 0.762925
vt 0.304440 0.769672
vt 0.239609 0.769572
vt 0.887245 0.843149
vt 0.884261 0.849703
vt 0.858613 0.849554
vt 0.855758 0.843149
vt 0.416465 0.584111
vt 0.387570 0.584384
vt 0.387383 0.577915
vt 0.413350 0.577736
vt 0.335964 0.580886
vt 0.335249 0.588959
vt 0.344755 0.580825
vt 0.344948 0.588192
vt 0.355519 0.580198
vt 0.355898 0.586914
vt 0.315207 0.761137
vt 0.316328 0.769341
vt 0.309787 0.771121
vt 0.540431 0.948968
vt 0.541877 0.923605
vt 0.539392 0.893304
vt 0.541416 0.883953
vt 0.546094 0.878579
vt 0.555479 0.877327
vt 0.562292 0.878367
vt 0.566071 0.882756
vt 0.566071 0.948289
vt 0.306612 0.586631
vt 0.309364 0.578169
vt 0.387376 0.771150
vt 0.355870 0.769057
vt 0.356239 0.762326
vt 0.387529 0.764712
vt 0.344942 0.768505
vt 0.345077 0.761067
vt 0.336069 0.768491
vt 0.335250 0.760413
vt 0.324602 0.768966
vt 0.324620 0.761021
vt 0.413363 0.771250
vt 0.416465 0.764854
vt 0.884261 0.658393
vt 0.887245 0.664947
vt 0.855758 0.664947
vt 0.858613 0.658541
vt 0.239022 0.580403
vt 0.303851 0.579901
vt 0.235989 0.586850
vt 0.982786 0.654651
vt 0.982786 0.661229
vt 0.965616 0.661229
vt 0.965474 0.654651
vt 0.982786 0.668338
vt 0.982786 0.674916
vt 0.966242 0.674916
vt 0.965899 0.668338
vt 0.982786 0.610847
vt 0.982786 0.617955
vt 0.965616 0.617956
vt 0.965899 0.610847
vt 0.017943 0.509507
vt 0.037162 0.534145
vt 0.037623 0.573466
vt 0.023095 0.573128
vt 0.691709 0.214396
vt 0.628958 0.217673
vt 0.639861 0.139883
vt 0.690785 0.139826
vt 0.429735 0.028247
vt 0.443781 0.034034
vt 0.446192 0.113691
vt 0.428534 0.113474
vt 0.371082 0.478871
vt 0.296154 0.477826
vt 0.296473 0.456490
vt 0.371390 0.457488
vt 0.368061 0.013193
vt 0.365870 0.112397
vt 0.539036 0.459896
vt 0.436618 0.458442
vt 0.437514 0.423395
vt 0.557724 0.399999
vt 0.438898 0.394676
vt 0.371878 0.422158
vt 0.372256 0.392588
vt 0.323260 0.111563
vt 0.329209 0.009585
vt 0.589400 0.218511
vt 0.564238 0.216777
vt 0.571701 0.211151
vt 0.267573 0.307451
vt 0.323267 0.371280
vt 0.261064 0.364992
vt 0.261500 0.310003
vt 0.116741 0.510499
vt 0.116733 0.531509
vt 0.042671 0.530325
vt 0.590492 0.140181
vt 0.272754 0.104001
vt 0.322496 0.155088
vt 0.262863 0.154089
vt 0.263725 0.103846
vt 0.275086 0.477532
vt 0.246087 0.477127
vt 0.246663 0.455114
vt 0.275360 0.456071
vt 0.564939 0.118796
vt 0.563876 0.124854
vt 0.535404 0.124346
vt 0.535418 0.118796
vt 0.436307 0.479781
vt 0.540149 0.481231
vt 0.022363 0.408839
vt 0.014403 0.408403
vt 0.014772 0.400698
vt 0.022422 0.400787
vt 0.006127 0.406819
vt 0.009151 0.399025
vt 0.267114 0.013257
vt 0.259157 0.013514
vt 0.258875 0.005698
vt 0.266882 0.005123
vt 0.251061 0.013169
vt 0.252829 0.005321
vt 0.242880 0.012156
vt 0.244780 0.003719
vt 0.021767 0.392330
vt 0.013758 0.394713
vt 0.699839 0.214497
vt 0.700138 0.222646
vt 0.692253 0.222851
vt 0.708480 0.215946
vt 0.706056 0.224222
vt 0.237042 0.367463
vt 0.245021 0.365632
vt 0.246276 0.373559
vt 0.238517 0.375820
vt 0.253068 0.364783
vt 0.252287 0.372980
vt 0.260360 0.373653
vt 0.693862 0.231983
vt 0.701767 0.228906
vt 0.558798 0.390633
vt 0.567608 0.390589
vt 0.566641 0.400839
vt 0.463641 0.037657
vt 0.453052 0.036536
vt 0.452425 0.028433
vt 0.461705 0.029083
vt 0.444867 0.025833
vt 0.500447 0.208530
vt 0.497464 0.216573
vt 0.487819 0.212641
vt 0.491014 0.202743
vt 0.493765 0.224984
vt 0.483035 0.221079
vt 0.445119 0.338338
vt 0.454224 0.327335
vt 0.457376 0.339101
vt 0.448576 0.345635
vt 0.465118 0.317857
vt 0.467688 0.330721
vt 0.284515 0.393205
vt 0.271273 0.395737
vt 0.262780 0.387508
vt 0.275772 0.383666
vt 0.262673 0.402121
vt 0.254508 0.393953
vt 0.256598 0.410803
vt 0.248337 0.403063
vt 0.479917 0.195987
vt 0.476246 0.206552
vt 0.470452 0.215446
vt 0.430457 0.020035
vt 0.011918 0.590607
vt 0.007439 0.575148
vt 0.014877 0.573607
vt 0.019913 0.587691
vt 0.028028 0.586870
vt 0.533060 0.214561
vt 0.588859 0.227120
vt 0.532050 0.223063
vt 0.587479 0.236211
vt 0.529375 0.231992
vt 0.514418 0.220368
vt 0.510764 0.229000
vt 0.273202 0.417663
vt 0.291477 0.419783
vt 0.329392 0.001382
vt 0.368442 0.004961
vt 0.001382 0.510573
vt 0.001565 0.470306
vt 0.010004 0.470525
vt 0.009689 0.509713
vt 0.018230 0.470622
vt 0.628942 0.226256
vt 0.628914 0.235533
vt 0.362615 0.375355
vt 0.323074 0.380005
vt 0.362606 0.366560
vt 0.417787 0.361141
vt 0.387741 0.359999
vt 0.417537 0.352301
vt 0.504197 0.118796
vt 0.519155 0.118796
vt 0.519238 0.124163
vt 0.504238 0.124694
vt 0.434344 0.354255
vt 0.433700 0.345436
vt 0.236974 0.219675
vt 0.238001 0.153684
vt 0.246253 0.153818
vt 0.245226 0.219800
vt 0.254615 0.153954
vt 0.253588 0.219926
vt 0.261837 0.220049
vt 0.372365 0.382768
vt 0.439426 0.384862
vt 0.467688 0.157259
vt 0.466902 0.222836
vt 0.456124 0.222681
vt 0.456974 0.157155
vt 0.451848 0.222621
vt 0.452740 0.157104
vt 0.455307 0.271021
vt 0.265063 0.045715
vt 0.256785 0.045141
vt 0.248367 0.044469
vt 0.240173 0.043767
vt 0.262105 0.252082
vt 0.253136 0.250909
vt 0.244775 0.250090
vt 0.236532 0.249714
vt 0.559638 0.481503
vt 0.559758 0.459780
vt 0.568892 0.459645
vt 0.568892 0.481632
vt 0.116417 0.609634
vt 0.094124 0.609407
vt 0.094356 0.596629
vt 0.116463 0.596866
vt 0.094491 0.588844
vt 0.116489 0.589071
vt 0.716365 0.118796
vt 0.715811 0.141116
vt 0.707406 0.140485
vt 0.707823 0.118796
vt 0.698931 0.140030
vt 0.699329 0.118796
vt 0.691113 0.118796
vt 0.116933 0.407683
vt 0.116879 0.428209
vt 0.076499 0.428380
vt 0.116958 0.399314
vt 0.116983 0.390890
vt 0.236657 0.454630
vt 0.716815 0.217025
vt 0.043602 0.587432
vt 0.037314 0.594912
vt 0.033479 0.607645
vt 0.960449 0.092462
vt 0.977456 0.092462
vt 0.977456 0.117015
vt 0.969503 0.114925
vt 0.963450 0.109204
vt 0.960954 0.101418
vt 0.238846 0.103425
vt 0.247110 0.103564
vt 0.255484 0.103705
vt 0.960449 0.035102
vt 0.977456 0.035102
vt 0.977456 0.010549
vt 0.960954 0.026146
vt 0.963470 0.018353
vt 0.969516 0.012639
vt 0.966242 0.604269
vt 0.982786 0.604269
vt 0.982786 0.691380
vt 0.974865 0.689275
vt 0.968821 0.683521
vt 0.235989 0.312302
vt 0.244216 0.311908
vt 0.982786 0.587805
vt 0.968830 0.595671
vt 0.974880 0.589910
vt 0.252586 0.311110
vt 0.982786 0.624534
vt 0.965474 0.624534
vt 0.482487 0.118796
vt 0.494162 0.118796
vt 0.495570 0.124750
vt 0.489382 0.128233
vt 0.235989 0.476986
vt 0.590459 0.118796
vt 0.639874 0.118796
vt 0.453623 0.113763
vt 0.321268 0.241664
vt 0.364113 0.242216
vt 0.426820 0.242898
vt 0.446323 0.243189
vt 0.446001 0.264637
vt 0.426553 0.264325
vt 0.321551 0.220890
vt 0.381013 0.354790
vt 0.451566 0.243267
vt 0.482928 0.141712
vt 0.489140 0.141520
vt 0.568529 0.140469
vt 0.567943 0.129507
vt 0.386285 0.265386
vt 0.380657 0.273132
vt 0.038559 0.582601
vt 0.021691 0.383992
vt 0.117009 0.382614
vt 0.083620 0.470918
vt 0.024176 0.594782
vt 0.023348 0.604168
vt 0.015699 0.598078
vt 0.272676 0.302426
vt 0.275258 0.296328
vt 0.275649 0.265984
vt 0.273194 0.259835
vt 0.268195 0.254709
vt 0.274103 0.046265
vt 0.743105 0.860793
vt 0.743543 0.852064
vt 0.751897 0.852064
vt 0.751459 0.860793
vt 0.076442 0.465948
vt 0.301369 0.853206
vt 0.306211 0.845930
vt 0.344109 0.846002
vt 0.344109 0.886424
vt 0.301368 0.886424
vt 0.746881 0.814500
vt 0.743105 0.894012
vt 0.751459 0.894012
vt 0.515782 0.211923
vt 0.982786 0.730872
vt 0.965474 0.730872
vt 0.965616 0.724294
vt 0.982786 0.724294
vt 0.982786 0.717186
vt 0.965899 0.717186
vt 0.966242 0.710608
vt 0.982786 0.710608
vt 0.982786 0.774676
vt 0.965899 0.774676
vt 0.965616 0.767568
vt 0.982786 0.767568
vt 0.215270 0.509933
vt 0.210086 0.573465
vt 0.195653 0.573778
vt 0.195986 0.534527
vt 0.691708 0.023197
vt 0.690785 0.097767
vt 0.639861 0.097710
vt 0.628958 0.019920
vt 0.194719 0.353379
vt 0.193224 0.224830
vt 0.211549 0.224619
vt 0.208825 0.347636
vt 0.370793 0.500255
vt 0.295878 0.499161
vt 0.132900 0.368224
vt 0.130445 0.225680
vt 0.538441 0.502526
vt 0.435940 0.536180
vt 0.436022 0.501121
vt 0.555451 0.562921
vt 0.436522 0.564926
vt 0.370295 0.535584
vt 0.369848 0.565154
vt 0.094044 0.371660
vt 0.087752 0.226326
vt 0.589400 0.019082
vt 0.571701 0.026442
vt 0.564238 0.020816
vt 0.032974 0.073939
vt 0.026900 0.071384
vt 0.026482 0.016377
vt 0.088713 0.010112
vt 0.190455 0.530699
vt 0.590492 0.097412
vt 0.038008 0.277305
vt 0.028985 0.277454
vt 0.028157 0.227244
vt 0.274761 0.498992
vt 0.246048 0.499148
vt 0.535404 0.113247
vt 0.563876 0.112739
vt 0.211412 0.409401
vt 0.211400 0.401359
vt 0.219041 0.401317
vt 0.219362 0.409013
vt 0.224664 0.399681
vt 0.227633 0.407482
vt 0.032157 0.367646
vt 0.031877 0.375754
vt 0.023897 0.375133
vt 0.024226 0.367341
vt 0.017866 0.375471
vt 0.016152 0.367636
vt 0.007988 0.368595
vt 0.009831 0.377018
vt 0.212107 0.392916
vt 0.220091 0.395346
vt 0.692253 0.014742
vt 0.700138 0.014947
vt 0.699839 0.023095
vt 0.706056 0.013371
vt 0.708480 0.021647
vt 0.002453 0.013898
vt 0.003932 0.005538
vt 0.011693 0.007803
vt 0.010435 0.015731
vt 0.017706 0.008384
vt 0.018484 0.016583
vt 0.025782 0.007713
vt 0.693862 0.005610
vt 0.701767 0.008687
vt 0.564387 0.562330
vt 0.565068 0.572603
vt 0.556262 0.572313
vt 0.228733 0.344087
vt 0.226763 0.352667
vt 0.217466 0.353284
vt 0.218127 0.345168
vt 0.209879 0.355859
vt 0.500447 0.029063
vt 0.491014 0.034849
vt 0.487819 0.024951
vt 0.497464 0.021019
vt 0.483035 0.016514
vt 0.493765 0.012609
vt 0.210640 0.043123
vt 0.214101 0.035822
vt 0.222906 0.042362
vt 0.219750 0.054138
vt 0.233226 0.050748
vt 0.230657 0.063623
vt 0.282158 0.562088
vt 0.273152 0.571380
vt 0.260273 0.567176
vt 0.268992 0.559188
vt 0.252183 0.560503
vt 0.260574 0.552566
vt 0.254743 0.543718
vt 0.246269 0.551225
vt 0.479917 0.041606
vt 0.476246 0.031041
vt 0.470452 0.022147
vt 0.195410 0.361611
vt 0.221197 0.590942
vt 0.213217 0.588007
vt 0.218285 0.573958
vt 0.225709 0.575511
vt 0.205113 0.587161
vt 0.533060 0.023032
vt 0.532050 0.014530
vt 0.588859 0.010473
vt 0.529375 0.005601
vt 0.587479 0.001382
vt 0.510764 0.008593
vt 0.514418 0.017225
vt 0.271532 0.537324
vt 0.289859 0.535715
vt 0.133247 0.376463
vt 0.094185 0.379851
vt 0.231805 0.511044
vt 0.223515 0.510162
vt 0.223383 0.471047
vt 0.231805 0.470873
vt 0.215171 0.471100
vt 0.628942 0.011337
vt 0.628914 0.002060
vt 0.128092 0.006048
vt 0.128079 0.014849
vt 0.088524 0.001382
vt 0.183298 0.020295
vt 0.183045 0.029141
vt 0.153231 0.021426
vt 0.504238 0.112899
vt 0.519238 0.113429
vt 0.199216 0.036016
vt 0.199863 0.027191
vt 0.002322 0.161657
vt 0.010572 0.161539
vt 0.011554 0.227503
vt 0.003306 0.227631
vt 0.018933 0.161419
vt 0.019912 0.227372
vt 0.027179 0.161302
vt 0.436776 0.574751
vt 0.369683 0.574973
vt 0.233226 0.224434
vt 0.222504 0.224513
vt 0.221711 0.158944
vt 0.232500 0.158790
vt 0.211442 0.159077
vt 0.220853 0.110528
vt 0.022057 0.335794
vt 0.030314 0.335273
vt 0.013660 0.336412
vt 0.005486 0.337061
vt 0.018506 0.130442
vt 0.027475 0.129276
vt 0.010145 0.131254
vt 0.001903 0.131623
vt 0.568278 0.503610
vt 0.559152 0.503221
vt 0.138575 0.596781
vt 0.138750 0.609581
vt 0.138470 0.588993
vt 0.707406 0.097108
vt 0.715811 0.096477
vt 0.698931 0.097563
vt 0.157224 0.428609
vt 0.236033 0.499352
vt 0.716815 0.020568
vt 0.189546 0.587640
vt 0.195805 0.595152
vt 0.199601 0.607914
vt 0.973666 0.935543
vt 0.973160 0.944500
vt 0.970665 0.952285
vt 0.964612 0.958007
vt 0.956659 0.960097
vt 0.956659 0.935543
vt 0.004120 0.277861
vt 0.012380 0.277727
vt 0.020748 0.277591
vt 0.973666 0.878184
vt 0.956659 0.878184
vt 0.956659 0.853630
vt 0.964599 0.855720
vt 0.970645 0.861435
vt 0.973161 0.869227
vt 0.966242 0.781254
vt 0.982786 0.781254
vt 0.968821 0.702003
vt 0.974865 0.696248
vt 0.982786 0.694143
vt 0.001382 0.069077
vt 0.009611 0.069473
vt 0.982786 0.797718
vt 0.974880 0.795613
vt 0.968830 0.789852
vt 0.017984 0.070275
vt 0.965474 0.760990
vt 0.982786 0.760990
vt 0.489382 0.109359
vt 0.495570 0.112843
vt 0.086854 0.160515
vt 0.129706 0.160006
vt 0.192482 0.159311
vt 0.192042 0.117244
vt 0.211535 0.116931
vt 0.146495 0.026637
vt 0.482928 0.095880
vt 0.489140 0.096073
vt 0.568529 0.097124
vt 0.567943 0.108086
vt 0.151720 0.116139
vt 0.146085 0.108389
vt 0.194609 0.582824
vt 0.212236 0.384585
vt 0.149942 0.471069
vt 0.208937 0.595077
vt 0.217399 0.598396
vt 0.209739 0.604462
vt 0.038077 0.078969
vt 0.040658 0.085070
vt 0.041028 0.115393
vt 0.038567 0.121536
vt 0.033566 0.126654
vt 0.039330 0.334781
vt 0.743105 0.927231
vt 0.751459 0.927231
vt 0.751897 0.935960
vt 0.743543 0.935960
vt 0.157126 0.466147
vt 0.301369 0.919643
vt 0.344109 0.926847
vt 0.306211 0.926919
vt 0.746881 0.973524
vt 0.515782 0.025670
vt 0.116794 0.471008
vt 0.964598 0.359110
vt 0.976513 0.358561
vt 0.977034 0.367026
vt 0.965371 0.368653
vt 0.967016 0.378623
vt 0.978184 0.375982
vt 0.979737 0.383444
vt 0.969256 0.387462
vt 0.967023 0.306485
vt 0.978191 0.309128
vt 0.977039 0.318084
vt 0.965376 0.316454
vt 0.585484 0.283731
vt 0.587839 0.254051
vt 0.594247 0.253770
vt 0.594145 0.272255
vt 0.478277 0.334960
vt 0.478668 0.300527
vt 0.502102 0.300487
vt 0.506963 0.336584
vt 0.812532 0.166533
vt 0.812732 0.127986
vt 0.820217 0.128120
vt 0.818288 0.163952
vt 0.790905 0.584156
vt 0.784956 0.584237
vt 0.784683 0.563099
vt 0.790621 0.563011
vt 0.784497 0.173479
vt 0.783888 0.127687
vt 0.785617 0.631314
vt 0.775559 0.602918
vt 0.785220 0.602661
vt 0.769065 0.636505
vt 0.767896 0.603321
vt 0.775287 0.584360
vt 0.767430 0.584446
vt 0.766650 0.175117
vt 0.764096 0.127828
vt 0.524935 0.337158
vt 0.533077 0.334231
vt 0.536551 0.336230
vt 0.740134 0.031856
vt 0.736853 0.030319
vt 0.736553 0.006675
vt 0.765667 0.004266
vt 0.631792 0.283110
vt 0.596745 0.274013
vt 0.631736 0.273417
vt 0.524925 0.300594
vt 0.741382 0.130288
vt 0.736237 0.129016
vt 0.735769 0.107419
vt 0.763928 0.107104
vt 0.790545 0.557365
vt 0.784555 0.557432
vt 0.784293 0.549694
vt 0.790440 0.549542
vt 0.536891 0.290763
vt 0.551187 0.290763
vt 0.551203 0.293359
vt 0.537415 0.293774
vt 0.791152 0.602578
vt 0.791542 0.631552
vt 0.587471 0.330186
vt 0.587526 0.332743
vt 0.585069 0.332851
vt 0.585025 0.330304
vt 0.583968 0.333212
vt 0.582980 0.330706
vt 0.738001 0.173403
vt 0.738022 0.175886
vt 0.735444 0.175791
vt 0.735520 0.173293
vt 0.734239 0.175856
vt 0.733458 0.173381
vt 0.730777 0.173680
vt 0.731693 0.176358
vt 0.587420 0.334965
vt 0.584874 0.334116
vt 0.478081 0.337701
vt 0.475478 0.337734
vt 0.475704 0.335008
vt 0.474218 0.338206
vt 0.473454 0.335514
vt 0.729238 0.005540
vt 0.729897 0.002688
vt 0.732450 0.003559
vt 0.731938 0.006250
vt 0.733732 0.003830
vt 0.734023 0.006677
vt 0.736418 0.003766
vt 0.477609 0.340315
vt 0.475065 0.339261
vt 0.769009 0.638369
vt 0.766666 0.638848
vt 0.767072 0.636964
vt 0.825956 0.162071
vt 0.824660 0.164842
vt 0.821276 0.165500
vt 0.821852 0.162782
vt 0.818289 0.166554
vt 0.565536 0.332759
vt 0.569527 0.330336
vt 0.570705 0.334435
vt 0.566730 0.336004
vt 0.572530 0.337375
vt 0.568054 0.338756
vt 0.820832 0.020993
vt 0.822064 0.018131
vt 0.825550 0.020821
vt 0.824499 0.025714
vt 0.829824 0.024527
vt 0.829211 0.029983
vt 0.767560 0.559579
vt 0.765314 0.557139
vt 0.766025 0.553764
vt 0.768050 0.556059
vt 0.767468 0.551778
vt 0.769619 0.553871
vt 0.771878 0.552403
vt 0.769785 0.550425
vt 0.574577 0.327380
vt 0.575731 0.331781
vt 0.578105 0.335189
vt 0.812457 0.169019
vt 0.585148 0.247283
vt 0.587390 0.248076
vt 0.585155 0.254105
vt 0.583318 0.253725
vt 0.590130 0.248050
vt 0.551099 0.335286
vt 0.551440 0.338555
vt 0.525102 0.339925
vt 0.552431 0.341207
vt 0.525661 0.342551
vt 0.560658 0.340188
vt 0.559281 0.337525
vt 0.773829 0.556777
vt 0.774568 0.561660
vt 0.784434 0.175911
vt 0.766709 0.177569
vt 0.580868 0.283354
vt 0.582925 0.283683
vt 0.583092 0.301558
vt 0.581012 0.301591
vt 0.585576 0.301564
vt 0.506990 0.339327
vt 0.507039 0.341984
vt 0.783771 0.003881
vt 0.783942 0.006809
vt 0.765613 0.001382
vt 0.808885 0.011153
vt 0.808905 0.014552
vt 0.795394 0.010374
vt 0.564886 0.290763
vt 0.564841 0.293344
vt 0.558394 0.293354
vt 0.558417 0.290763
vt 0.815986 0.017885
vt 0.816032 0.014389
vt 0.727699 0.075623
vt 0.730763 0.075524
vt 0.731006 0.107455
vt 0.727963 0.107427
vt 0.732949 0.075492
vt 0.733191 0.107450
vt 0.735537 0.075494
vt 0.765708 0.603478
vt 0.765197 0.584465
vt 0.829646 0.106686
vt 0.825423 0.106683
vt 0.825492 0.075314
vt 0.829824 0.075308
vt 0.823838 0.106693
vt 0.823841 0.075319
vt 0.825066 0.051979
vt 0.734332 0.161181
vt 0.737171 0.161049
vt 0.731782 0.161482
vt 0.728642 0.161930
vt 0.733010 0.062867
vt 0.736607 0.062344
vt 0.730388 0.063213
vt 0.727145 0.063447
vt 0.791610 0.636615
vt 0.791642 0.639021
vt 0.785393 0.639012
vt 0.785442 0.636655
vt 0.631656 0.238975
vt 0.631670 0.243962
vt 0.621217 0.244053
vt 0.621125 0.239073
vt 0.631679 0.246952
vt 0.621269 0.247052
vt 0.470452 0.290763
vt 0.473617 0.290763
vt 0.473858 0.300891
vt 0.470842 0.301228
vt 0.475901 0.290763
vt 0.476097 0.300645
vt 0.478502 0.290763
vt 0.612677 0.321491
vt 0.631966 0.321751
vt 0.631999 0.330654
vt 0.632008 0.333273
vt 0.632016 0.335509
vt 0.784206 0.547354
vt 0.470597 0.335826
vt 0.597094 0.247705
vt 0.594329 0.244866
vt 0.592948 0.239940
vt 0.224488 0.944720
vt 0.230048 0.954275
vt 0.231205 0.960183
vt 0.229569 0.965379
vt 0.224487 0.969888
vt 0.213965 0.947942
vt 0.727459 0.129115
vt 0.730726 0.129145
vt 0.733343 0.129154
vt 0.224497 0.882949
vt 0.213975 0.879724
vt 0.224500 0.857779
vt 0.229572 0.862283
vt 0.231205 0.867482
vt 0.230055 0.873405
vt 0.979744 0.301677
vt 0.969265 0.297646
vt 0.980300 0.390985
vt 0.977808 0.395901
vt 0.972092 0.399544
vt 0.727479 0.028975
vt 0.730705 0.029254
vt 0.972100 0.285563
vt 0.977802 0.289203
vt 0.980300 0.294137
vt 0.733317 0.029668
vt 0.976516 0.326548
vt 0.964601 0.325997
vt 0.574461 0.290763
vt 0.571477 0.295195
vt 0.568497 0.293314
vt 0.569189 0.290763
vt 0.790408 0.547179
vt 0.502123 0.290763
vt 0.524973 0.290763
vt 0.823537 0.128183
vt 0.763807 0.065599
vt 0.783960 0.065579
vt 0.813121 0.065395
vt 0.812990 0.055606
vt 0.821452 0.055067
vt 0.821566 0.065373
vt 0.763849 0.075543
vt 0.792385 0.012060
vt 0.823796 0.065371
vt 0.573923 0.301855
vt 0.571368 0.301695
vt 0.535004 0.300794
vt 0.535421 0.295949
vt 0.794546 0.054501
vt 0.791902 0.050654
vt 0.594703 0.249792
vt 0.587597 0.337760
vt 0.632027 0.338549
vt 0.615275 0.298941
vt 0.589081 0.245181
vt 0.586653 0.244219
vt 0.589250 0.241565
vt 0.743154 0.034957
vt 0.744669 0.038728
vt 0.744607 0.054095
vt 0.743046 0.057854
vt 0.739987 0.060922
vt 0.742104 0.159422
vt 0.610240 0.302755
vt 0.631870 0.298989
vt 0.678254 0.301198
vt 0.648480 0.298804
vt 0.678208 0.283343
vt 0.558801 0.334182
vt 0.960449 0.160213
vt 0.961222 0.150670
vt 0.972885 0.152297
vt 0.972364 0.160762
vt 0.962867 0.140700
vt 0.965107 0.131861
vt 0.975588 0.135880
vt 0.974035 0.143341
vt 0.962875 0.212838
vt 0.961227 0.202869
vt 0.972890 0.201239
vt 0.974042 0.210195
vt 0.669437 0.271955
vt 0.669072 0.253445
vt 0.675515 0.253662
vt 0.478277 0.246566
vt 0.506963 0.244942
vt 0.502102 0.281039
vt 0.478668 0.280999
vt 0.743670 0.345540
vt 0.737712 0.342887
vt 0.735921 0.284851
vt 0.743867 0.284913
vt 0.796559 0.562939
vt 0.796854 0.584077
vt 0.772413 0.352401
vt 0.773114 0.285067
vt 0.797458 0.631155
vt 0.797085 0.602502
vt 0.806749 0.602499
vt 0.814143 0.635900
vt 0.814421 0.602696
vt 0.806523 0.583940
vt 0.814379 0.583816
vt 0.793145 0.285204
vt 0.790574 0.353897
vt 0.524935 0.244368
vt 0.536551 0.245296
vt 0.533077 0.247294
vt 0.816534 0.210437
vt 0.791160 0.183191
vt 0.820005 0.185490
vt 0.819778 0.208904
vt 0.666866 0.273740
vt 0.524925 0.280931
vt 0.815705 0.308340
vt 0.821194 0.285494
vt 0.820833 0.307042
vt 0.796589 0.549529
vt 0.796534 0.557271
vt 0.537415 0.287752
vt 0.551203 0.288167
vt 0.676553 0.329872
vt 0.679003 0.329973
vt 0.678977 0.332523
vt 0.676517 0.332432
vt 0.681053 0.330361
vt 0.680081 0.332877
vt 0.819560 0.351820
vt 0.822071 0.351678
vt 0.822179 0.354207
vt 0.819570 0.354335
vt 0.824160 0.351741
vt 0.823400 0.354257
vt 0.826879 0.352009
vt 0.825986 0.354733
vt 0.676638 0.334655
vt 0.679180 0.333788
vt 0.475704 0.246518
vt 0.475478 0.243792
vt 0.478081 0.243825
vt 0.473454 0.246012
vt 0.474218 0.243320
vt 0.827247 0.184344
vt 0.824575 0.185055
vt 0.824060 0.182391
vt 0.826586 0.181521
vt 0.822511 0.185484
vt 0.822791 0.182664
vt 0.820130 0.182609
vt 0.477609 0.241211
vt 0.475065 0.242265
vt 0.816148 0.636305
vt 0.816604 0.638177
vt 0.814250 0.637761
vt 0.729877 0.340906
vt 0.734031 0.341681
vt 0.734633 0.344482
vt 0.731160 0.343764
vt 0.737731 0.345582
vt 0.565536 0.248767
vt 0.566730 0.245522
vt 0.570705 0.247091
vt 0.569527 0.251190
vt 0.568054 0.242770
vt 0.572530 0.244151
vt 0.736560 0.199891
vt 0.732923 0.204570
vt 0.731891 0.199719
vt 0.735339 0.197058
vt 0.728225 0.208772
vt 0.727650 0.203370
vt 0.813581 0.558961
vt 0.812997 0.555455
vt 0.814960 0.553107
vt 0.815761 0.556462
vt 0.811370 0.553310
vt 0.813464 0.551160
vt 0.809073 0.551903
vt 0.811112 0.549870
vt 0.574577 0.254146
vt 0.575731 0.249745
vt 0.578105 0.246336
vt 0.743768 0.348098
vt 0.678147 0.246859
vt 0.680039 0.253288
vt 0.678204 0.253687
vt 0.675910 0.247674
vt 0.673169 0.247673
vt 0.551099 0.246240
vt 0.525102 0.241600
vt 0.551440 0.242970
vt 0.525661 0.238975
vt 0.552431 0.240319
vt 0.559281 0.244001
vt 0.560658 0.241337
vt 0.807239 0.556328
vt 0.806632 0.561229
vt 0.790543 0.356386
vt 0.772504 0.354884
vt 0.682825 0.282922
vt 0.682825 0.301192
vt 0.680742 0.301175
vt 0.680767 0.283272
vt 0.506990 0.242199
vt 0.507039 0.239542
vt 0.773219 0.182860
vt 0.791208 0.180333
vt 0.773059 0.185762
vt 0.748372 0.190131
vt 0.761723 0.189326
vt 0.748360 0.193495
vt 0.558394 0.288172
vt 0.564841 0.288182
vt 0.741305 0.193347
vt 0.741356 0.196807
vt 0.829095 0.253801
vt 0.828973 0.285467
vt 0.825941 0.285509
vt 0.826046 0.253717
vt 0.823764 0.285514
vt 0.823871 0.253695
vt 0.821296 0.253708
vt 0.816612 0.583775
vt 0.816612 0.602795
vt 0.727145 0.284756
vt 0.727214 0.253699
vt 0.731524 0.253743
vt 0.731440 0.284801
vt 0.735713 0.253792
vt 0.732150 0.230641
vt 0.820245 0.339301
vt 0.823121 0.339399
vt 0.825707 0.339671
vt 0.828892 0.340085
vt 0.820172 0.240637
vt 0.823751 0.241138
vt 0.826361 0.241470
vt 0.829588 0.241687
vt 0.797776 0.636489
vt 0.797889 0.638844
vt 0.642173 0.239021
vt 0.642121 0.243995
vt 0.642094 0.246992
vt 0.470842 0.280298
vt 0.473858 0.280634
vt 0.476097 0.280881
vt 0.651259 0.321350
vt 0.796613 0.547187
vt 0.470598 0.245700
vt 0.666202 0.247384
vt 0.668940 0.244522
vt 0.670275 0.239588
vt 0.955118 0.310731
vt 0.944594 0.307509
vt 0.955116 0.285563
vt 0.960199 0.290072
vt 0.961834 0.295268
vt 0.960678 0.301176
vt 0.829588 0.307096
vt 0.826330 0.307142
vt 0.823720 0.307164
vt 0.955127 0.372502
vt 0.944604 0.375727
vt 0.955130 0.397672
vt 0.960685 0.382046
vt 0.961834 0.387969
vt 0.960201 0.393168
vt 0.975595 0.217647
vt 0.965116 0.221677
vt 0.967943 0.119779
vt 0.973659 0.123422
vt 0.976151 0.128339
vt 0.829057 0.207546
vt 0.825863 0.207832
vt 0.967951 0.233760
vt 0.976151 0.225186
vt 0.973653 0.230120
vt 0.823277 0.208249
vt 0.960452 0.193326
vt 0.972367 0.192775
vt 0.568497 0.288212
vt 0.571477 0.286331
vt 0.793267 0.253847
vt 0.773216 0.253834
vt 0.744015 0.253873
vt 0.735707 0.233730
vt 0.744119 0.234279
vt 0.764715 0.190988
vt 0.573923 0.279671
vt 0.571368 0.279831
vt 0.535004 0.280732
vt 0.535421 0.285577
vt 0.762664 0.233120
vt 0.765294 0.229283
vt 0.668610 0.249443
vt 0.676480 0.337453
vt 0.674192 0.244793
vt 0.673989 0.241177
vt 0.676612 0.243808
vt 0.813552 0.213517
vt 0.812063 0.217256
vt 0.812187 0.232489
vt 0.813754 0.236210
vt 0.816805 0.239240
vt 0.815229 0.337716
vt 0.653551 0.302584
vt 0.558801 0.247344
vt 0.893606 0.608391
vt 0.894186 0.622664
vt 0.890646 0.623519
vt 0.890009 0.607826
vt 0.896968 0.602983
vt 0.894682 0.605462
vt 0.891574 0.603563
vt 0.894823 0.600039
vt 0.895497 0.625495
vt 0.897976 0.627781
vt 0.896077 0.630889
vt 0.892553 0.627640
vt 0.900904 0.628857
vt 0.900124 0.632414
vt 0.899800 0.601673
vt 0.898733 0.598190
vt 0.896375 0.531074
vt 0.908009 0.531604
vt 0.905198 0.533921
vt 0.893662 0.533504
vt 0.897867 0.503908
vt 0.895437 0.501195
vt 0.957685 0.070309
vt 0.957685 0.079304
vt 0.951634 0.079304
vt 0.951634 0.070309
vt 0.962710 0.785307
vt 0.962710 0.794058
vt 0.956659 0.794058
vt 0.956659 0.785307
vt 0.907843 0.555288
vt 0.907625 0.586393
vt 0.903983 0.586367
vt 0.904201 0.555263
vt 0.911030 0.489687
vt 0.909489 0.504655
vt 0.906950 0.502045
vt 0.907395 0.489920
vt 0.907527 0.600546
vt 0.904617 0.598356
vt 0.724306 0.118796
vt 0.723741 0.141151
vt 0.724381 0.215616
vt 0.947844 0.463100
vt 0.947844 0.426129
vt 0.953895 0.426129
vt 0.953895 0.463100
vt 0.908698 0.629352
vt 0.911030 0.655629
vt 0.907400 0.655337
vt 0.905976 0.631772
vt 0.947844 0.476703
vt 0.953895 0.476703
vt 0.823018 0.592219
vt 0.823030 0.637259
vt 0.819441 0.636644
vt 0.819376 0.592219
vt 0.914155 0.378635
vt 0.914155 0.346658
vt 0.920206 0.346658
vt 0.920206 0.378635
vt 0.914155 0.299939
vt 0.920206 0.299939
vt 0.914155 0.288974
vt 0.914155 0.282436
vt 0.920206 0.282436
vt 0.920206 0.288974
vt 0.914155 0.248227
vt 0.920206 0.248227
vt 0.914155 0.196618
vt 0.920206 0.196618
vt 0.914155 0.180333
vt 0.920206 0.180333
vt 0.914155 0.464556
vt 0.914155 0.412865
vt 0.920206 0.412865
vt 0.920206 0.464556
vt 0.914155 0.480845
vt 0.920206 0.480845
vt 0.914155 0.574782
vt 0.914155 0.568660
vt 0.920206 0.568660
vt 0.920206 0.574782
vt 0.914155 0.553841
vt 0.920206 0.553841
vt 0.914155 0.513581
vt 0.920206 0.513581
vt 0.962710 0.700818
vt 0.962710 0.716002
vt 0.956659 0.716002
vt 0.956659 0.700818
vt 0.962710 0.844530
vt 0.962710 0.850867
vt 0.956659 0.850867
vt 0.956659 0.844530
vt 0.962710 0.587805
vt 0.962710 0.651823
vt 0.956659 0.651823
vt 0.956659 0.587805
vt 0.962710 0.659566
vt 0.956659 0.659566
vt 0.962710 0.722274
vt 0.956659 0.722274
vt 0.957685 0.138394
vt 0.957685 0.145346
vt 0.951634 0.145346
vt 0.951634 0.138394
vt 0.957685 0.195975
vt 0.957685 0.211859
vt 0.951634 0.211859
vt 0.951634 0.195975
vt 0.957685 0.114543
vt 0.951634 0.114543
vt 0.957685 0.131647
vt 0.951634 0.131647
vt 0.957685 0.220601
vt 0.957685 0.282799
vt 0.951634 0.282799
vt 0.951634 0.220601
vt 0.957685 0.010549
vt 0.957685 0.017912
vt 0.951634 0.017912
vt 0.951634 0.010549
vt 0.947844 0.693940
vt 0.947844 0.639703
vt 0.953895 0.639703
vt 0.953895 0.693940
vt 0.947844 0.698343
vt 0.953895 0.698343
vt 0.947844 0.737478
vt 0.953895 0.737478
vt 0.947844 0.746663
vt 0.953895 0.746663
vt 0.947844 0.420652
vt 0.953895 0.420652
vt 0.957685 0.043600
vt 0.957685 0.057798
vt 0.951634 0.057798
vt 0.951634 0.043600
vt 0.962710 0.806230
vt 0.962710 0.820042
vt 0.956659 0.820042
vt 0.956659 0.806230
vt 0.957685 0.157423
vt 0.957685 0.171307
vt 0.951634 0.171307
vt 0.951634 0.157423
vt 0.894187 0.691358
vt 0.893607 0.705631
vt 0.890009 0.706196
vt 0.890646 0.690503
vt 0.894683 0.708560
vt 0.896968 0.711039
vt 0.894823 0.713983
vt 0.891575 0.710459
vt 0.897976 0.686241
vt 0.895497 0.688526
vt 0.892553 0.686382
vt 0.896077 0.683133
vt 0.900904 0.685165
vt 0.900124 0.681608
vt 0.899800 0.712349
vt 0.898733 0.715832
vt 0.908009 0.782418
vt 0.896375 0.782948
vt 0.893662 0.780518
vt 0.905199 0.780101
vt 0.897868 0.810114
vt 0.895438 0.812827
vt 0.777180 0.373954
vt 0.786175 0.373954
vt 0.786175 0.380005
vt 0.777180 0.380005
vt 0.980219 0.159434
vt 0.980219 0.153402
vt 0.986270 0.153402
vt 0.986270 0.159434
vt 0.907625 0.727629
vt 0.907843 0.758734
vt 0.904201 0.758759
vt 0.903984 0.727655
vt 0.909490 0.809367
vt 0.911030 0.824335
vt 0.907395 0.824102
vt 0.906950 0.811977
vt 0.907527 0.713476
vt 0.904617 0.715667
vt 0.723741 0.096442
vt 0.724381 0.021977
vt 0.947844 0.527277
vt 0.947844 0.490306
vt 0.953895 0.490306
vt 0.953895 0.527277
vt 0.911030 0.658393
vt 0.908698 0.684670
vt 0.905976 0.682250
vt 0.907400 0.658685
vt 0.823030 0.547179
vt 0.819441 0.547794
vt 0.980219 0.104893
vt 0.980219 0.096464
vt 0.986270 0.096464
vt 0.986270 0.104893
vt 0.980219 0.198590
vt 0.980219 0.194220
vt 0.986270 0.194220
vt 0.986270 0.198590
vt 0.980219 0.059271
vt 0.980219 0.010549
vt 0.986270 0.010549
vt 0.986270 0.059271
vt 0.980219 0.064615
vt 0.986270 0.064615
vt 0.980219 0.109960
vt 0.986270 0.109960
vt 0.711138 0.373954
vt 0.718090 0.373954
vt 0.718090 0.380005
vt 0.711138 0.380005
vt 0.644626 0.373954
vt 0.660509 0.373954
vt 0.660509 0.380005
vt 0.644626 0.380005
vt 0.741941 0.373954
vt 0.741941 0.380005
vt 0.724838 0.373954
vt 0.724838 0.380005
vt 0.573685 0.373953
vt 0.635883 0.373954
vt 0.635883 0.380005
vt 0.573685 0.380005
vt 0.838573 0.373954
vt 0.845935 0.373954
vt 0.845935 0.380005
vt 0.838573 0.380005
vt 0.947844 0.585467
vt 0.953895 0.585467
vt 0.947844 0.581064
vt 0.953895 0.581064
vt 0.947844 0.543285
vt 0.953895 0.543285
vt 0.947844 0.533288
vt 0.953895 0.533288
vt 0.798687 0.373954
vt 0.812884 0.373954
vt 0.812884 0.380005
vt 0.798687 0.380005
vt 0.980219 0.177342
vt 0.980219 0.167823
vt 0.986270 0.167823
vt 0.986270 0.177342
vt 0.685177 0.373954
vt 0.699061 0.373954
vt 0.699061 0.380005
vt 0.685177 0.380005
vt 0.757628 0.808208
vt 0.765396 0.802981
vt 0.763961 0.829832
vt 0.757336 0.831906
vt 0.829164 0.814116
vt 0.829808 0.833287
vt 0.816542 0.832065
vt 0.813828 0.810074
vt 0.791552 0.806384
vt 0.790588 0.831033
vt 0.762342 0.874576
vt 0.790743 0.875713
vt 0.791547 0.895593
vt 0.761823 0.894917
vt 0.831640 0.877571
vt 0.832442 0.895204
vt 0.824034 0.895507
vt 0.821904 0.876593
vt 0.808870 0.895686
vt 0.806299 0.875732
vt 0.803269 0.831439
vt 0.802069 0.807808
vt 0.757614 0.875978
vt 0.757767 0.890239
vt 0.838314 0.879115
vt 0.838295 0.891726
vt 0.838208 0.835290
vt 0.838314 0.820300
vt 0.571948 0.901977
vt 0.571656 0.878279
vt 0.578281 0.880354
vt 0.579716 0.907204
vt 0.643484 0.896070
vt 0.628148 0.900112
vt 0.630862 0.878121
vt 0.644128 0.876899
vt 0.604908 0.879152
vt 0.605872 0.903802
vt 0.576662 0.835609
vt 0.576143 0.815269
vt 0.605867 0.814593
vt 0.605063 0.834472
vt 0.645960 0.832615
vt 0.636224 0.833592
vt 0.638354 0.814679
vt 0.646762 0.814982
vt 0.620619 0.834453
vt 0.623190 0.814500
vt 0.616389 0.902377
vt 0.617589 0.878747
vt 0.571934 0.834208
vt 0.572087 0.819947
vt 0.652633 0.831070
vt 0.652615 0.818459
vt 0.652528 0.874896
vt 0.652633 0.889886
vt 0.002326 0.850502
vt 0.011977 0.839897
vt 0.023968 0.833046
vt 0.040516 0.826066
vt 0.070440 0.817941
vt 0.077228 0.823054
vt 0.077228 0.905321
vt 0.071488 0.913151
vt 0.030569 0.913980
vt 0.010755 0.913806
vt 0.001382 0.907208
vt 0.665440 0.877978
vt 0.664496 0.821272
vt 0.673869 0.814674
vt 0.693683 0.814500
vt 0.734602 0.815329
vt 0.740341 0.823159
vt 0.740341 0.905426
vt 0.733554 0.910539
vt 0.703629 0.902414
vt 0.687081 0.895434
vt 0.675091 0.888583
vt 0.823543 0.536653
vt 0.818792 0.541910
vt 0.809523 0.543102
vt 0.769210 0.544415
vt 0.765197 0.538851
vt 0.765532 0.463592
vt 0.823501 0.463592
vt 0.823501 0.485549
vt 0.823543 0.390531
vt 0.823501 0.441635
vt 0.765197 0.388333
vt 0.769210 0.382768
vt 0.809523 0.384082
vt 0.818792 0.385274
vt 0.197807 0.862858
vt 0.211201 0.862858
vt 0.211201 0.865075
vt 0.197807 0.865075
vt 0.211201 0.867937
vt 0.197807 0.867937
vt 0.211201 0.870798
vt 0.197807 0.870798
vt 0.211201 0.873015
vt 0.197807 0.873015
vt 0.211201 0.875233
vt 0.197807 0.875233
vt 0.211201 0.878094
vt 0.197807 0.878094
vt 0.196738 0.942395
vt 0.195223 0.944014
vt 0.193081 0.943443
vt 0.191566 0.941015
vt 0.191566 0.938153
vt 0.193081 0.936534
vt 0.195223 0.937106
vt 0.196738 0.939534
vt 0.197807 0.857779
vt 0.211201 0.857779
vt 0.211201 0.860641
vt 0.197807 0.860641
vt 0.195223 0.926291
vt 0.196738 0.927910
vt 0.196738 0.930771
vt 0.195223 0.933199
vt 0.193081 0.933771
vt 0.191566 0.932151
vt 0.191566 0.929290
vt 0.193081 0.926862
vt 0.286762 0.915508
vt 0.276207 0.914850
vt 0.276097 0.911309
vt 0.286786 0.911493
vt 0.286252 0.919766
vt 0.276278 0.918283
vt 0.285674 0.923565
vt 0.276263 0.922277
vt 0.285568 0.927085
vt 0.275783 0.927307
vt 0.285872 0.930609
vt 0.276008 0.932792
vt 0.286786 0.934235
vt 0.276325 0.937343
vt 0.266193 0.915950
vt 0.265844 0.911958
vt 0.266458 0.919348
vt 0.266742 0.922789
vt 0.266859 0.927068
vt 0.266486 0.931463
vt 0.265771 0.935694
vt 0.257092 0.916736
vt 0.257007 0.913041
vt 0.257270 0.920236
vt 0.257475 0.923487
vt 0.257686 0.926808
vt 0.257791 0.930571
vt 0.257647 0.934339
vt 0.235989 0.916708
vt 0.235990 0.912942
vt 0.236010 0.920455
vt 0.236135 0.924408
vt 0.236357 0.928152
vt 0.236554 0.931677
vt 0.236748 0.935422
vt 0.856657 0.852526
vt 0.881604 0.852466
vt 0.880705 0.901466
vt 0.855758 0.901527
vt 0.871464 0.086265
vt 0.898831 0.085873
vt 0.898831 0.105878
vt 0.870479 0.105350
vt 0.925073 0.279635
vt 0.927659 0.230695
vt 0.948871 0.198469
vt 0.948871 0.282799
vt 0.842117 0.060637
vt 0.834340 0.011044
vt 0.862443 0.004209
vt 0.890483 0.001382
vt 0.832588 0.117956
vt 0.843666 0.094991
vt 0.855312 0.129609
vt 0.922970 0.197574
vt 0.941055 0.180333
vt 0.881604 0.934905
vt 0.856657 0.934965
vt 0.855758 0.901527
vt 0.880705 0.901466
vt 0.871464 0.086265
vt 0.870479 0.105350
vt 0.898831 0.105878
vt 0.898831 0.085873
vt 0.948871 0.198469
vt 0.927659 0.230695
vt 0.842117 0.060637
vt 0.832588 0.117956
vt 0.855312 0.129609
vt 0.843666 0.094991
vt 0.941055 0.180333
vt 0.922970 0.197574
vt 0.856657 0.934965
vt 0.881604 0.934905
vt 0.985549 0.921618
vt 0.990436 0.921618
vt 0.990436 0.936760
vt 0.985549 0.936760
vt 0.990436 0.951902
vt 0.985549 0.951902
vt 0.985549 0.800482
vt 0.990436 0.800482
vt 0.990436 0.815624
vt 0.985549 0.815624
vt 0.990436 0.830766
vt 0.985549 0.830766
vt 0.990436 0.845908
vt 0.985549 0.845908
vt 0.990436 0.861050
vt 0.985549 0.861050
vt 0.990436 0.876192
vt 0.985549 0.876192
vt 0.990436 0.891334
vt 0.985549 0.891334
vt 0.823547 0.949083
vt 0.821082 0.945689
vt 0.821082 0.941495
vt 0.823547 0.938101
vt 0.827536 0.936805
vt 0.831526 0.938101
vt 0.833991 0.941495
vt 0.833991 0.945689
vt 0.831526 0.949083
vt 0.827537 0.950379
vt 0.990436 0.906476
vt 0.985549 0.906476
vt 0.862212 0.937729
vt 0.866202 0.939025
vt 0.868667 0.942418
vt 0.868667 0.946613
vt 0.866202 0.950007
vt 0.862213 0.951303
vt 0.858223 0.950007
vt 0.855758 0.946613
vt 0.855758 0.942419
vt 0.858223 0.939025
vt 0.427700 0.928439
vt 0.438927 0.924792
vt 0.442101 0.929160
vt 0.427700 0.933839
vt 0.381329 0.813966
vt 0.392555 0.817614
vt 0.392555 0.823014
vt 0.378154 0.818335
vt 0.416473 0.924792
vt 0.413299 0.929160
vt 0.403782 0.813966
vt 0.406956 0.818335
vt 0.409535 0.915241
vt 0.404399 0.916910
vt 0.410721 0.804416
vt 0.415856 0.806085
vt 0.409535 0.903437
vt 0.404399 0.901768
vt 0.410721 0.792612
vt 0.415856 0.790943
vt 0.416473 0.893887
vt 0.413299 0.889518
vt 0.403782 0.783062
vt 0.406956 0.778693
vt 0.427700 0.890239
vt 0.427700 0.884839
vt 0.392555 0.779414
vt 0.392555 0.774014
vt 0.438927 0.893887
vt 0.442101 0.889518
vt 0.381329 0.783062
vt 0.378154 0.778693
vt 0.445866 0.903437
vt 0.451001 0.901768
vt 0.374390 0.792612
vt 0.369254 0.790943
vt 0.445865 0.915242
vt 0.451001 0.916910
vt 0.374390 0.804416
vt 0.369254 0.806085
vt 0.976429 0.948067
vt 0.981316 0.948067
vt 0.981316 0.959871
vt 0.976429 0.959871
vt 0.976429 0.936262
vt 0.981316 0.936262
vt 0.976429 0.924457
vt 0.981316 0.924457
vt 0.976429 0.912653
vt 0.981316 0.912653
vt 0.976429 0.900848
vt 0.981316 0.900848
vt 0.976429 0.889044
vt 0.981316 0.889044
vt 0.976429 0.877239
vt 0.981316 0.877239
vt 0.976429 0.865435
vt 0.981316 0.865435
vt 0.976429 0.853630
vt 0.981316 0.853630
vt 0.981316 0.971676
vt 0.976429 0.971676
vt 0.913794 0.647240
vt 0.913794 0.643045
vt 0.919479 0.643045
vt 0.919479 0.647240
vt 0.913794 0.651434
vt 0.919479 0.651434
vt 0.913794 0.617877
vt 0.913794 0.613683
vt 0.919479 0.613683
vt 0.919479 0.617877
vt 0.913794 0.622072
vt 0.919479 0.622072
vt 0.913794 0.626266
vt 0.919479 0.626266
vt 0.913794 0.630461
vt 0.919479 0.630461
vt 0.913794 0.638851
vt 0.913794 0.634656
vt 0.919479 0.634656
vt 0.919479 0.638851
vt 0.919479 0.655629
vt 0.913794 0.655629
vt 0.451001 0.936603
vt 0.451001 0.939206
vt 0.438029 0.939206
vt 0.438029 0.936603
vt 0.818318 0.940999
vt 0.818318 0.943603
vt 0.805346 0.943603
vt 0.805346 0.940999
vt 0.818318 0.947797
vt 0.805346 0.947797
vt 0.451001 0.946004
vt 0.451001 0.950198
vt 0.438029 0.950198
vt 0.438029 0.946004
vt 0.818318 0.950400
vt 0.805346 0.950400
vt 0.451001 0.943401
vt 0.438029 0.943401
vt 0.818318 0.936805
vt 0.805346 0.936805
vt 0.937710 0.420652
vt 0.937710 0.535283
vt 0.930340 0.535283
vt 0.930340 0.420652
vt 0.922970 0.535283
vt 0.922970 0.420652
vt 0.913794 0.586710
vt 0.920176 0.583025
vt 0.920176 0.590395
vt 0.945080 0.420652
vt 0.945080 0.535283
vt 0.763718 0.951818
vt 0.757336 0.948133
vt 0.763718 0.944448
vt 0.734566 0.963744
vt 0.729996 0.963704
vt 0.730037 0.958924
vt 0.734551 0.957882
vt 0.204826 0.926291
vt 0.204826 0.969302
vt 0.200344 0.969302
vt 0.200344 0.926291
vt 0.739138 0.913303
vt 0.739135 0.952119
vt 0.734527 0.951704
vt 0.734494 0.913303
vt 0.412265 0.834742
vt 0.373531 0.834742
vt 0.370507 0.833489
vt 0.369254 0.830465
vt 0.369254 0.825778
vt 0.412265 0.825778
vt 0.329807 0.952834
vt 0.325324 0.952834
vt 0.325324 0.943870
vt 0.329807 0.942691
vt 0.044580 0.916744
vt 0.044580 0.959755
vt 0.039893 0.959755
vt 0.036869 0.958502
vt 0.035616 0.955478
vt 0.035616 0.916744
vt 0.730106 0.955573
vt 0.734540 0.954766
vt 0.729941 0.952155
vt 0.729719 0.913317
vt 0.738987 0.955546
vt 0.739073 0.958901
vt 0.334289 0.952834
vt 0.334289 0.943870
vt 0.209309 0.926291
vt 0.209309 0.969302
vt 0.739138 0.963681
vt 0.694779 0.300219
vt 0.695455 0.337846
vt 0.692461 0.338694
vt 0.691521 0.300219
vt 0.689037 0.339435
vt 0.688298 0.300219
vt 0.714274 0.300219
vt 0.713864 0.339519
vt 0.710363 0.339520
vt 0.711011 0.300219
vt 0.706961 0.338754
vt 0.707799 0.300219
vt 0.703918 0.337861
vt 0.704596 0.300219
vt 0.701070 0.337348
vt 0.701355 0.300219
vt 0.710151 0.342232
vt 0.706339 0.342321
vt 0.698257 0.337352
vt 0.698069 0.300219
vt 0.714032 0.341893
vt 0.714631 0.345689
vt 0.710655 0.346401
vt 0.700840 0.342403
vt 0.698502 0.342323
vt 0.693075 0.342239
vt 0.689387 0.342075
vt 0.703324 0.342345
vt 0.696039 0.342268
vt 0.698433 0.347533
vt 0.700887 0.347617
vt 0.701238 0.354010
vt 0.698007 0.353965
vt 0.695744 0.347349
vt 0.692551 0.346906
vt 0.703582 0.347456
vt 0.706800 0.347052
vt 0.688752 0.346168
vt 0.708010 0.352929
vt 0.711781 0.352043
vt 0.713357 0.359320
vt 0.709516 0.360139
vt 0.704517 0.353644
vt 0.715747 0.351193
vt 0.694708 0.353560
vt 0.691198 0.352778
vt 0.687344 0.351798
vt 0.791568 0.950898
vt 0.791516 0.947138
vt 0.794073 0.948099
vt 0.794013 0.949775
vt 0.689532 0.360075
vt 0.685588 0.359143
vt 0.701658 0.361396
vt 0.697537 0.361464
vt 0.705645 0.360891
vt 0.717278 0.358499
vt 0.693471 0.360906
vt 0.795182 0.950995
vt 0.795305 0.946981
vt 0.796957 0.946926
vt 0.798112 0.948119
vt 0.798023 0.949747
vt 0.796871 0.950963
vt 0.794245 0.944448
vt 0.797951 0.944448
vt 0.800570 0.947007
vt 0.800570 0.950833
vt 0.797818 0.953505
vt 0.794161 0.953451
vt 0.555571 0.824326
vt 0.564298 0.822838
vt 0.564794 0.830972
vt 0.555622 0.833075
vt 0.891902 0.371949
vt 0.911391 0.371949
vt 0.911391 0.409498
vt 0.891902 0.409498
vt 0.548925 0.813629
vt 0.555643 0.813710
vt 0.549010 0.824215
vt 0.555938 0.775366
vt 0.548730 0.775344
vt 0.548796 0.726139
vt 0.555959 0.726154
vt 0.565131 0.776725
vt 0.563973 0.814515
vt 0.539514 0.776683
vt 0.539392 0.726120
vt 0.540587 0.814432
vt 0.540269 0.822743
vt 0.911391 0.417309
vt 0.891902 0.417309
vt 0.539788 0.830867
vt 0.548972 0.832963
vt 0.548901 0.851021
vt 0.540058 0.849479
vt 0.911391 0.424681
vt 0.891902 0.424681
vt 0.555690 0.851045
vt 0.551835 0.868830
vt 0.547764 0.868923
vt 0.911391 0.441852
vt 0.891902 0.441852
vt 0.564534 0.849635
vt 0.553670 0.874563
vt 0.544971 0.873946
vt 0.561311 0.864946
vt 0.541290 0.867964
vt 0.910882 0.458742
vt 0.908449 0.464288
vt 0.900848 0.464812
vt 0.894918 0.455564
vt 0.565338 0.726173
vt 0.891902 0.322573
vt 0.911391 0.322573
vt 0.846997 0.613009
vt 0.847408 0.622927
vt 0.857989 0.621585
vt 0.857053 0.611771
vt 0.231205 0.656435
vt 0.231205 0.647372
vt 0.205249 0.647372
vt 0.205249 0.656435
vt 0.838704 0.602294
vt 0.838911 0.612780
vt 0.847132 0.602458
vt 0.847559 0.592099
vt 0.847711 0.515486
vt 0.838189 0.515486
vt 0.838267 0.592093
vt 0.857771 0.593245
vt 0.857043 0.602742
vt 0.828083 0.593209
vt 0.827398 0.515486
vt 0.828795 0.602600
vt 0.828771 0.611615
vt 0.231205 0.638988
vt 0.205249 0.638988
vt 0.827857 0.621563
vt 0.826307 0.641126
vt 0.837927 0.640904
vt 0.838611 0.622820
vt 0.231205 0.630125
vt 0.205249 0.630125
vt 0.231205 0.612397
vt 0.205249 0.612397
vt 0.848367 0.640718
vt 0.859752 0.640798
vt 0.858470 0.515486
vt 0.231205 0.733706
vt 0.205249 0.733706
vt 0.828894 0.648203
vt 0.857601 0.647693
vt 0.726828 0.364979
vt 0.732690 0.364977
vt 0.731661 0.369494
vt 0.726882 0.369550
vt 0.823044 0.364739
vt 0.823044 0.369221
vt 0.780033 0.369221
vt 0.780033 0.364739
vt 0.777255 0.360257
vt 0.777269 0.364901
vt 0.738868 0.364983
vt 0.738439 0.360376
vt 0.289640 0.911309
vt 0.298604 0.911309
vt 0.298604 0.954320
vt 0.293917 0.954320
vt 0.290893 0.953067
vt 0.289640 0.950042
vt 0.318079 0.952834
vt 0.318079 0.942691
vt 0.322561 0.943870
vt 0.322561 0.952834
vt 0.765197 0.655629
vt 0.765197 0.646665
vt 0.803931 0.646665
vt 0.806956 0.647918
vt 0.808208 0.650942
vt 0.808208 0.655629
vt 0.735806 0.364978
vt 0.735013 0.369415
vt 0.738431 0.369570
vt 0.777269 0.369676
vt 0.735013 0.360534
vt 0.731658 0.360458
vt 0.313596 0.952834
vt 0.313596 0.943870
vt 0.823044 0.360257
vt 0.780033 0.360257
vt 0.726877 0.360407
vt 0.692462 0.261744
vt 0.695455 0.262593
vt 0.689038 0.261003
vt 0.710364 0.260918
vt 0.713864 0.260919
vt 0.706961 0.261684
vt 0.703919 0.262577
vt 0.701070 0.263090
vt 0.706339 0.258117
vt 0.710151 0.258206
vt 0.698258 0.263086
vt 0.710655 0.254037
vt 0.714631 0.254748
vt 0.714032 0.258545
vt 0.698502 0.258115
vt 0.700840 0.258035
vt 0.689387 0.258363
vt 0.693075 0.258199
vt 0.703324 0.258094
vt 0.696039 0.258170
vt 0.698433 0.252905
vt 0.698007 0.246473
vt 0.701238 0.246428
vt 0.700887 0.252821
vt 0.692551 0.253533
vt 0.695745 0.253089
vt 0.703582 0.252982
vt 0.706800 0.253386
vt 0.688752 0.254270
vt 0.708010 0.247509
vt 0.709516 0.240299
vt 0.713357 0.241118
vt 0.711781 0.248395
vt 0.704517 0.246794
vt 0.715747 0.249245
vt 0.691198 0.247660
vt 0.694708 0.246878
vt 0.687344 0.248640
vt 0.944087 0.752483
vt 0.946536 0.753581
vt 0.946602 0.755243
vt 0.944071 0.756216
vt 0.685588 0.241296
vt 0.689532 0.240364
vt 0.697537 0.238975
vt 0.701658 0.239042
vt 0.705645 0.239547
vt 0.717278 0.241939
vt 0.693471 0.239532
vt 0.947695 0.752346
vt 0.949392 0.752360
vt 0.950597 0.753518
vt 0.950644 0.755173
vt 0.949492 0.756373
vt 0.947836 0.756327
vt 0.946803 0.758863
vt 0.950499 0.758850
vt 0.953122 0.756280
vt 0.953122 0.752415
vt 0.950305 0.749791
vt 0.946643 0.749901
vt 0.555973 0.627981
vt 0.556060 0.619232
vt 0.565223 0.621372
vt 0.564694 0.629504
vt 0.891902 0.273196
vt 0.891902 0.235647
vt 0.911391 0.235647
vt 0.911391 0.273196
vt 0.549283 0.638650
vt 0.549412 0.628064
vt 0.556002 0.638597
vt 0.556139 0.676942
vt 0.548932 0.676934
vt 0.565338 0.675620
vt 0.564335 0.637826
vt 0.539721 0.675558
vt 0.540948 0.637813
vt 0.540664 0.629501
vt 0.891902 0.227836
vt 0.911391 0.227836
vt 0.540217 0.621375
vt 0.540563 0.602764
vt 0.549412 0.601258
vt 0.549409 0.619317
vt 0.891902 0.220464
vt 0.911391 0.220464
vt 0.548348 0.583352
vt 0.552419 0.583462
vt 0.556201 0.601262
vt 0.891902 0.203293
vt 0.911391 0.203293
vt 0.565039 0.602708
vt 0.554277 0.577736
vt 0.545576 0.578318
vt 0.561878 0.587384
vt 0.541870 0.584285
vt 0.894918 0.189581
vt 0.900848 0.180333
vt 0.908449 0.180857
vt 0.910882 0.186403
vt 0.846997 0.417963
vt 0.857053 0.419201
vt 0.857989 0.409387
vt 0.847408 0.408045
vt 0.231205 0.810977
vt 0.205249 0.810977
vt 0.205249 0.820041
vt 0.231205 0.820041
vt 0.838704 0.428678
vt 0.847132 0.428514
vt 0.838911 0.418193
vt 0.847559 0.438873
vt 0.838267 0.438880
vt 0.857771 0.437727
vt 0.857043 0.428230
vt 0.828082 0.437763
vt 0.828795 0.428372
vt 0.828771 0.419357
vt 0.205249 0.828424
vt 0.231205 0.828424
vt 0.827857 0.409409
vt 0.838611 0.408152
vt 0.837927 0.390068
vt 0.826307 0.389846
vt 0.205249 0.837287
vt 0.231205 0.837287
vt 0.205249 0.855015
vt 0.231205 0.855016
vt 0.848367 0.390253
vt 0.859752 0.390173
vt 0.828894 0.382768
vt 0.857601 0.383278
vn -1.0000 0.0000 0.0000
vn 0.0000 0.0000 -1.0000
vn 1.0000 0.0000 0.0000
vn 0.0000 0.0000 1.0000
vn 0.0000 -1.0000 0.0000
vn 0.0000 1.0000 0.0000
vn -0.0000 0.0925 0.9957
vn -0.8672 0.4958 -0.0460
vn -0.8673 -0.4956 0.0460
vn 0.9898 0.1421 -0.0132
vn 0.8672 0.4958 -0.0460
vn 0.8672 -0.4958 0.0460
vn -0.8672 -0.4958 0.0460
vn -0.4419 0.8932 -0.0829
vn 0.4419 0.8932 -0.0829
vn 0.8673 -0.4956 0.0460
vn -0.9898 0.1421 -0.0132
vn -0.9756 0.2195 0.0000
vn 0.9788 -0.2048 0.0000
vn -0.2195 -0.9756 0.0000
vn -0.5991 0.8007 0.0000
vn 0.6027 -0.7979 0.0000
vn 0.7979 0.6027 0.0000
vn -0.8426 0.5385 0.0000
vn 0.8426 -0.5385 0.0000
vn -0.1926 0.9813 0.0000
vn 0.1926 -0.9813 0.0000
vn -0.9813 -0.1926 0.0000
vn 0.9813 0.1926 0.0000
vn 0.9999 0.0159 0.0000
vn 0.1505 0.2625 0.9531
vn -0.1722 0.2341 0.9568
vn -0.0036 0.0000 -1.0000
vn -0.2075 0.0000 -0.9782
vn 0.0036 0.0000 -1.0000
vn 0.2075 0.0000 -0.9782
vn -0.9997 0.0000 -0.0242
vn 0.0000 -0.9921 0.1257
vn 0.0000 0.9955 0.0951
vn 0.9361 0.0000 0.3517
vn 0.0000 -0.9684 -0.2494
vn 0.9997 0.0000 0.0242
vn -0.9361 0.0000 -0.3517
vn 0.9997 0.0000 -0.0242
vn -0.9361 0.0000 0.3517
vn -0.9997 0.0000 0.0242
vn 0.9361 0.0000 -0.3517
vn -0.3710 0.3554 -0.8580
vn 0.3710 0.3554 -0.8580
vn 0.3710 -0.0000 -0.9286
vn -0.3710 -0.0000 -0.9286
vn -0.3710 -0.6567 -0.6567
vn 0.3710 -0.6567 -0.6567
vn 0.3710 -0.8580 -0.3554
vn -0.3710 -0.8580 -0.3554
vn 0.3710 -0.9286 -0.0000
vn -0.3710 -0.9286 0.0000
vn 0.3710 -0.8580 0.3554
vn -0.3710 -0.8580 0.3554
vn 0.3710 -0.6567 0.6567
vn -0.3710 -0.6567 0.6567
vn 0.3710 -0.3554 0.8580
vn -0.3710 -0.3554 0.8580
vn 0.3710 -0.0000 0.9286
vn -0.3710 -0.0000 0.9286
vn 0.3710 0.3554 0.8580
vn -0.3710 0.3554 0.8580
vn 0.3710 0.6567 0.6567
vn -0.3710 0.6566 0.6567
vn 0.3710 0.8580 0.3554
vn -0.3710 0.8580 0.3554
vn 0.3710 0.9286 0.0000
vn -0.3710 0.9286 0.0000
vn 0.3710 0.8580 -0.3554
vn -0.3710 0.8580 -0.3554
vn 0.3710 0.6567 -0.6567
vn -0.3710 0.6566 -0.6567
vn -0.3710 -0.3554 -0.8580
vn 0.3710 -0.3554 -0.8580
vn 0.9088 -0.1597 -0.3855
vn 0.9088 -0.0000 -0.4172
vn 0.9088 0.1597 -0.3855
vn 0.9088 0.2950 -0.2950
vn 0.9088 0.3855 -0.1597
vn 0.9088 0.4172 0.0000
vn 0.9088 0.3855 0.1597
vn 0.9088 0.2950 0.2950
vn 0.9088 0.1597 0.3855
vn 0.9088 0.0000 0.4172
vn 0.9088 -0.1597 0.3855
vn 0.9088 -0.2950 0.2950
vn 0.9088 -0.3855 0.1597
vn 0.9088 -0.4172 0.0000
vn 0.9088 -0.3855 -0.1597
vn 0.9088 -0.2950 -0.2950
vn 0.5832 0.0000 0.8123
vn 0.5832 -0.3109 0.7505
vn 0.8664 -0.1911 0.4613
vn 0.8664 0.0000 0.4993
vn 0.9774 0.0000 -0.2116
vn 0.9774 -0.0810 -0.1955
vn 0.9774 -0.1496 -0.1496
vn 0.9774 -0.1955 -0.0810
vn 0.9774 -0.2116 0.0000
vn 0.9774 -0.1955 0.0810
vn 0.9774 -0.1496 0.1496
vn 0.9774 -0.0810 0.1955
vn 0.9774 -0.0000 0.2116
vn 0.9774 0.0810 0.1955
vn 0.9774 0.1496 0.1496
vn 0.9774 0.1955 0.0810
vn 0.9774 0.2116 0.0000
vn 0.9774 0.1955 -0.0810
vn 0.9774 0.1496 -0.1496
vn 0.9774 0.0810 -0.1955
vn 0.8664 -0.1911 -0.4613
vn 0.8664 -0.0000 -0.4993
vn 0.8664 0.1911 -0.4613
vn 0.8664 0.3531 -0.3531
vn 0.8664 0.4613 -0.1911
vn 0.8664 0.4993 -0.0000
vn 0.8664 0.4613 0.1911
vn 0.8664 0.3531 0.3531
vn 0.8664 0.1911 0.4613
vn 0.8664 -0.3531 0.3531
vn 0.8664 -0.4613 0.1911
vn 0.8664 -0.4993 0.0000
vn 0.8664 -0.4613 -0.1911
vn 0.8664 -0.3531 -0.3531
vn 0.5832 -0.3109 -0.7505
vn 0.5832 -0.0000 -0.8123
vn 0.5832 0.3109 -0.7505
vn 0.5832 0.3109 0.7505
vn 0.5832 -0.5744 -0.5744
vn 0.5832 0.5744 0.5744
vn 0.5832 -0.7505 -0.3109
vn 0.5832 0.7505 0.3109
vn 0.5832 -0.8123 0.0000
vn 0.5832 0.8123 -0.0000
vn 0.5832 -0.7505 0.3109
vn 0.5832 0.7505 -0.3109
vn 0.5832 -0.5744 0.5744
vn 0.5832 0.5744 -0.5744
vn -0.9088 -0.1597 -0.3855
vn -0.9088 -0.0000 -0.4172
vn -0.9088 -0.2950 -0.2950
vn -0.9088 -0.3855 -0.1597
vn -0.9088 -0.4172 0.0000
vn -0.9088 -0.3855 0.1597
vn -0.9088 -0.2950 0.2950
vn -0.9088 -0.1597 0.3855
vn -0.9088 0.0000 0.4172
vn -0.9088 0.1597 0.3855
vn -0.9088 0.2950 0.2950
vn -0.9088 0.3855 0.1597
vn -0.9088 0.4172 0.0000
vn -0.9088 0.3855 -0.1597
vn -0.9088 0.2950 -0.2950
vn -0.9088 0.1597 -0.3855
vn -0.4222 -0.0000 -0.9065
vn -0.4222 0.5328 -0.7334
vn -0.4222 0.8621 -0.2801
vn -0.4222 0.8621 0.2801
vn -0.4222 0.5328 0.7334
vn -0.4222 0.0000 0.9065
vn -0.4222 -0.5328 0.7334
vn -0.4222 -0.8621 0.2801
vn -0.4222 -0.8621 -0.2801
vn -0.4222 -0.5328 -0.7334
vn -0.0000 0.8660 -0.5000
vn -0.0000 0.8660 0.5000
vn 0.0000 -0.8660 0.5000
vn 0.0000 -0.8660 -0.5000
vn -0.3710 -0.6566 -0.6567
vn -0.3710 -0.6566 0.6567
vn -0.3710 0.6567 0.6567
vn -0.5832 -0.0000 0.8123
vn -0.8664 -0.0000 0.4993
vn -0.8664 -0.1911 0.4613
vn -0.5832 -0.3109 0.7505
vn -0.9774 0.0000 -0.2116
vn -0.9774 -0.0810 -0.1955
vn -0.9774 -0.1496 -0.1496
vn -0.9774 -0.1955 -0.0810
vn -0.9774 -0.2116 0.0000
vn -0.9774 -0.1955 0.0810
vn -0.9774 -0.1496 0.1496
vn -0.9774 -0.0810 0.1955
vn -0.9774 0.0000 0.2116
vn -0.9774 0.0810 0.1955
vn -0.9774 0.1496 0.1496
vn -0.9774 0.1955 0.0810
vn -0.9774 0.2116 0.0000
vn -0.9774 0.1955 -0.0810
vn -0.9774 0.1496 -0.1496
vn -0.9774 0.0810 -0.1955
vn -0.8664 -0.1911 -0.4613
vn -0.8664 -0.3531 -0.3531
vn -0.8664 -0.4613 -0.1911
vn -0.8664 -0.4993 0.0000
vn -0.8664 -0.4613 0.1911
vn -0.8664 -0.3531 0.3531
vn -0.8664 0.1911 0.4613
vn -0.8664 0.3531 0.3531
vn -0.8664 0.4613 0.1911
vn -0.8664 0.4993 -0.0000
vn -0.8664 0.4613 -0.1911
vn -0.8664 0.3531 -0.3531
vn -0.8664 0.1911 -0.4613
vn -0.8664 -0.0000 -0.4993
vn -0.5832 -0.3109 -0.7505
vn -0.5832 -0.0000 -0.8123
vn -0.5832 0.3109 -0.7505
vn -0.5832 0.3109 0.7505
vn -0.5832 -0.5744 -0.5744
vn -0.5832 0.5744 0.5744
vn -0.5832 -0.7505 -0.3109
vn -0.5832 0.7505 0.3109
vn -0.5832 -0.8123 0.0000
vn -0.5832 0.8123 -0.0000
vn -0.5832 -0.7505 0.3109
vn -0.5832 0.7505 -0.3109
vn -0.5832 -0.5744 0.5744
vn -0.5832 0.5744 -0.5744
vn 0.4222 0.0000 -0.9065
vn 0.4222 0.5328 -0.7334
vn 0.4222 0.8621 -0.2801
vn 0.4222 0.8621 0.2801
vn 0.4222 0.5328 0.7334
vn 0.4222 -0.0000 0.9065
vn 0.4222 -0.5328 0.7334
vn 0.4222 -0.8621 0.2801
vn 0.4222 -0.8621 -0.2801
vn 0.4222 -0.5328 -0.7334
vn -0.3710 0.6567 -0.6567
vn 0.0219 0.9905 0.1357
vn 0.1142 0.6987 0.7063
vn 0.3781 0.6455 0.6636
vn 0.3961 0.9151 0.0752
vn 0.6019 0.4940 0.6274
vn 0.7134 0.7004 0.0239
vn 0.7514 0.2674 0.6033
vn 0.9253 0.3791 -0.0103
vn 0.8039 -0.0000 0.5948
vn 0.9997 -0.0000 -0.0224
vn 0.7514 -0.2674 0.6033
vn 0.9253 -0.3791 -0.0103
vn 0.6019 -0.4940 0.6274
vn 0.7134 -0.7004 0.0239
vn 0.3781 -0.6455 0.6636
vn 0.3961 -0.9151 0.0752
vn 0.1142 -0.6987 0.7063
vn 0.0219 -0.9905 0.1357
vn -0.1497 -0.6455 0.7490
vn -0.3522 -0.9151 0.1962
vn -0.3735 -0.4940 0.7851
vn -0.6695 -0.7004 0.2475
vn -0.5230 -0.2674 0.8093
vn -0.8814 -0.3790 0.2818
vn -0.5755 0.0000 0.8178
vn -0.9559 0.0000 0.2938
vn -0.5230 0.2674 0.8093
vn -0.8814 0.3791 0.2818
vn -0.3735 0.4940 0.7851
vn -0.6695 0.7004 0.2475
vn -0.1497 0.6455 0.7490
vn -0.3522 0.9151 0.1962
vn 0.6184 0.5707 -0.5403
vn 0.8412 -0.4070 -0.3559
vn 0.4487 0.6276 -0.6363
vn 0.2717 0.2945 0.9162
vn 0.1513 0.3188 0.9357
vn 0.0309 0.2945 0.9551
vn -0.0712 0.2254 0.9717
vn -0.1395 0.1220 0.9827
vn -0.1634 0.0000 0.9866
vn -0.1395 -0.1220 0.9827
vn -0.0712 -0.2254 0.9717
vn 0.0309 -0.2945 0.9551
vn 0.1513 -0.3188 0.9357
vn 0.2717 -0.2945 0.9162
vn 0.3738 -0.2254 0.8997
vn 0.4420 -0.1220 0.8887
vn 0.4660 -0.0000 0.8848
vn 0.4420 0.1220 0.8887
vn 0.3738 0.2254 0.8997
vn -0.6663 -0.3171 0.6749
vn -0.4890 -0.5859 0.6462
vn 0.9073 -0.0000 0.4204
vn 0.8451 0.3171 0.4305
vn -0.7286 0.0000 0.6849
vn 0.8451 -0.3171 0.4305
vn -0.6663 0.3171 0.6749
vn 0.6677 -0.5859 0.4592
vn -0.4890 0.5859 0.6462
vn 0.4024 -0.7655 0.5021
vn -0.2237 0.7655 0.6033
vn 0.0894 -0.8286 0.5527
vn 0.4024 0.7655 0.5021
vn 0.0894 0.8286 0.5527
vn -0.2237 -0.7655 0.6033
vn 0.6677 0.5859 0.4592
vn 0.9233 0.3709 0.1000
vn 0.7159 0.6854 0.1335
vn -0.6373 -0.6854 0.3523
vn -0.3269 -0.8955 0.3021
vn 0.4054 0.8955 0.1837
vn 0.0393 -0.9693 0.2429
vn 0.0393 0.9693 0.2429
vn -0.3269 0.8955 0.3021
vn 0.4054 -0.8955 0.1837
vn -0.6373 0.6854 0.3523
vn 0.7159 -0.6854 0.1335
vn -0.8447 0.3709 0.3858
vn 0.9233 -0.3709 0.1000
vn -0.9176 -0.0000 0.3976
vn 0.9961 0.0000 0.0882
vn -0.8447 -0.3709 0.3858
vn 0.0164 0.9947 0.1017
vn 0.1152 0.6924 0.7122
vn 0.2600 0.6771 0.6884
vn 0.2329 0.9697 0.0733
vn 0.4352 0.6145 0.6580
vn 0.4939 0.8679 0.0533
vn 0.6634 0.4266 0.6148
vn 0.8148 0.5783 0.0411
vn 0.8110 0.0000 0.5850
vn 0.9993 0.0000 0.0374
vn 0.6634 -0.4266 0.6148
vn 0.8148 -0.5783 0.0411
vn 0.4352 -0.6145 0.6580
vn 0.4939 -0.8679 0.0533
vn 0.2600 -0.6771 0.6884
vn 0.2329 -0.9697 0.0733
vn 0.1152 -0.6924 0.7122
vn 0.0164 -0.9947 0.1017
vn -0.0298 -0.6771 0.7353
vn -0.1980 -0.9697 0.1429
vn -0.2057 -0.6145 0.7616
vn -0.4520 -0.8679 0.2062
vn -0.4358 -0.4266 0.7925
vn -0.7603 -0.5783 0.2957
vn -0.5854 -0.0000 0.8108
vn -0.9366 -0.0000 0.3504
vn -0.4358 0.4266 0.7925
vn -0.7603 0.5783 0.2957
vn -0.2057 0.6145 0.7616
vn -0.4520 0.8679 0.2062
vn -0.0298 0.6771 0.7353
vn -0.1980 0.9697 0.1429
vn 0.6109 -0.2621 0.7471
vn 0.5061 0.6554 0.5607
vn -0.0047 0.6671 0.7449
vn 0.2315 -0.2946 0.9271
vn 0.2145 0.3468 0.9131
vn 0.1488 0.3615 0.9204
vn 0.0842 0.3468 0.9342
vn 0.0159 0.2947 0.9555
vn -0.0527 0.1849 0.9813
vn -0.0900 0.0000 0.9959
vn -0.0527 -0.1849 0.9813
vn 0.0159 -0.2947 0.9555
vn 0.0842 -0.3468 0.9342
vn 0.1488 -0.3615 0.9204
vn 0.2145 -0.3468 0.9131
vn 0.2860 -0.2947 0.9118
vn 0.3592 -0.1849 0.9147
vn 0.3993 0.0000 0.9168
vn 0.3592 0.1849 0.9147
vn 0.2860 0.2947 0.9118
vn -0.5175 -0.4693 0.7155
vn -0.2992 -0.7235 0.6221
vn 0.8538 -0.0000 0.5207
vn 0.7166 0.4693 0.5160
vn -0.6462 0.0000 0.7632
vn 0.7166 -0.4693 0.5160
vn -0.5175 0.4693 0.7155
vn 0.4800 -0.7235 0.4962
vn -0.2992 0.7235 0.6221
vn 0.2685 -0.8344 0.4814
vn -0.1031 0.8344 0.5415
vn 0.0798 -0.8660 0.4936
vn 0.2685 0.8344 0.4814
vn 0.0798 0.8660 0.4936
vn -0.1031 -0.8344 0.5415
vn 0.4800 0.7235 0.4962
vn 0.8141 0.5491 0.1890
vn 0.5080 0.8446 0.1688
vn -0.4289 -0.8447 0.3203
vn -0.1821 -0.9537 0.2393
vn 0.2483 0.9537 0.1697
vn 0.0311 -0.9808 0.1924
vn 0.0311 0.9808 0.1924
vn -0.1821 0.9537 0.2393
vn 0.2483 -0.9537 0.1697
vn -0.4289 0.8447 0.3203
vn 0.5080 -0.8446 0.1688
vn -0.7131 0.5491 0.4359
vn 0.8141 -0.5491 0.1890
vn -0.8641 0.0000 0.5033
vn 0.9787 0.0000 0.2053
vn -0.7131 -0.5491 0.4359
vn 0.0000 0.9859 -0.1673
vn 0.8660 0.4930 -0.0836
vn 0.8660 -0.4930 0.0836
vn 0.0000 -0.9859 0.1673
vn -0.8660 -0.4930 0.0836
vn -0.0000 0.1673 0.9859
vn -0.8660 0.4930 -0.0836
vn 0.8022 0.5940 -0.0608
vn 0.9446 -0.3255 0.0409
vn -0.2123 0.7599 0.6144
vn 0.5464 -0.6215 0.5613
vn 0.2605 0.4369 -0.8610
vn 0.7215 0.3923 -0.5706
vn 0.9587 0.1123 -0.2613
vn -0.1554 0.2201 -0.9630
vn 0.4828 -0.8610 -0.1603
vn 0.5969 0.7976 -0.0868
vn 0.8065 0.5699 0.1575
vn 0.7200 -0.6864 0.1018
vn 0.4898 0.5694 0.6602
vn 0.4033 -0.6869 0.6045
vn 0.1788 0.7970 0.5770
vn 0.0646 -0.8616 0.5035
vn -0.2605 -0.4369 0.8610
vn -0.2035 0.3908 0.8977
vn 0.1782 0.1111 0.9777
vn 0.1554 -0.2201 0.9630
vn -0.5969 -0.7976 0.0868
vn -0.4828 0.8610 0.1603
vn -0.7200 0.6864 -0.1018
vn -0.8065 -0.5699 -0.1575
vn -0.0646 0.8616 -0.5035
vn -0.4033 0.6869 -0.6045
vn -0.4898 -0.5694 -0.6602
vn -0.1788 -0.7970 -0.5770
vn -0.1782 -0.1111 -0.9777
vn 0.9359 -0.2189 -0.2760
vn -0.9359 0.2189 0.2760
vn -0.9587 -0.1123 0.2613
vn -0.6645 0.4354 0.6073
vn -0.7215 -0.3923 0.5706
vn 0.2035 -0.3908 -0.8977
vn 0.6645 -0.4354 -0.6073
vn 0.7354 -0.6563 0.1684
vn -0.0219 0.9905 0.1357
vn -0.3961 0.9151 0.0752
vn -0.3781 0.6455 0.6636
vn -0.1142 0.6987 0.7063
vn -0.7134 0.7004 0.0239
vn -0.6019 0.4940 0.6274
vn -0.9253 0.3791 -0.0103
vn -0.7514 0.2674 0.6033
vn -0.9997 0.0000 -0.0224
vn -0.8039 -0.0000 0.5948
vn -0.9253 -0.3791 -0.0103
vn -0.7514 -0.2674 0.6033
vn -0.7134 -0.7004 0.0239
vn -0.6019 -0.4940 0.6274
vn -0.3961 -0.9151 0.0752
vn -0.3781 -0.6455 0.6636
vn -0.0219 -0.9905 0.1357
vn -0.1142 -0.6987 0.7063
vn 0.3522 -0.9151 0.1962
vn 0.1497 -0.6455 0.7490
vn 0.6695 -0.7004 0.2475
vn 0.3735 -0.4940 0.7851
vn 0.8814 -0.3790 0.2818
vn 0.5230 -0.2674 0.8093
vn 0.9559 -0.0000 0.2938
vn 0.5755 -0.0000 0.8178
vn 0.8814 0.3790 0.2818
vn 0.5230 0.2674 0.8093
vn 0.6695 0.7004 0.2475
vn 0.3735 0.4940 0.7851
vn 0.1497 0.6455 0.7490
vn 0.3522 0.9151 0.1962
vn -0.6184 0.5707 -0.5403
vn -0.4487 0.6276 -0.6363
vn -0.8412 -0.4070 -0.3559
vn -0.2717 0.2945 0.9162
vn -0.3738 0.2254 0.8997
vn -0.4420 0.1220 0.8887
vn -0.4660 0.0000 0.8848
vn -0.4420 -0.1220 0.8887
vn -0.3738 -0.2254 0.8997
vn -0.2717 -0.2945 0.9162
vn -0.1513 -0.3188 0.9357
vn -0.0309 -0.2945 0.9551
vn 0.0712 -0.2254 0.9717
vn 0.1395 -0.1220 0.9827
vn 0.1634 0.0000 0.9866
vn 0.1395 0.1220 0.9827
vn 0.0712 0.2254 0.9717
vn -0.0309 0.2945 0.9551
vn -0.1513 0.3188 0.9357
vn 0.6663 -0.3171 0.6749
vn 0.4890 -0.5859 0.6462
vn -0.9073 -0.0000 0.4204
vn -0.8451 0.3171 0.4305
vn 0.7286 0.0000 0.6849
vn -0.8451 -0.3171 0.4305
vn 0.6663 0.3171 0.6749
vn -0.6677 -0.5859 0.4592
vn 0.4890 0.5859 0.6462
vn -0.4024 -0.7655 0.5021
vn 0.2237 0.7655 0.6033
vn -0.0894 -0.8286 0.5527
vn -0.4024 0.7655 0.5021
vn -0.0894 0.8286 0.5527
vn 0.2237 -0.7655 0.6033
vn -0.6677 0.5859 0.4592
vn -0.9233 0.3709 0.1000
vn -0.7159 0.6854 0.1335
vn 0.6373 -0.6854 0.3523
vn 0.3269 -0.8955 0.3021
vn -0.4054 0.8955 0.1837
vn -0.0393 -0.9693 0.2429
vn -0.0393 0.9693 0.2429
vn 0.3269 0.8955 0.3021
vn -0.4054 -0.8955 0.1837
vn 0.6373 0.6854 0.3523
vn -0.7159 -0.6854 0.1335
vn 0.8447 0.3709 0.3858
vn -0.9233 -0.3709 0.1000
vn 0.9176 0.0000 0.3976
vn -0.9961 -0.0000 0.0882
vn 0.8447 -0.3709 0.3858
vn -0.0164 0.9947 0.1017
vn -0.2329 0.9697 0.0733
vn -0.2600 0.6771 0.6884
vn -0.1152 0.6924 0.7122
vn -0.4939 0.8679 0.0533
vn -0.4352 0.6145 0.6580
vn -0.8148 0.5783 0.0411
vn -0.6634 0.4266 0.6148
vn -0.9993 -0.0000 0.0374
vn -0.8110 -0.0000 0.5850
vn -0.8148 -0.5783 0.0411
vn -0.6634 -0.4266 0.6148
vn -0.4939 -0.8679 0.0533
vn -0.4352 -0.6145 0.6580
vn -0.2329 -0.9697 0.0733
vn -0.2600 -0.6771 0.6884
vn -0.0164 -0.9947 0.1017
vn -0.1152 -0.6924 0.7122
vn 0.1980 -0.9697 0.1429
vn 0.0298 -0.6771 0.7353
vn 0.4520 -0.8679 0.2062
vn 0.2057 -0.6145 0.7616
vn 0.7603 -0.5783 0.2957
vn 0.4358 -0.4266 0.7925
vn 0.9366 -0.0000 0.3504
vn 0.5854 -0.0000 0.8108
vn 0.7603 0.5783 0.2957
vn 0.4358 0.4266 0.7925
vn 0.4520 0.8679 0.2062
vn 0.2057 0.6145 0.7616
vn 0.0298 0.6771 0.7353
vn 0.1980 0.9697 0.1429
vn -0.6109 -0.2621 0.7471
vn -0.2315 -0.2946 0.9271
vn 0.0047 0.6671 0.7449
vn -0.5061 0.6554 0.5607
vn -0.2145 0.3468 0.9131
vn -0.2860 0.2947 0.9118
vn -0.3592 0.1849 0.9147
vn -0.3993 0.0000 0.9168
vn -0.3592 -0.1849 0.9147
vn -0.2860 -0.2947 0.9118
vn -0.2145 -0.3468 0.9131
vn -0.1488 -0.3615 0.9204
vn -0.0842 -0.3468 0.9342
vn -0.0159 -0.2947 0.9555
vn 0.0527 -0.1849 0.9813
vn 0.0900 -0.0000 0.9959
vn 0.0527 0.1849 0.9813
vn -0.0159 0.2947 0.9555
vn -0.0842 0.3468 0.9342
vn -0.1488 0.3615 0.9204
vn 0.5175 -0.4693 0.7155
vn 0.2992 -0.7235 0.6221
vn -0.8538 0.0000 0.5207
vn -0.7166 0.4693 0.5160
vn 0.6462 -0.0000 0.7632
vn -0.7166 -0.4693 0.5160
vn 0.5175 0.4693 0.7155
vn -0.4800 -0.7235 0.4962
vn 0.2992 0.7235 0.6221
vn -0.2685 -0.8344 0.4814
vn 0.1031 0.8344 0.5415
vn -0.0798 -0.8660 0.4936
vn -0.2685 0.8344 0.4814
vn -0.0798 0.8660 0.4936
vn 0.1031 -0.8344 0.5415
vn -0.4800 0.7235 0.4962
vn -0.8141 0.5491 0.1890
vn -0.5080 0.8446 0.1688
vn 0.4289 -0.8447 0.3203
vn 0.1821 -0.9537 0.2393
vn -0.2483 0.9537 0.1697
vn -0.0311 -0.9808 0.1924
vn -0.0311 0.9808 0.1924
vn 0.1821 0.9537 0.2393
vn -0.2483 -0.9537 0.1697
vn 0.4289 0.8447 0.3203
vn -0.5080 -0.8447 0.1688
vn 0.7131 0.5491 0.4359
vn -0.8141 -0.5491 0.1890
vn 0.8641 -0.0000 0.5033
vn -0.9787 0.0000 0.2053
vn 0.7131 -0.5491 0.4359
vn -0.9446 -0.3255 0.0409
vn -0.8022 0.5940 -0.0608
vn 0.2123 0.7599 0.6144
vn -0.5464 -0.6215 0.5614
vn -0.2605 0.4369 -0.8610
vn 0.1554 0.2201 -0.9630
vn -0.9587 0.1123 -0.2613
vn -0.7215 0.3923 -0.5706
vn -0.4828 -0.8610 -0.1603
vn -0.7200 -0.6864 0.1018
vn -0.8065 0.5699 0.1575
vn -0.5969 0.7976 -0.0868
vn -0.4033 -0.6869 0.6045
vn -0.4898 0.5694 0.6602
vn -0.0646 -0.8616 0.5035
vn -0.1788 0.7970 0.5770
vn 0.2605 -0.4369 0.8610
vn -0.1554 -0.2201 0.9630
vn -0.1782 0.1111 0.9777
vn 0.2035 0.3908 0.8977
vn 0.5969 -0.7976 0.0868
vn 0.8065 -0.5699 -0.1575
vn 0.7200 0.6864 -0.1018
vn 0.4828 0.8610 0.1603
vn 0.4033 0.6869 -0.6045
vn 0.0646 0.8616 -0.5035
vn 0.4898 -0.5694 -0.6602
vn 0.1788 -0.7970 -0.5770
vn 0.1782 -0.1111 -0.9777
vn -0.9359 -0.2189 -0.2760
vn 0.9587 -0.1123 0.2613
vn 0.9359 0.2189 0.2760
vn 0.6645 0.4354 0.6073
vn 0.7215 -0.3923 0.5706
vn -0.2035 -0.3908 -0.8977
vn -0.6645 -0.4354 -0.6073
vn -0.7354 -0.6563 0.1684
vn 0.5771 0.1477 0.8032
vn 0.3877 0.8877 0.2482
vn -0.2358 0.9214 0.3090
vn 0.4600 0.6051 -0.6498
vn -0.1457 0.5694 -0.8090
vn 0.6941 -0.3097 -0.6498
vn 0.1457 -0.5694 -0.8090
vn 0.7665 -0.5924 0.2482
vn 0.2358 -0.9214 0.3090
vn 0.0000 0.3827 -0.9239
vn 0.6303 0.2971 -0.7173
vn 0.6303 -0.2971 -0.7173
vn 0.0000 -0.3827 -0.9239
vn 0.6303 -0.7173 -0.2971
vn 0.0000 -0.9239 -0.3827
vn 0.6303 -0.7173 0.2971
vn 0.0000 -0.9239 0.3827
vn 0.6303 -0.2971 0.7173
vn 0.0000 -0.3827 0.9239
vn 0.6303 0.2971 0.7173
vn 0.0000 0.3827 0.9239
vn 0.6303 0.7173 0.2971
vn 0.0000 0.9239 0.3827
vn 0.6303 0.7173 -0.2971
vn 0.0000 0.9239 -0.3827
vn -0.0391 0.3807 -0.9239
vn 0.5966 0.3600 -0.7173
vn 0.6573 -0.2311 -0.7173
vn 0.0391 -0.3807 -0.9239
vn 0.7003 -0.6491 -0.2971
vn 0.0944 -0.9190 -0.3827
vn 0.7003 -0.6491 0.2971
vn 0.0944 -0.9190 0.3827
vn 0.6573 -0.2311 0.7173
vn 0.0391 -0.3807 0.9239
vn 0.5966 0.3600 0.7173
vn -0.0391 0.3807 0.9239
vn 0.5536 0.7779 0.2971
vn -0.0944 0.9190 0.3827
vn 0.5536 0.7779 -0.2971
vn -0.0944 0.9190 -0.3827
vn 0.5957 0.0000 -0.8032
vn 0.5957 -0.7639 -0.2482
vn 0.0000 -0.9511 -0.3090
vn 0.5957 -0.4721 0.6498
vn 0.0000 -0.5878 0.8090
vn 0.5957 0.4721 0.6498
vn 0.0000 0.5878 0.8090
vn 0.5957 0.7639 -0.2482
vn 0.0000 0.9511 -0.3090
vn -0.0409 0.3805 -0.9239
vn 0.5949 0.3627 -0.7173
vn 0.6584 -0.2281 -0.7173
vn 0.0409 -0.3805 -0.9239
vn 0.7033 -0.6458 -0.2971
vn 0.0987 -0.9186 -0.3827
vn 0.7033 -0.6458 0.2971
vn 0.0987 -0.9186 0.3827
vn 0.6584 -0.2281 0.7173
vn 0.0409 -0.3805 0.9239
vn 0.5949 0.3627 0.7173
vn -0.0409 0.3805 0.9239
vn 0.5500 0.7805 0.2971
vn -0.0987 0.9186 0.3827
vn 0.5500 0.7805 -0.2971
vn -0.0987 0.9186 -0.3827
vn -0.7392 -0.0000 0.6735
vn -0.7392 -0.0000 -0.6735
vn -0.7030 -0.2284 -0.6735
vn -0.7030 -0.2284 0.6735
vn -0.5980 -0.4345 -0.6735
vn -0.5980 -0.4345 0.6735
vn -0.4345 -0.5980 -0.6735
vn -0.4345 -0.5980 0.6735
vn -0.2284 -0.7030 -0.6735
vn -0.2284 -0.7030 0.6735
vn 0.0000 -0.7392 -0.6735
vn 0.0000 -0.7392 0.6735
vn 0.2284 -0.7030 -0.6735
vn 0.2284 -0.7030 0.6735
vn 0.4345 -0.5980 -0.6735
vn 0.4345 -0.5980 0.6735
vn 0.5980 -0.4345 -0.6735
vn 0.5980 -0.4345 0.6735
vn 0.7030 -0.2284 -0.6735
vn 0.7030 -0.2284 0.6735
vn 0.7392 0.0000 -0.6735
vn 0.7392 0.0000 0.6735
vn 0.7030 0.2284 -0.6735
vn 0.7030 0.2284 0.6735
vn 0.5980 0.4345 -0.6735
vn 0.5980 0.4345 0.6735
vn 0.4345 0.5980 -0.6735
vn 0.4345 0.5980 0.6735
vn 0.2284 0.7030 -0.6735
vn 0.2284 0.7030 0.6735
vn -0.0000 0.7392 -0.6735
vn -0.0000 0.7392 0.6735
vn -0.2284 0.7030 -0.6735
vn -0.2284 0.7030 0.6735
vn -0.4345 0.5980 -0.6735
vn -0.4345 0.5980 0.6735
vn -0.5980 0.4345 -0.6735
vn -0.5980 0.4345 0.6735
vn -0.7030 0.2284 -0.6735
vn -0.7030 0.2284 0.6735
vn -0.0000 0.7072 -0.7071
vn 0.0204 0.7104 -0.7035
vn 0.0002 0.0070 -1.0000
vn 0.0287 0.9996 -0.0000
vn 0.0000 0.7072 0.7071
vn 0.0204 0.7104 0.7035
vn 0.0002 0.0070 1.0000
vn -0.0000 -0.7072 0.7071
vn -0.0201 -0.7034 0.7105
vn -0.0286 -0.9996 0.0000
vn 0.0000 -0.7072 -0.7071
vn -0.0201 -0.7034 -0.7105
vn 0.0872 0.7094 -0.6993
vn 0.0020 0.0157 -0.9999
vn 0.1220 0.9925 -0.0000
vn 0.0872 0.7094 0.6993
vn 0.0020 0.0157 0.9999
vn -0.0851 -0.6938 0.7151
vn -0.1217 -0.9926 0.0000
vn -0.0851 -0.6938 -0.7151
vn 0.1872 0.6916 -0.6976
vn 0.0050 0.0180 -0.9998
vn 0.2613 0.9653 -0.0000
vn 0.1872 0.6916 0.6976
vn 0.0050 0.0180 0.9998
vn -0.1814 -0.6739 0.7162
vn -0.2597 -0.9657 0.0000
vn -0.1814 -0.6739 -0.7162
vn 0.3263 0.6437 -0.6922
vn 0.0142 0.0278 -0.9995
vn 0.4522 0.8919 -0.0000
vn 0.3263 0.6437 0.6922
vn 0.0142 0.0278 0.9995
vn -0.3115 -0.6160 0.7235
vn -0.4511 -0.8925 -0.0000
vn -0.3115 -0.6160 -0.7235
vn 0.4783 0.5418 -0.6911
vn 0.0203 0.0225 -0.9995
vn 0.6620 0.7495 0.0000
vn 0.4783 0.5418 0.6911
vn 0.0203 0.0225 0.9995
vn -0.4566 -0.5210 0.7212
vn -0.6586 -0.7525 0.0000
vn -0.4566 -0.5210 -0.7212
vn 0.6369 0.3546 -0.6845
vn 0.0457 0.0253 -0.9986
vn 0.8738 0.4863 0.0000
vn 0.6369 0.3546 0.6845
vn 0.0457 0.0253 0.9986
vn -0.5898 -0.3294 0.7373
vn -0.8730 -0.4877 0.0000
vn -0.5898 -0.3294 -0.7373
vn 0.6798 0.2058 -0.7039
vn -0.0002 0.0005 -1.0000
vn 0.9569 0.2903 -0.0000
vn 0.6798 0.2058 0.7039
vn -0.0002 0.0005 1.0000
vn -0.6809 -0.2025 0.7038
vn -0.9587 -0.2846 0.0000
vn -0.6809 -0.2025 -0.7038
vn -0.0002 0.0070 -1.0000
vn -0.0204 0.7104 -0.7035
vn -0.0287 0.9996 -0.0000
vn -0.0204 0.7104 0.7035
vn -0.0002 0.0070 1.0000
vn 0.0201 -0.7034 0.7105
vn 0.0286 -0.9996 0.0000
vn 0.0201 -0.7034 -0.7105
vn -0.0020 0.0157 -0.9999
vn -0.0872 0.7094 -0.6993
vn -0.1220 0.9925 -0.0000
vn -0.0872 0.7094 0.6993
vn -0.0020 0.0157 0.9999
vn 0.0851 -0.6938 0.7151
vn 0.1217 -0.9926 0.0000
vn 0.0851 -0.6938 -0.7151
vn -0.0050 0.0180 -0.9998
vn -0.1872 0.6916 -0.6976
vn -0.2613 0.9653 -0.0000
vn -0.1872 0.6916 0.6976
vn -0.0050 0.0180 0.9998
vn 0.1814 -0.6739 0.7162
vn 0.2597 -0.9657 0.0000
vn 0.1814 -0.6739 -0.7162
vn -0.0142 0.0278 -0.9995
vn -0.3263 0.6437 -0.6922
vn -0.4522 0.8919 -0.0000
vn -0.3263 0.6437 0.6922
vn -0.0142 0.0278 0.9995
vn 0.3115 -0.6160 0.7235
vn 0.4511 -0.8925 -0.0000
vn 0.3115 -0.6160 -0.7235
vn -0.0203 0.0225 -0.9995
vn -0.4783 0.5418 -0.6911
vn -0.6620 0.7495 0.0000
vn -0.4783 0.5418 0.6911
vn -0.0203 0.0225 0.9995
vn 0.4566 -0.5210 0.7212
vn 0.6586 -0.7525 -0.0000
vn 0.4566 -0.5210 -0.7212
vn -0.0457 0.0253 -0.9986
vn -0.6369 0.3546 -0.6845
vn -0.8738 0.4863 0.0000
vn -0.6369 0.3546 0.6845
vn -0.0457 0.0253 0.9986
vn 0.5898 -0.3294 0.7373
vn 0.8730 -0.4877 0.0000
vn 0.5898 -0.3294 -0.7373
vn 0.0002 0.0005 -1.0000
vn -0.6798 0.2058 -0.7039
vn -0.9569 0.2903 0.0000
vn -0.6798 0.2058 0.7039
vn 0.0002 0.0005 1.0000
vn 0.6809 -0.2025 0.7038
vn 0.9587 -0.2846 0.0000
vn 0.6809 -0.2025 -0.7038
vn 0.0000 0.7072 0.7070
vn -0.0000 -0.7072 0.7070
vn -0.6532 0.0000 -0.7572
vn 0.6532 0.0000 -0.7572
vn 0.6532 -0.3786 -0.6557
vn -0.6532 -0.3786 -0.6557
vn 0.6532 -0.6557 -0.3786
vn -0.6532 -0.6557 -0.3786
vn 0.6532 -0.7572 0.0000
vn -0.6532 -0.7572 0.0000
vn 0.6532 -0.6557 0.3786
vn -0.6532 -0.6557 0.3786
vn 0.6532 -0.3786 0.6557
vn -0.6532 -0.3786 0.6557
vn 0.6532 0.0000 0.7572
vn -0.6532 0.0000 0.7572
vn 0.6532 0.3786 0.6557
vn -0.6532 0.3786 0.6557
vn 0.6532 0.6557 0.3786
vn -0.6532 0.6557 0.3786
vn 0.6532 0.7572 0.0000
vn -0.6532 0.7572 0.0000
vn 0.6532 0.6557 -0.3786
vn -0.6532 0.6557 -0.3786
vn 0.6532 0.3786 -0.6557
vn -0.6532 0.3786 -0.6557
vn 0.7071 0.0000 -0.7071
vn 0.7071 0.0000 0.7071
vn -0.7071 0.0000 0.7071
vn -0.7071 0.0000 -0.7071
vn 0.9184 -0.2521 0.3049
vn 0.7204 -0.1450 -0.6782
vn 0.7085 -0.1916 -0.6792
vn 0.7216 -0.6821 -0.1188
vn 0.7235 -0.6898 -0.0261
vn 0.7438 0.0918 0.6621
vn 0.5545 -0.5710 0.6053
vn 0.5492 0.4084 0.7291
vn 0.7288 -0.3470 0.5903
vn 0.7023 0.7085 -0.0689
vn 0.7362 -0.2085 0.6439
vn 0.7268 -0.0709 0.6832
vn 0.6975 0.7072 -0.1153
vn 0.6900 0.6951 -0.2019
vn 0.7107 -0.2455 -0.6593
vn 0.5767 0.3323 -0.7463
vn 0.7061 -0.2396 -0.6664
vn 0.7149 -0.2170 -0.6647
vn 0.8945 0.3497 0.2784
vn 0.9171 0.2531 -0.3081
vn 0.6437 -0.7187 0.2629
vn 0.6475 -0.7372 -0.1931
vn 0.5696 0.5771 0.5853
vn 0.6274 -0.3704 0.6850
vn 0.6172 -0.4091 -0.6721
vn 0.5758 0.5439 -0.6104
vn -0.7085 -0.1916 -0.6792
vn -0.7204 -0.1450 -0.6782
vn -0.9184 -0.2521 0.3049
vn -0.7235 -0.6898 -0.0261
vn -0.7216 -0.6821 -0.1188
vn -0.7438 0.0918 0.6621
vn -0.5545 -0.5710 0.6053
vn -0.5492 0.4084 0.7291
vn -0.7023 0.7085 -0.0689
vn -0.7288 -0.3470 0.5903
vn -0.7362 -0.2085 0.6439
vn -0.7268 -0.0709 0.6832
vn -0.6975 0.7072 -0.1153
vn -0.6900 0.6951 -0.2019
vn -0.5767 0.3323 -0.7463
vn -0.7107 -0.2455 -0.6593
vn -0.7061 -0.2396 -0.6664
vn -0.7149 -0.2170 -0.6647
vn -0.9171 0.2531 -0.3081
vn -0.8945 0.3497 0.2784
vn -0.6475 -0.7372 -0.1931
vn -0.6437 -0.7187 0.2629
vn -0.6274 -0.3704 0.6850
vn -0.5696 0.5771 0.5853
vn -0.5758 0.5439 -0.6104
vn -0.6172 -0.4091 -0.6721
vn 0.6072 -0.0011 0.7945
vn 0.9468 0.1848 0.2635
vn 0.5049 0.8464 0.1691
vn -0.0858 0.6599 0.7464
vn -0.3476 0.1436 0.9266
vn -0.2968 0.3519 0.8877
vn -0.8913 0.4264 0.1544
vn -0.9599 0.2246 0.1677
vn 0.6936 -0.7175 0.0639
vn 0.8693 -0.4268 -0.2494
vn 0.0142 -0.6400 -0.7682
vn 0.3763 -0.3712 -0.8489
vn -0.6504 0.1457 -0.7455
vn -0.0529 0.2971 -0.9534
vn -0.6824 0.7308 0.0150
vn 0.0120 0.9023 -0.4310
vn 0.9641 -0.2044 -0.1697
vn 0.9180 -0.3873 -0.0853
vn 0.5663 -0.0607 0.8220
vn 0.6265 -0.0787 0.7755
vn 0.3527 -0.1231 -0.9276
vn 0.2439 -0.3014 -0.9218
vn -0.6239 0.0870 -0.7766
vn -0.6835 0.0977 -0.7234
vn -0.6072 -0.0011 0.7945
vn 0.0858 0.6599 0.7464
vn -0.5049 0.8464 0.1691
vn -0.9468 0.1848 0.2635
vn 0.3476 0.1436 0.9266
vn 0.9599 0.2246 0.1677
vn 0.8913 0.4264 0.1544
vn 0.2968 0.3519 0.8877
vn -0.6936 -0.7175 0.0639
vn -0.8693 -0.4268 -0.2494
vn -0.0142 -0.6400 -0.7682
vn -0.3763 -0.3712 -0.8489
vn 0.6504 0.1457 -0.7455
vn 0.0529 0.2971 -0.9534
vn 0.6824 0.7308 0.0150
vn -0.0121 0.9023 -0.4310
vn -0.9641 -0.2044 -0.1697
vn -0.6265 -0.0787 0.7755
vn -0.5663 -0.0607 0.8220
vn -0.9180 -0.3873 -0.0853
vn -0.3527 -0.1231 -0.9276
vn -0.2439 -0.3014 -0.9218
vn 0.6239 0.0870 -0.7766
vn 0.6835 0.0977 -0.7234
vn 0.6597 -0.3270 0.6767
vn 0.6035 -0.0091 0.7973
vn 0.3106 -0.1590 0.9372
vn 0.4618 -0.3819 0.8005
vn 0.1810 -0.4092 -0.8943
vn 0.1537 0.0805 -0.9848
vn 0.9839 0.0943 -0.1521
vn 0.8811 -0.4512 -0.1417
vn 0.8227 0.0811 0.5627
vn 0.7261 0.3258 0.6055
vn 0.5307 0.3359 0.7781
vn 0.6036 0.0002 0.7973
vn 0.0430 -0.8744 0.4833
vn -0.3653 -0.3940 0.8434
vn -0.9364 -0.3337 -0.1088
vn -0.5327 -0.7679 -0.3557
vn -0.2060 -0.6688 -0.7143
vn 0.5300 -0.8347 0.1495
vn -0.4898 0.7212 -0.4899
vn -0.8266 0.5493 -0.1224
vn -0.2860 0.6057 0.7425
vn 0.1784 0.8879 0.4241
vn -0.6044 0.0037 -0.7967
vn 0.1516 0.2683 -0.9513
vn -0.0714 0.7038 -0.7068
vn 0.6201 0.7815 0.0691
vn 0.9429 0.3057 -0.1322
vn -0.4284 -0.0213 0.9033
vn -0.9961 -0.0118 -0.0870
vn 0.2914 -0.0099 0.9566
vn 0.3237 0.2626 0.9090
vn 0.8317 0.0354 0.5541
vn 0.8239 -0.2023 0.5294
vn -0.6597 -0.3270 0.6767
vn -0.4618 -0.3819 0.8005
vn -0.3106 -0.1590 0.9372
vn -0.6035 -0.0091 0.7973
vn -0.1810 -0.4092 -0.8943
vn -0.8811 -0.4512 -0.1417
vn -0.9839 0.0943 -0.1521
vn -0.1537 0.0805 -0.9848
vn -0.8226 0.0811 0.5627
vn -0.6036 0.0002 0.7973
vn -0.5307 0.3359 0.7781
vn -0.7261 0.3258 0.6055
vn -0.0430 -0.8744 0.4833
vn 0.5327 -0.7679 -0.3557
vn 0.9364 -0.3337 -0.1088
vn 0.3653 -0.3940 0.8434
vn 0.2060 -0.6688 -0.7143
vn -0.5300 -0.8347 0.1495
vn 0.4898 0.7212 -0.4899
vn -0.1784 0.8879 0.4241
vn 0.2860 0.6057 0.7425
vn 0.8266 0.5493 -0.1224
vn 0.6044 0.0037 -0.7967
vn -0.1516 0.2683 -0.9513
vn -0.9429 0.3057 -0.1322
vn -0.6201 0.7815 0.0691
vn 0.0714 0.7038 -0.7068
vn 0.4284 -0.0213 0.9033
vn 0.9961 -0.0118 -0.0870
vn -0.2914 -0.0099 0.9566
vn -0.3237 0.2626 0.9090
vn -0.8317 0.0354 0.5541
vn -0.8239 -0.2023 0.5294
vn -0.0000 0.9872 0.1598
vn -0.0000 0.7179 0.6961
vn 0.2010 0.6862 0.6991
vn 0.2992 0.9400 0.1641
vn 0.3823 0.5942 0.7076
vn 0.5691 0.8030 0.1768
vn 0.5263 0.4509 0.7209
vn 0.7833 0.5898 0.1967
vn 0.6187 0.2704 0.7377
vn 0.9208 0.3210 0.2216
vn 0.6505 0.0702 0.7563
vn 0.9682 0.0231 0.2493
vn 0.6187 -0.1299 0.7748
vn 0.9208 -0.2748 0.2769
vn 0.5263 -0.3105 0.7916
vn 0.7833 -0.5435 0.3019
vn 0.3823 -0.4538 0.8049
vn 0.5691 -0.7568 0.3217
vn 0.2010 -0.5458 0.8135
vn 0.2992 -0.8937 0.3344
vn -0.0000 -0.5775 0.8164
vn -0.0000 -0.9409 0.3388
vn -0.2010 -0.5458 0.8135
vn -0.2992 -0.8937 0.3344
vn -0.3823 -0.4538 0.8049
vn -0.5691 -0.7568 0.3217
vn -0.5263 -0.3105 0.7916
vn -0.7833 -0.5435 0.3019
vn -0.6187 -0.1299 0.7748
vn -0.9208 -0.2747 0.2769
vn -0.6505 0.0702 0.7563
vn -0.9682 0.0231 0.2493
vn -0.6187 0.2704 0.7377
vn -0.9208 0.3210 0.2216
vn -0.5263 0.4509 0.7209
vn -0.7833 0.5898 0.1967
vn -0.3823 0.5942 0.7076
vn -0.5691 0.8030 0.1768
vn -0.2010 0.6862 0.6991
vn -0.2992 0.9400 0.1641
vn -0.0000 -0.5929 0.8053
vn -0.2054 -0.5605 0.8023
vn -0.3908 -0.4665 0.7935
vn -0.5378 -0.3200 0.7799
vn -0.6323 -0.1355 0.7628
vn -0.6648 0.0691 0.7438
vn -0.6323 0.2736 0.7248
vn -0.5378 0.4582 0.7077
vn -0.3908 0.6046 0.6941
vn -0.2054 0.6986 0.6854
vn -0.0000 0.7310 0.6823
vn 0.2054 0.6986 0.6854
vn 0.3908 0.6046 0.6941
vn 0.5378 0.4582 0.7077
vn 0.6323 0.2736 0.7248
vn 0.6648 0.0691 0.7438
vn 0.6323 -0.1355 0.7628
vn 0.5378 -0.3200 0.7799
vn 0.3908 -0.4665 0.7935
vn 0.2054 -0.5605 0.8023
vn 0.5878 -0.8056 0.0748
vn 0.3090 -0.9470 0.0879
vn 0.9511 -0.3077 0.0286
vn 0.8090 -0.5853 0.0543
vn 0.9511 0.3077 -0.0286
vn 0.8090 0.5853 -0.0543
vn 0.5878 0.8056 -0.0748
vn 0.3090 0.9470 -0.0879
vn 0.0000 0.9957 -0.0925
vn -0.3090 0.9470 -0.0879
vn -0.5878 0.8056 -0.0748
vn -0.9511 0.3077 -0.0286
vn -0.8090 0.5853 -0.0543
vn -0.9511 -0.3077 0.0286
vn -0.8090 -0.5853 0.0543
vn -0.5878 -0.8056 0.0748
vn -0.3090 -0.9470 0.0879
vn -0.0000 -0.9957 0.0925
vn -0.8111 0.0939 0.5774
vn -0.4052 0.5992 0.6905
vn -0.4052 0.5992 -0.6905
vn -0.8111 0.0939 -0.5774
vn -0.2876 0.6722 0.6823
vn -0.2876 0.6722 -0.6823
vn -0.1702 0.6976 0.6959
vn -0.1702 0.6976 -0.6959
vn 0.4586 0.6755 0.5774
vn 0.4586 0.6755 -0.5774
vn -0.0935 -0.8112 0.5773
vn -0.0935 -0.8112 -0.5773
vn 0.3869 -0.5705 -0.7244
vn 0.3869 -0.5705 0.7244
vn 0.2669 -0.6242 -0.7343
vn 0.2669 -0.6242 0.7343
vn 0.1641 -0.6760 -0.7184
vn 0.1641 -0.6760 0.7184
vn 0.6755 -0.4587 -0.5773
vn 0.6755 -0.4587 0.5773
vn 0.3758 0.7223 -0.5806
vn 0.4740 0.8075 -0.3512
vn 0.8107 -0.0000 -0.5855
vn 0.5445 -0.0000 -0.8388
vn -0.2726 0.9401 0.2048
vn -0.4299 0.8796 0.2038
vn -0.7808 0.0000 0.6248
vn -0.9199 0.0000 0.3920
vn -0.2726 -0.9401 0.2048
vn -0.4299 -0.8796 0.2038
vn 0.3758 -0.7223 -0.5806
vn 0.4740 -0.8075 -0.3512
vn 0.5277 0.8481 -0.0477
vn 0.9929 0.0000 -0.1189
vn -0.5150 0.8521 0.0927
vn -0.9900 0.0000 0.1414
vn -0.5150 -0.8521 0.0927
vn 0.5277 -0.8481 -0.0477
vn 0.5097 0.8571 0.0749
vn 0.9976 0.0000 0.0692
vn -0.5161 0.8528 0.0800
vn -0.9973 -0.0000 0.0730
vn -0.5161 -0.8528 0.0800
vn 0.5097 -0.8571 0.0749
vn 0.5060 0.8480 0.1577
vn 0.9785 0.0000 0.2062
vn -0.4915 0.8694 0.0516
vn -1.0000 -0.0000 -0.0071
vn -0.4915 -0.8694 0.0516
vn 0.5060 -0.8480 0.1577
vn 0.4409 0.8343 0.3311
vn 0.8723 0.0000 0.4889
vn -0.4690 0.8832 0.0056
vn -0.9829 0.0000 -0.1842
vn -0.4690 -0.8832 0.0056
vn 0.4409 -0.8343 0.3311
vn -0.1272 0.5389 0.8327
vn 0.6524 0.0000 0.7579
vn -0.7369 0.6057 0.3001
vn -0.9767 0.0000 -0.2147
vn -0.7369 -0.6057 0.3001
vn -0.1272 -0.5389 0.8327
vn -0.3758 0.7223 -0.5806
vn -0.5445 0.0000 -0.8388
vn -0.8107 0.0000 -0.5855
vn -0.4740 0.8075 -0.3512
vn 0.2726 0.9401 0.2048
vn 0.4299 0.8796 0.2038
vn 0.7808 0.0000 0.6248
vn 0.9199 -0.0000 0.3920
vn 0.2726 -0.9401 0.2048
vn 0.4299 -0.8796 0.2038
vn -0.3758 -0.7223 -0.5806
vn -0.4740 -0.8075 -0.3512
vn -0.9929 0.0000 -0.1189
vn -0.5277 0.8481 -0.0477
vn 0.5150 0.8521 0.0927
vn 0.9900 -0.0000 0.1414
vn 0.5150 -0.8521 0.0927
vn -0.5277 -0.8481 -0.0477
vn -0.9976 0.0000 0.0692
vn -0.5097 0.8571 0.0749
vn 0.5161 0.8528 0.0800
vn 0.9973 -0.0000 0.0730
vn 0.5161 -0.8528 0.0800
vn -0.5097 -0.8571 0.0749
vn -0.9785 0.0000 0.2062
vn -0.5060 0.8480 0.1577
vn 0.4915 0.8694 0.0516
vn 1.0000 -0.0000 -0.0071
vn 0.4915 -0.8694 0.0516
vn -0.5060 -0.8480 0.1577
vn -0.8723 0.0000 0.4889
vn -0.4409 0.8343 0.3311
vn 0.4690 0.8832 0.0056
vn 0.9829 0.0000 -0.1842
vn 0.4690 -0.8832 0.0056
vn -0.4409 -0.8343 0.3311
vn -0.6524 -0.0000 0.7579
vn 0.1272 0.5389 0.8327
vn 0.7369 0.6057 0.3001
vn 0.9767 0.0000 -0.2147
vn 0.7369 -0.6057 0.3001
vn 0.1272 -0.5389 0.8327
vn -0.1572 -0.8012 0.5774
vn -0.8012 0.1572 0.5774
vn -0.8012 0.1572 -0.5774
vn -0.1572 -0.8012 -0.5774
vn -0.1049 0.6888 -0.7173
vn 0.5981 -0.3574 -0.7173
vn 0.9469 -0.1230 -0.2971
vn 0.2438 0.9232 -0.2971
vn 0.2438 0.9232 0.2971
vn 0.9469 -0.1230 0.2971
vn 0.5981 -0.3574 0.7173
vn -0.1049 0.6888 0.7173
vn 0.1572 -0.8012 0.5774
vn 0.1572 -0.8012 -0.5774
vn 0.8012 0.1572 -0.5774
vn 0.8012 0.1572 0.5774
vn -0.5981 -0.3574 -0.7173
vn 0.1049 0.6888 -0.7173
vn -0.9469 -0.1230 -0.2971
vn -0.9469 -0.1230 0.2971
vn -0.2438 0.9232 0.2971
vn -0.2438 0.9232 -0.2971
vn -0.5981 -0.3574 0.7173
vn 0.1049 0.6888 0.7173
vn -0.1572 -0.8012 0.5773
vn 0.8012 0.1572 0.5773
vn 0.7095 -0.4787 -0.5172
vn 0.7449 0.2124 -0.6325
vn 0.7848 0.5719 -0.2389
vn 0.8122 0.5777 0.0816
vn 0.7781 0.5357 0.3280
vn 0.7481 0.3119 0.5858
vn 0.7333 0.0411 0.6787
vn 0.7449 -0.0213 0.6668
vn 0.6886 -0.4643 0.5571
vn -0.2057 0.9045 -0.3736
vn -0.7848 0.5719 -0.2389
vn -0.8122 0.5777 0.0816
vn -0.1958 0.9728 0.1240
vn 0.1680 -0.7045 -0.6895
vn 0.1664 0.4003 -0.9012
vn 0.1501 -0.6925 0.7057
vn -0.1501 -0.6925 0.7057
vn -0.0714 -0.0173 0.9973
vn -0.7449 -0.0213 0.6668
vn -0.6886 -0.4643 0.5571
vn -0.7781 0.5357 0.3280
vn -0.1753 0.8576 0.4835
vn -0.7481 0.3119 0.5858
vn -0.1357 0.5077 0.8508
vn -0.7333 0.0411 0.6787
vn -0.0930 0.0910 0.9915
vn 0.2057 0.9045 -0.3736
vn -0.7449 0.2124 -0.6325
vn -0.7095 -0.4787 -0.5172
vn -0.1664 0.4003 -0.9012
vn 0.0930 0.0910 0.9915
vn 0.0714 -0.0173 0.9973
vn 0.1357 0.5077 0.8508
vn 0.1753 0.8576 0.4835
vn 0.1958 0.9728 0.1240
vn -0.1680 -0.7045 -0.6895
vn -0.0000 -0.6437 -0.7653
vn -0.0000 0.6437 -0.7653
vn 0.4498 0.6437 -0.6191
vn 0.4498 -0.6437 -0.6191
vn 0.7278 0.6437 -0.2365
vn 0.7278 -0.6437 -0.2365
vn 0.7278 0.6437 0.2365
vn 0.7278 -0.6437 0.2365
vn 0.4498 0.6437 0.6191
vn 0.4498 -0.6437 0.6191
vn 0.0000 0.6437 0.7653
vn 0.0000 -0.6437 0.7653
vn -0.4498 0.6437 0.6191
vn -0.4498 -0.6437 0.6191
vn -0.7278 0.6437 0.2365
vn -0.7278 -0.6437 0.2365
vn -0.7278 0.6437 -0.2365
vn -0.7278 -0.6437 -0.2365
vn -0.4498 0.6437 -0.6191
vn -0.4498 -0.6437 -0.6191
vn -0.0600 -0.7431 -0.6665
vn -0.4403 -0.7431 -0.5039
vn -0.5883 -0.4477 -0.6734
vn -0.0802 -0.4477 -0.8906
vn -0.6153 -0.7431 0.2630
vn -0.3432 -0.7431 0.5744
vn -0.4586 -0.4477 0.7676
vn -0.8222 -0.4477 0.3514
vn 0.0600 -0.7431 0.6665
vn 0.0802 -0.4477 0.8906
vn 0.3432 -0.7431 -0.5744
vn 0.4586 -0.4477 -0.7676
vn 0.6524 -0.7431 0.1489
vn 0.6153 -0.7431 -0.2630
vn 0.8222 -0.4477 -0.3514
vn 0.8717 -0.4477 0.1990
vn -0.6524 -0.7431 -0.1489
vn -0.8717 -0.4477 -0.1990
vn 0.4403 -0.7431 0.5039
vn 0.5883 -0.4477 0.6734
vn -0.5126 0.0327 0.8580
vn 0.0896 0.0327 0.9954
vn 0.6576 0.0327 0.7527
vn 0.9744 0.0327 0.2224
vn -0.9744 0.0327 -0.2224
vn -0.9190 0.0327 0.3928
vn 0.9190 0.0327 -0.3928
vn 0.0805 0.4409 0.8939
vn 0.5905 0.4409 0.6759
vn 0.5126 0.0327 -0.8580
vn -0.0896 0.0327 -0.9954
vn -0.6576 0.0327 -0.7527
vn 0.8253 0.4409 -0.3528
vn 0.4604 0.4409 -0.7705
vn -0.8751 0.4409 -0.1997
vn -0.8253 0.4409 0.3528
vn 0.8751 0.4409 0.1997
vn -0.4604 0.4409 0.7705
vn -0.3785 0.6748 0.6335
vn 0.0662 0.6748 0.7350
vn -0.0805 0.4409 -0.8939
vn -0.5905 0.4409 -0.6759
vn -0.7195 0.6748 -0.1642
vn -0.6786 0.6748 0.2900
vn -0.4855 0.6748 -0.5558
vn 0.7195 0.6748 0.1642
vn 0.6786 0.6748 -0.2900
vn 0.4855 0.6748 0.5558
vn 0.3785 0.6748 -0.6335
vn -0.0662 0.6748 -0.7350
vn -0.1815 -0.6644 -0.7250
vn -0.5350 -0.4982 -0.6823
vn -0.6110 -0.4316 -0.6637
vn -0.2118 -0.6574 -0.7232
vn 0.9211 0.1294 -0.3671
vn 0.9282 0.0980 -0.3588
vn 0.7506 0.4607 -0.4736
vn 0.7094 0.5082 -0.4882
vn 0.2805 0.7733 -0.5686
vn 0.2585 0.7796 -0.5705
vn -0.2805 0.7733 -0.5686
vn -0.2585 0.7796 -0.5705
vn -0.7506 0.4607 -0.4736
vn -0.7094 0.5082 -0.4882
vn -0.9282 0.0980 -0.3588
vn -0.9211 0.1294 -0.3671
vn -0.2585 -0.8684 -0.4231
vn -0.2805 -0.8619 -0.4224
vn 0.2805 -0.8619 -0.4224
vn 0.2585 -0.8684 -0.4231
vn 0.7506 -0.5374 -0.3844
vn 0.7094 -0.5868 -0.3904
vn 0.9282 -0.1601 -0.3357
vn 0.9211 -0.1925 -0.3383
vn -0.9211 -0.1925 -0.3383
vn -0.9282 -0.1601 -0.3357
vn -0.7506 -0.5374 -0.3844
vn -0.7094 -0.5868 -0.3904
vn -0.0000 -0.0890 -0.9960
vn 0.5350 -0.4982 -0.6823
vn 0.1815 -0.6644 -0.7250
vn 0.2118 -0.6574 -0.7232
vn 0.6110 -0.4316 -0.6637
vn -0.5350 0.3693 -0.7599
vn -0.1815 0.5253 -0.8313
vn -0.2118 0.5187 -0.8283
vn -0.6110 0.3070 -0.7297
vn 0.7783 0.0951 -0.6207
vn 0.7783 -0.2037 -0.5940
vn 0.8004 -0.1468 -0.5812
vn 0.8004 0.0414 -0.5980
vn 0.5350 0.3693 -0.7599
vn 0.6110 0.3070 -0.7297
vn -0.7783 0.0951 -0.6207
vn -0.8004 0.0414 -0.5980
vn -0.7783 -0.2037 -0.5940
vn -0.8004 -0.1468 -0.5812
vn 0.1815 0.5253 -0.8313
vn 0.2118 0.5187 -0.8283
vn -0.8153 0.4253 0.3929
vn -0.8475 0.5001 -0.1779
vn -0.8697 0.2208 -0.4414
vn -0.8831 -0.0194 -0.4687
vn -0.8502 -0.2863 -0.4418
vn -0.8365 -0.5063 -0.2095
vn -0.8269 -0.5623 -0.0023
vn -0.8347 -0.5500 0.0280
vn -0.7966 -0.4289 0.4261
vn 0.3206 0.4172 -0.8504
vn 0.8697 0.2208 -0.4414
vn 0.8831 -0.0194 -0.4687
vn 0.3161 -0.0483 -0.9475
vn -0.2866 0.7012 0.6529
vn -0.2939 0.8777 -0.3784
vn -0.2702 -0.6704 0.6911
vn 0.2702 -0.6704 0.6911
vn 0.2109 -0.9762 0.0508
vn 0.8347 -0.5500 0.0280
vn 0.7966 -0.4289 0.4261
vn 0.8502 -0.2863 -0.4418
vn 0.2954 -0.4968 -0.8161
vn 0.8365 -0.5063 -0.2095
vn 0.2567 -0.8905 -0.3758
vn 0.8269 -0.5623 -0.0023
vn 0.2237 -0.9747 -0.0011
vn -0.3206 0.4172 -0.8504
vn 0.8475 0.5001 -0.1779
vn 0.8153 0.4253 0.3929
vn 0.2939 0.8777 -0.3784
vn -0.2237 -0.9747 -0.0011
vn -0.2109 -0.9762 0.0508
vn -0.2567 -0.8905 -0.3758
vn -0.2954 -0.4968 -0.8161
vn -0.3161 -0.0483 -0.9475
vn 0.2866 0.7012 0.6529
vn -0.0000 -0.9808 0.1951
vn -0.0000 -0.8315 0.5556
vn -0.0000 -0.8336 0.5523
vn -0.0000 -0.9811 0.1937
vn 0.0000 -0.5556 0.8315
vn 0.0000 -0.2538 0.9673
vn 0.0000 -0.2694 0.9630
vn 0.0000 -0.5604 0.8282
vn 0.0000 -0.5556 -0.8315
vn 0.0000 -0.8315 -0.5556
vn 0.0000 -0.8336 -0.5523
vn 0.0000 -0.5604 -0.8282
vn 0.0761 0.2199 -0.9726
vn 0.0096 0.2227 -0.9748
vn 0.0118 0.2786 -0.9603
vn 0.1571 0.1723 -0.9724
vn 0.2962 -0.0279 0.9547
vn 0.1460 -0.0035 0.9893
vn 0.0799 0.0020 0.9968
vn 0.2163 -0.2139 0.9526
vn 0.9096 0.4081 -0.0776
vn 0.8734 0.4818 0.0712
vn 0.9211 0.3857 0.0526
vn 0.9741 0.2261 -0.0016
vn 0.0000 1.0000 0.0099
vn 0.0000 0.9946 0.1036
vn 0.0637 0.9925 0.1043
vn 0.0662 0.9978 0.0096
vn 0.9735 0.2029 -0.1054
vn 0.9987 0.0504 0.0005
vn 0.0653 0.9525 -0.2974
vn 0.0678 0.9956 -0.0654
vn 0.2155 0.9747 -0.0591
vn 0.3022 0.9433 -0.1372
vn 0.4360 0.8908 -0.1281
vn 0.2798 0.9600 0.0071
vn 0.4817 0.8732 -0.0747
vn 0.9993 -0.0385 0.0003
vn 0.9885 0.0786 -0.1290
vn 0.2758 0.2549 0.9268
vn 0.3504 0.2909 0.8903
vn 0.1573 0.2829 0.9461
vn 0.9984 -0.0563 -0.0000
vn 0.9880 -0.0959 0.1215
vn 0.9804 -0.1854 -0.0667
vn 0.9875 -0.0998 -0.1217
vn -0.0000 0.1359 -0.9907
vn 0.0000 0.2096 -0.9778
vn 0.0761 0.1941 0.9780
vn 0.9742 -0.1823 -0.1330
vn 0.9918 -0.0937 -0.0868
vn 0.0000 0.9646 0.2638
vn 0.0592 0.8920 0.4481
vn 0.0529 0.9214 0.3851
vn 0.0556 0.9639 0.2603
vn -0.0000 0.2795 0.9601
vn -0.0000 0.3463 0.9381
vn -0.0000 0.3467 0.9380
vn 0.0000 0.9979 -0.0654
vn 0.0000 0.9418 -0.3363
vn 0.2788 -0.2176 -0.9354
vn 0.5010 -0.1055 -0.8590
vn 0.4372 -0.5075 -0.7425
vn -0.0005 -0.5521 -0.8338
vn 0.8628 -0.0936 -0.4968
vn 0.7504 -0.5003 -0.4320
vn 0.9199 -0.3747 -0.1158
vn 0.8462 -0.5329 0.0001
vn 0.4857 -0.8741 0.0001
vn 0.4306 -0.7968 -0.4240
vn -0.0079 -0.9999 0.0086
vn -0.0003 -0.8789 -0.4771
vn 0.1366 -0.5477 0.8254
vn 0.5320 -0.4900 0.6906
vn 0.6043 -0.0973 0.7908
vn 0.0784 -0.8776 0.4729
vn 0.4851 -0.7792 0.3968
vn 0.0001 -1.0000 0.0000
vn 0.4863 -0.8738 0.0001
vn 0.8462 -0.5328 -0.0002
vn 0.7832 -0.4852 0.3889
vn 0.8909 -0.0861 0.4460
vn 0.6610 0.7480 -0.0598
vn 0.4065 0.7646 -0.5002
vn 0.1861 0.6856 -0.7038
vn 0.7683 0.6396 -0.0249
vn 0.6430 0.6489 -0.4068
vn 0.7292 0.5085 -0.4579
vn 0.2831 0.5930 0.7538
vn 0.4374 0.6579 0.6131
vn 0.3923 0.7879 0.4747
vn 0.1786 0.8278 0.5319
vn 0.6969 0.6083 0.3799
vn 0.6133 0.7465 0.2581
vn 0.8278 0.5595 0.0406
vn 0.6348 0.7637 0.1176
vn 0.6857 0.7278 -0.0100
vn 0.4870 0.8472 0.2125
vn 0.4490 0.8887 0.0930
vn 0.3233 0.9352 0.1444
vn 0.2236 0.9411 0.2538
vn 0.3174 0.8694 0.3786
vn 0.1876 0.8794 0.4376
vn 0.1167 0.7910 0.6006
vn 0.7079 0.3275 -0.6257
vn 0.5815 0.3571 -0.7310
vn 0.3872 0.5492 -0.7406
vn 0.2247 0.4503 -0.8641
vn 0.3859 0.3659 0.8469
vn 0.5590 0.1933 0.8063
vn 0.5731 0.3535 0.7394
vn 0.8647 0.1458 0.4807
vn 0.8569 0.2892 0.4267
vn 0.5395 0.4995 0.6778
vn 0.8091 0.4324 0.3980
vn 0.1468 0.9568 0.2510
vn 0.2262 0.9676 0.1119
vn 0.8923 -0.0318 -0.4503
vn 0.8075 0.1152 -0.5785
vn 0.5682 -0.0253 -0.8225
vn 0.4071 0.1461 -0.9016
vn 0.1341 0.0969 -0.9862
vn 0.5174 0.0023 0.8558
vn 0.9200 -0.0127 0.3917
vn 0.9817 0.0774 0.1743
vn 0.9714 0.1530 0.1816
vn 0.9413 0.2465 0.2305
vn -0.0000 0.5434 0.8395
vn 0.0000 0.4754 0.8798
vn 0.0000 0.4751 0.8799
vn 0.0881 0.6388 0.7643
vn 0.8937 0.3876 0.2261
vn -0.0002 -1.0000 0.0000
vn 0.4859 -0.8740 0.0000
vn 0.4860 -0.8740 0.0001
vn 0.8454 -0.5342 -0.0006
vn 0.8467 -0.5321 0.0013
vn 0.9581 -0.2865 0.0008
vn 0.6895 0.7242 0.0090
vn 0.6781 0.7328 -0.0563
vn 0.8331 0.5530 0.0073
vn 0.8275 0.5599 -0.0429
vn 0.9114 0.4077 -0.0555
vn 0.8688 0.4835 -0.1065
vn 0.7658 0.6429 -0.0139
vn 0.9833 -0.1819 0.0001
vn 0.8463 -0.5327 -0.0002
vn 0.4856 -0.8742 0.0001
vn 0.0715 -0.9810 0.1801
vn 0.9873 -0.1591 0.0013
vn 0.8372 -0.5456 -0.0376
vn 0.4623 -0.8858 -0.0397
vn 0.0817 -0.9812 0.1750
vn 0.0805 0.8424 -0.5328
vn 0.0039 0.8023 -0.5969
vn 0.0018 0.7868 -0.6171
vn -0.0000 0.7856 -0.6188
vn 0.0021 0.5827 -0.8127
vn -0.0000 0.5818 -0.8133
vn -0.0000 0.2839 -0.9589
vn -0.0000 0.2807 -0.9598
vn 0.0000 -1.0000 0.0025
vn 0.0389 -0.8927 0.4489
vn -0.0000 -0.8586 0.5126
vn 0.0679 -0.6017 0.7958
vn 0.0000 -0.4948 0.8690
vn 0.0000 -0.3463 0.9381
vn -0.0000 -0.0825 -0.9966
vn -0.0000 0.0103 -0.9999
vn 0.0030 -0.0393 -0.9992
vn -0.0000 -0.5530 -0.8332
vn -0.0000 -0.8791 -0.4766
vn 0.0047 0.7595 0.6505
vn -0.1201 0.2597 -0.9582
vn 0.0849 0.6073 -0.7900
vn 0.0000 -0.7199 0.6941
vn 0.0000 -0.7071 0.7071
vn 0.0722 -0.9810 -0.1800
vn 0.5221 -0.8520 0.0392
vn 0.8303 -0.5548 0.0534
vn -0.0000 -0.7199 -0.6941
vn -0.0000 -0.7071 -0.7071
vn -0.0000 -0.2695 -0.9630
vn -0.0000 -0.2538 -0.9673
vn 0.0000 -0.1201 0.9928
vn 0.0739 -0.9834 -0.1656
vn 0.4914 -0.8693 0.0534
vn -0.0000 -0.1201 -0.9928
vn 0.8393 -0.5420 0.0429
vn -0.0000 -0.9808 -0.1951
vn -0.0000 -0.9811 -0.1937
vn 0.0000 0.8109 0.5852
vn -0.0668 0.7032 0.7078
vn 0.0163 0.6995 0.7145
vn 0.0448 0.6831 0.7289
vn -0.0000 0.1918 0.9814
vn 0.0000 0.0020 1.0000
vn 0.8727 0.4879 -0.0193
vn 0.9993 -0.0386 -0.0002
vn 0.9987 0.0504 -0.0004
vn 0.9772 0.2125 -0.0000
vn 0.9183 0.3959 0.0004
vn 0.9377 0.3467 0.0209
vn 0.9774 0.2113 -0.0000
vn 0.9947 0.1030 0.0000
vn 0.8860 0.4637 0.0022
vn 0.0896 0.7011 0.7074
vn 0.0752 0.2803 0.9570
vn 0.0039 0.3652 -0.9309
vn -0.0000 -1.0000 0.0008
vn 0.0000 0.0374 -0.9993
vn 0.2450 0.7106 -0.6596
vn -0.2908 -0.9568 0.0000
vn -0.8733 -0.4872 0.0000
vn -0.8776 -0.4794 0.0000
vn -0.3003 -0.9539 0.0000
vn -0.0000 -0.0885 -0.9961
vn 0.0120 0.1091 -0.9940
vn 0.0000 0.1091 -0.9940
vn 0.3713 0.5101 0.7758
vn -0.0761 0.2199 -0.9726
vn -0.1571 0.1723 -0.9724
vn -0.0118 0.2786 -0.9603
vn -0.0096 0.2227 -0.9748
vn -0.2961 -0.0279 0.9547
vn -0.2164 -0.2137 0.9526
vn -0.0799 0.0020 0.9968
vn -0.1447 0.0161 0.9893
vn -0.9102 0.4065 -0.0789
vn -0.9761 0.2171 -0.0010
vn -0.9377 0.3475 0.0056
vn -0.8760 0.4772 0.0700
vn -0.0662 0.9978 0.0096
vn -0.0637 0.9925 0.1043
vn -0.9737 0.2017 -0.1062
vn -0.9989 0.0467 0.0001
vn -0.0653 0.9525 -0.2974
vn -0.2155 0.9747 -0.0591
vn -0.0678 0.9956 -0.0654
vn -0.3023 0.9433 -0.1372
vn -0.4360 0.8908 -0.1281
vn -0.2798 0.9600 0.0071
vn -0.4817 0.8732 -0.0747
vn -0.9884 0.0779 -0.1303
vn -0.9995 -0.0317 0.0001
vn -0.2758 0.2549 0.9268
vn -0.1573 0.2829 0.9461
vn -0.3504 0.2909 0.8903
vn -0.9984 -0.0563 -0.0000
vn -0.9875 -0.0998 -0.1217
vn -0.9804 -0.1854 -0.0667
vn -0.9879 -0.0963 0.1216
vn -0.0761 0.1941 0.9780
vn -0.9918 -0.0937 -0.0868
vn -0.9742 -0.1823 -0.1330
vn -0.0556 0.9639 0.2603
vn -0.0529 0.9214 0.3851
vn -0.2788 -0.2176 -0.9354
vn 0.0005 -0.5521 -0.8338
vn -0.4372 -0.5075 -0.7425
vn -0.5010 -0.1055 -0.8590
vn -0.7504 -0.5003 -0.4320
vn -0.8628 -0.0936 -0.4968
vn -0.9199 -0.3747 -0.1158
vn -0.8462 -0.5329 0.0001
vn -0.4306 -0.7968 -0.4240
vn -0.4857 -0.8741 0.0001
vn 0.0079 -0.9999 0.0086
vn 0.0003 -0.8789 -0.4771
vn -0.6043 -0.0973 0.7908
vn -0.5320 -0.4900 0.6906
vn -0.1366 -0.5477 0.8254
vn -0.4851 -0.7792 0.3968
vn -0.0784 -0.8776 0.4729
vn -0.0001 -1.0000 0.0000
vn -0.4863 -0.8738 0.0001
vn -0.7832 -0.4852 0.3889
vn -0.8462 -0.5328 -0.0002
vn -0.8909 -0.0861 0.4460
vn -0.1861 0.6856 -0.7038
vn -0.4065 0.7646 -0.5002
vn -0.6610 0.7480 -0.0598
vn -0.6430 0.6489 -0.4068
vn -0.7719 0.6352 -0.0253
vn -0.7292 0.5085 -0.4579
vn -0.2831 0.5930 0.7538
vn -0.1786 0.8278 0.5319
vn -0.3923 0.7879 0.4747
vn -0.4374 0.6579 0.6131
vn -0.6133 0.7465 0.2581
vn -0.6972 0.6077 0.3802
vn -0.8278 0.5595 0.0406
vn -0.6348 0.7637 0.1176
vn -0.4870 0.8472 0.2125
vn -0.6857 0.7278 -0.0100
vn -0.4490 0.8887 0.0930
vn -0.3233 0.9352 0.1444
vn -0.3174 0.8694 0.3786
vn -0.2236 0.9411 0.2538
vn -0.1876 0.8794 0.4376
vn -0.1167 0.7910 0.6006
vn -0.7079 0.3275 -0.6257
vn -0.3872 0.5492 -0.7406
vn -0.5815 0.3572 -0.7310
vn -0.2247 0.4503 -0.8641
vn -0.3859 0.3659 0.8469
vn -0.5731 0.3535 0.7394
vn -0.5590 0.1933 0.8063
vn -0.8569 0.2892 0.4267
vn -0.8647 0.1458 0.4807
vn -0.8091 0.4324 0.3980
vn -0.5395 0.4995 0.6778
vn -0.1468 0.9568 0.2510
vn -0.2262 0.9676 0.1119
vn -0.8075 0.1152 -0.5785
vn -0.8923 -0.0315 -0.4503
vn -0.4071 0.1461 -0.9016
vn -0.5682 -0.0262 -0.8225
vn -0.1341 0.0969 -0.9862
vn -0.5174 0.0024 0.8558
vn -0.9200 -0.0127 0.3917
vn -0.9816 0.0774 0.1745
vn -0.9413 0.2465 0.2305
vn -0.9714 0.1530 0.1816
vn -0.0881 0.6388 0.7643
vn -0.8937 0.3876 0.2261
vn 0.0002 -1.0000 0.0000
vn -0.4860 -0.8740 0.0001
vn -0.4859 -0.8740 0.0000
vn -0.8467 -0.5321 0.0013
vn -0.8454 -0.5342 -0.0006
vn -0.9581 -0.2865 0.0008
vn -0.6781 0.7328 -0.0563
vn -0.6895 0.7242 0.0090
vn -0.8172 0.5747 -0.0426
vn -0.8308 0.5566 0.0020
vn -0.9092 0.4163 0.0031
vn -0.7655 0.6433 -0.0135
vn -0.8464 -0.5326 0.0002
vn -0.9833 -0.1819 0.0001
vn -0.4856 -0.8742 0.0001
vn -0.0715 -0.9810 0.1801
vn -0.8372 -0.5456 -0.0376
vn -0.9873 -0.1591 0.0013
vn -0.4623 -0.8858 -0.0397
vn -0.0817 -0.9812 0.1750
vn -0.0018 0.7868 -0.6171
vn -0.0039 0.8023 -0.5969
vn -0.0021 0.5827 -0.8127
vn -0.0389 -0.8927 0.4489
vn -0.0679 -0.6017 0.7958
vn -0.0030 -0.0393 -0.9992
vn -0.0047 0.7595 0.6505
vn 0.1201 0.2597 -0.9582
vn -0.0849 0.6072 -0.7900
vn -0.0722 -0.9810 -0.1800
vn -0.5221 -0.8520 0.0392
vn -0.8303 -0.5548 0.0534
vn -0.0739 -0.9834 -0.1656
vn -0.4914 -0.8693 0.0534
vn -0.8393 -0.5420 0.0429
vn -0.0448 0.6831 0.7289
vn -0.0163 0.6995 0.7145
vn -0.9995 -0.0314 0.0001
vn -0.9989 0.0475 0.0017
vn -0.9773 0.2118 0.0042
vn -0.9775 0.2109 0.0058
vn -0.9372 0.3479 0.0248
vn -0.9945 0.1045 0.0003
vn -0.0896 0.7011 0.7074
vn -0.0752 0.2803 0.9570
vn -0.9946 0.1033 0.0034
vn -0.9944 0.1056 0.0008
vn -0.0039 0.3652 -0.9309
vn -0.2450 0.7106 -0.6596
vn 0.2908 -0.9568 0.0000
vn 0.3003 -0.9539 0.0000
vn 0.8776 -0.4794 0.0000
vn 0.8733 -0.4872 0.0000
vn -0.0120 0.1091 -0.9940
vn -0.3713 0.5101 0.7758
vn 0.0000 0.0614 -0.9981
vn 0.2074 0.9593 -0.1917
vn 0.2074 0.9598 -0.1891
vn 0.2122 0.8152 -0.5388
vn 0.2124 0.8111 -0.5450
vn 0.2195 0.5442 -0.8098
vn 0.2193 0.5532 -0.8037
vn 0.1921 0.2275 -0.9547
vn 0.1837 0.1837 -0.9657
vn 0.2195 0.5442 0.8097
vn 0.2193 0.5532 0.8037
vn 0.2122 0.8152 0.5388
vn 0.2124 0.8111 0.5450
vn -0.1080 -0.0541 0.9927
vn -0.2491 -0.2978 0.9215
vn -0.0056 -0.2767 0.9609
vn -0.0057 -0.2233 0.9747
vn -0.4255 0.1923 -0.8843
vn -0.0782 0.3166 -0.9453
vn -0.0790 -0.0023 -0.9969
vn -0.2759 -0.1400 -0.9509
vn -0.9314 -0.2662 0.2481
vn -0.9743 -0.2254 0.0007
vn -0.9188 -0.3887 0.0689
vn -0.7962 -0.6037 0.0403
vn -0.0000 -1.0000 -0.0099
vn -0.0655 -0.9978 -0.0096
vn -0.0631 -0.9925 -0.1042
vn 0.0000 -0.9947 -0.1031
vn -0.9711 -0.0647 0.2297
vn -0.9988 -0.0496 -0.0013
vn -0.0633 -0.9511 0.3024
vn -0.2152 -0.9748 0.0585
vn -0.0675 -0.9956 0.0647
vn -0.4034 -0.8513 0.3356
vn -0.5142 -0.8567 0.0408
vn -0.2455 -0.9686 -0.0386
vn -0.5478 -0.8366 -0.0038
vn -0.9767 0.0229 0.2132
vn -0.9996 0.0295 -0.0009
vn -0.2828 -0.1580 -0.9461
vn -0.1433 -0.2819 -0.9487
vn -0.3284 -0.2909 -0.8986
vn -0.9986 0.0469 -0.0231
vn -0.9947 0.0322 -0.0977
vn -0.9403 0.3232 -0.1069
vn -0.9862 -0.0227 -0.1638
vn 0.0000 -0.0495 0.9988
vn 0.0008 -0.2119 0.9773
vn -0.0000 -0.2120 0.9773
vn -0.0754 -0.1954 -0.9778
vn -0.9992 0.0388 -0.0087
vn -0.9920 0.0758 -0.1011
vn -0.9574 0.2884 -0.0150
vn -0.9989 0.0469 -0.0046
vn 0.0000 -0.9647 -0.2634
vn -0.0553 -0.9639 -0.2604
vn -0.1105 -0.8909 -0.4406
vn 0.0000 -0.8678 -0.4969
vn -0.0000 -0.2799 -0.9600
vn -0.0000 -0.3463 -0.9381
vn -0.0000 -0.3460 -0.9382
vn 0.0002 -0.2801 -0.9600
vn -0.0000 -0.9979 0.0646
vn -0.0000 -0.9406 0.3395
vn -0.1128 0.0637 0.9916
vn -0.1318 0.4522 0.8821
vn -0.4312 0.5024 0.7495
vn -0.3986 0.2199 0.8904
vn -0.7560 0.4959 0.4272
vn -0.8174 0.1865 0.5451
vn -0.9842 0.1748 -0.0276
vn -0.8833 0.4382 0.1665
vn -0.4224 0.8052 0.4162
vn -0.5384 0.8312 0.1385
vn -0.2924 0.9028 0.3153
vn -0.1174 0.9222 0.3685
vn -0.5151 0.2108 -0.8308
vn -0.5286 0.4838 -0.6975
vn -0.2719 0.4456 -0.8529
vn -0.4814 0.7833 -0.3933
vn -0.1821 0.8331 -0.5222
vn -0.3439 0.8899 -0.2996
vn -0.4010 0.9061 -0.1350
vn -0.7898 0.4786 -0.3837
vn -0.8082 0.5771 -0.1175
vn -0.9184 0.2011 -0.3407
vn -0.2132 -0.7010 0.6805
vn -0.4096 -0.7673 0.4933
vn -0.4610 -0.8328 0.3064
vn -0.6502 -0.6460 0.3999
vn -0.6932 -0.7111 0.1171
vn -0.7279 -0.5547 0.4031
vn -0.4102 -0.6200 -0.6688
vn -0.1442 -0.7793 -0.6098
vn -0.3849 -0.7892 -0.4786
vn -0.4926 -0.6236 -0.6070
vn -0.6156 -0.7461 -0.2537
vn -0.7494 -0.5605 -0.3525
vn -0.7516 -0.6372 -0.1707
vn -0.7532 -0.6551 -0.0595
vn -0.4877 -0.8472 -0.2109
vn -0.6981 -0.7114 -0.0807
vn -0.4324 -0.9015 -0.0175
vn -0.3777 -0.9171 -0.1277
vn -0.3132 -0.8703 -0.3802
vn -0.2675 -0.9304 -0.2505
vn -0.0954 -0.9018 -0.4215
vn -0.1477 -0.8654 -0.4788
vn -0.7650 -0.4472 0.4634
vn -0.4212 -0.5168 0.7454
vn -0.4742 -0.2403 0.8470
vn -0.0688 -0.5187 0.8522
vn -0.3612 -0.3666 -0.8574
vn -0.5630 -0.3531 -0.7472
vn -0.5892 -0.1539 -0.7932
vn -0.8631 -0.2877 -0.4151
vn -0.8953 -0.1036 -0.4333
vn -0.8150 -0.4296 -0.3888
vn -0.5308 -0.4988 -0.6851
vn -0.1430 -0.9586 -0.2462
vn -0.2105 -0.9740 -0.0835
vn -0.8655 -0.0480 0.4986
vn -0.8703 0.0817 0.4856
vn -0.4736 -0.0749 0.8775
vn -0.4855 0.0885 0.8698
vn 0.0150 0.0074 0.9999
vn -0.5874 0.0766 -0.8056
vn -0.8971 -0.0477 -0.4392
vn -0.9874 -0.1209 -0.1019
vn -0.9491 -0.2392 -0.2050
vn -0.9763 -0.1462 -0.1595
vn 0.0678 -0.6005 -0.7968
vn 0.0098 -0.6355 -0.7720
vn 0.0002 -0.4745 -0.8803
vn -0.0000 -0.4751 -0.8799
vn -0.9024 -0.3780 -0.2069
vn -0.4637 0.8855 0.0295
vn -0.4708 0.8817 0.0315
vn -0.4687 0.8831 -0.0210
vn -0.4606 0.8874 -0.0195
vn -0.8575 0.5135 0.0320
vn -0.8506 0.5253 -0.0218
vn -0.9845 0.1606 -0.0707
vn -0.6503 -0.7597 0.0039
vn -0.6846 -0.7289 0.0027
vn -0.8121 -0.5835 0.0025
vn -0.8333 -0.5528 0.0007
vn -0.9021 -0.4184 0.1060
vn -0.8674 -0.4945 0.0554
vn -0.8106 -0.5853 -0.0200
vn -0.8447 0.5305 0.0708
vn -0.9862 0.1589 0.0468
vn -0.4667 0.8817 0.0695
vn -0.3855 0.8899 0.2440
vn -0.8587 0.5110 0.0395
vn -0.9920 0.1067 0.0668
vn -0.4567 0.8889 0.0347
vn -0.3848 0.8953 0.2244
vn 0.0000 -0.8838 0.4679
vn -0.0019 -0.7911 0.6116
vn 0.0009 -0.7863 0.6179
vn -0.0804 -0.8390 0.5382
vn -0.0017 -0.5785 0.8157
vn 0.0005 -0.5786 0.8156
vn 0.0000 -0.5325 0.8464
vn 0.0001 -0.5353 0.8447
vn -0.0000 0.8928 -0.4505
vn -0.0351 0.8882 -0.4582
vn -0.0730 0.8804 -0.4687
vn -0.0360 0.8928 -0.4491
vn -0.0573 0.5408 -0.8392
vn -0.1235 0.5291 -0.8395
vn 0.1250 0.2009 -0.9716
vn 0.0135 0.0321 0.9994
vn 0.0000 0.0186 0.9998
vn 0.1217 0.1951 0.9732
vn -0.0009 0.5395 0.8420
vn -0.0004 0.8857 0.4643
vn -0.0724 -0.7987 -0.5974
vn -0.0137 -0.5749 0.8181
vn -0.0051 -0.5733 0.8193
vn 0.2405 0.7070 -0.6650
vn 0.0880 0.0560 -0.9945
vn 0.2339 0.6727 -0.7020
vn -0.3820 0.8976 -0.2201
vn -0.4974 0.8674 -0.0107
vn -0.8366 0.5477 0.0004
vn 0.2405 0.7070 0.6650
vn 0.2339 0.6726 0.7020
vn 0.0880 0.0561 0.9945
vn 0.1922 0.2276 0.9546
vn 0.1838 0.1836 0.9657
vn 0.1461 0.0043 -0.9893
vn -0.3842 0.9004 -0.2039
vn -0.4802 0.8771 0.0106
vn 0.1464 0.0042 0.9892
vn -0.8581 0.5135 -0.0048
vn 0.2074 0.9598 0.1891
vn 0.2074 0.9593 0.1917
vn -0.0469 -0.7545 -0.6546
vn -0.0449 -0.6728 -0.7384
vn -0.1437 -0.6693 -0.7290
vn 0.0000 -0.7351 -0.6780
vn 0.0000 -0.0022 -1.0000
vn 0.0000 -0.1927 -0.9813
vn -0.9110 -0.4121 0.0139
vn -1.0000 0.0097 0.0006
vn -0.9987 -0.0504 0.0005
vn -0.9772 -0.2125 -0.0002
vn -0.9774 -0.2113 -0.0002
vn -0.9262 -0.3730 0.0543
vn -0.9189 -0.3944 0.0007
vn -0.9990 0.0428 0.0115
vn -0.9950 -0.0993 0.0107
vn -0.8942 -0.4476 -0.0003
vn -0.0912 -0.6595 -0.7462
vn -0.0740 -0.2824 -0.9564
vn 0.0009 -0.2811 -0.9597
vn -0.9947 -0.1027 -0.0005
vn -0.9945 -0.1046 0.0001
vn 0.0018 -0.3562 0.9344
vn 0.0000 0.8873 0.4611
vn 0.0325 0.0960 0.9949
vn -0.2188 -0.6465 0.7308
vn -0.9994 0.0334 -0.0099
vn -0.9998 0.0187 -0.0012
vn -0.9998 0.0174 0.0041
vn -0.9995 0.0276 0.0144
vn -0.9983 0.0355 0.0462
vn -0.9991 0.0398 0.0127
vn 0.0822 0.1154 0.9899
vn -0.0004 -0.0490 0.9988
vn 0.0000 -0.0490 0.9988
vn 0.0745 0.1034 0.9918
vn -0.0325 0.0960 0.9949
vn 0.1437 -0.1999 0.9692
vn -0.3522 -0.5098 -0.7849
vn -0.2074 0.9593 -0.1917
vn -0.2124 0.8111 -0.5450
vn -0.2122 0.8152 -0.5388
vn -0.2074 0.9598 -0.1891
vn -0.2195 0.5442 -0.8098
vn -0.1837 0.1837 -0.9657
vn -0.1921 0.2275 -0.9547
vn -0.2193 0.5532 -0.8037
vn -0.2195 0.5442 0.8097
vn -0.2124 0.8111 0.5450
vn -0.2122 0.8152 0.5388
vn -0.2193 0.5532 0.8037
vn 0.0057 -0.2233 0.9747
vn 0.0056 -0.2767 0.9609
vn 0.2492 -0.3003 0.9207
vn 0.4255 0.1922 -0.8843
vn 0.2591 -0.1394 -0.9557
vn 0.0790 -0.0023 -0.9969
vn 0.0782 0.3166 -0.9453
vn 0.9298 -0.2705 0.2495
vn 0.7977 -0.6013 0.0462
vn 0.9124 -0.4043 -0.0637
vn 0.9762 -0.2169 0.0006
vn 0.0631 -0.9925 -0.1042
vn 0.0655 -0.9978 -0.0096
vn 0.9709 -0.0646 0.2306
vn 0.9989 -0.0461 -0.0004
vn 0.0633 -0.9511 0.3024
vn 0.0675 -0.9956 0.0647
vn 0.2152 -0.9748 0.0585
vn 0.4029 -0.8508 0.3373
vn 0.5142 -0.8567 0.0396
vn 0.2456 -0.9686 -0.0386
vn 0.5478 -0.8366 -0.0042
vn 0.9996 0.0271 -0.0026
vn 0.9767 0.0234 0.2134
vn 0.2854 -0.1589 -0.9452
vn 0.3284 -0.2909 -0.8986
vn 0.1433 -0.2819 -0.9487
vn 0.9986 0.0469 -0.0231
vn 0.9861 -0.0218 -0.1645
vn 0.9408 0.3229 -0.1032
vn 0.9947 0.0322 -0.0977
vn -0.0008 -0.2119 0.9773
vn 0.0754 -0.1954 -0.9778
vn 0.9992 0.0391 -0.0086
vn 0.9574 0.2884 -0.0153
vn 0.9920 0.0757 -0.1011
vn 0.1105 -0.8910 -0.4404
vn 0.0553 -0.9639 -0.2604
vn -0.0002 -0.2801 -0.9600
vn 0.1100 0.0636 0.9919
vn 0.3987 0.2220 0.8898
vn 0.4312 0.5024 0.7495
vn 0.1300 0.4519 0.8825
vn 0.8172 0.1871 0.5451
vn 0.7560 0.4959 0.4272
vn 0.9857 0.1664 -0.0272
vn 0.8838 0.4380 0.1647
vn 0.5383 0.8325 0.1306
vn 0.4224 0.8052 0.4162
vn 0.2924 0.9028 0.3153
vn 0.1278 0.9204 0.3695
vn 0.2766 0.4464 -0.8510
vn 0.5286 0.4838 -0.6975
vn 0.5149 0.2070 -0.8319
vn 0.1891 0.8321 -0.5214
vn 0.4814 0.7833 -0.3933
vn 0.3439 0.8899 -0.2996
vn 0.4010 0.9061 -0.1350
vn 0.8092 0.5774 -0.1089
vn 0.7898 0.4786 -0.3836
vn 0.9180 0.2028 -0.3409
vn 0.4863 -0.8064 0.3365
vn 0.4094 -0.7674 0.4935
vn 0.2371 -0.7127 0.6602
vn 0.6964 -0.7042 0.1384
vn 0.6501 -0.6460 0.4001
vn 0.7310 -0.5510 0.4024
vn 0.4102 -0.6200 -0.6688
vn 0.4923 -0.6235 -0.6073
vn 0.3849 -0.7892 -0.4786
vn 0.1442 -0.7793 -0.6098
vn 0.7466 -0.5619 -0.3563
vn 0.6156 -0.7461 -0.2537
vn 0.7516 -0.6372 -0.1707
vn 0.7532 -0.6551 -0.0595
vn 0.6996 -0.7109 -0.0718
vn 0.4877 -0.8472 -0.2109
vn 0.4289 -0.9031 -0.0216
vn 0.3808 -0.9155 -0.1296
vn 0.2676 -0.9304 -0.2505
vn 0.3132 -0.8703 -0.3802
vn 0.0984 -0.8995 -0.4257
vn 0.1577 -0.8660 -0.4745
vn 0.7740 -0.4466 0.4488
vn 0.4750 -0.2405 0.8465
vn 0.4213 -0.5162 0.7457
vn 0.0807 -0.5219 0.8492
vn 0.3612 -0.3666 -0.8574
vn 0.5888 -0.1539 -0.7935
vn 0.5630 -0.3531 -0.7472
vn 0.8941 -0.1036 -0.4356
vn 0.8631 -0.2877 -0.4151
vn 0.5308 -0.4988 -0.6851
vn 0.8150 -0.4296 -0.3888
vn 0.1431 -0.9585 -0.2466
vn 0.2098 -0.9741 -0.0838
vn 0.8702 0.0817 0.4859
vn 0.8681 -0.0481 0.4941
vn 0.4854 0.0885 0.8698
vn 0.4777 -0.0751 0.8753
vn 0.5863 0.0765 -0.8065
vn 0.8978 -0.0475 -0.4378
vn 0.9870 -0.1213 -0.1058
vn 0.9763 -0.1462 -0.1595
vn 0.9491 -0.2392 -0.2050
vn -0.0002 -0.4745 -0.8803
vn -0.0098 -0.6355 -0.7720
vn 0.9024 -0.3780 -0.2069
vn 0.4637 0.8855 0.0295
vn 0.4606 0.8874 -0.0195
vn 0.4687 0.8831 -0.0210
vn 0.4708 0.8817 0.0315
vn 0.8506 0.5253 -0.0218
vn 0.8575 0.5135 0.0320
vn 0.9844 0.1610 -0.0707
vn 0.6849 -0.7286 0.0027
vn 0.6510 -0.7591 0.0032
vn 0.8295 -0.5585 0.0034
vn 0.7977 -0.6031 0.0016
vn 0.9180 -0.3960 -0.0223
vn 0.8102 -0.5858 -0.0206
vn 0.9862 0.1589 0.0468
vn 0.8448 0.5304 0.0711
vn 0.4667 0.8817 0.0695
vn 0.3855 0.8899 0.2440
vn 0.9920 0.1067 0.0668
vn 0.8587 0.5110 0.0395
vn 0.4567 0.8889 0.0347
vn 0.3848 0.8953 0.2244
vn 0.0804 -0.8392 0.5378
vn -0.0009 -0.7863 0.6179
vn -0.0005 -0.5786 0.8156
vn -0.0001 -0.5353 0.8447
vn 0.0360 0.8928 -0.4491
vn 0.0731 0.8808 -0.4678
vn 0.1237 0.5315 -0.8380
vn -0.0135 0.0321 0.9994
vn 0.0726 -0.7986 -0.5974
vn 0.0137 -0.5749 0.8181
vn 0.0044 -0.5757 0.8176
vn -0.2405 0.7070 -0.6650
vn -0.2339 0.6727 -0.7020
vn -0.0880 0.0560 -0.9945
vn 0.3820 0.8976 -0.2201
vn 0.4974 0.8674 -0.0107
vn 0.8366 0.5477 0.0004
vn -0.2405 0.7070 0.6650
vn -0.2339 0.6726 0.7020
vn -0.0880 0.0561 0.9945
vn -0.1922 0.2276 0.9546
vn -0.1838 0.1836 0.9657
vn -0.1461 0.0043 -0.9893
vn 0.3842 0.9004 -0.2039
vn 0.4802 0.8771 0.0106
vn -0.1464 0.0042 0.9892
vn 0.8581 0.5135 -0.0048
vn -0.2074 0.9593 0.1917
vn -0.2074 0.9598 0.1891
vn 0.1437 -0.6693 -0.7290
vn 0.0449 -0.6729 -0.7384
vn 0.9997 0.0249 0.0059
vn 0.9989 -0.0472 -0.0017
vn 0.9773 -0.2119 -0.0043
vn 0.9263 -0.3734 0.0498
vn 0.9775 -0.2110 -0.0059
vn 0.9949 -0.1008 0.0104
vn 0.0912 -0.6595 -0.7462
vn 0.0740 -0.2824 -0.9564
vn -0.0009 -0.2811 -0.9597
vn 0.9947 -0.1030 -0.0036
vn 0.9942 -0.1075 -0.0006
vn -0.0018 -0.3562 0.9344
vn 0.2191 -0.6439 0.7330
vn 0.9994 0.0334 -0.0099
vn 0.9998 0.0189 -0.0013
vn 0.9998 0.0178 0.0041
vn 0.9995 0.0276 0.0144
vn 0.9983 0.0355 0.0462
vn 0.9991 0.0400 0.0127
vn -0.0822 0.1154 0.9899
vn 0.0004 -0.0490 0.9988
vn 0.3522 -0.5098 -0.7849
vn 0.0000 0.1215 0.9926
vn -0.9970 0.0221 -0.0741
vn -0.9974 0.0206 -0.0691
vn -0.9970 0.0220 0.0738
vn -0.9974 0.0205 0.0688
vn -0.9959 0.0161 -0.0888
vn -0.9687 -0.2465 -0.0303
vn -0.9991 0.0166 -0.0394
vn -0.9960 0.0159 -0.0878
vn -0.9959 0.0160 0.0886
vn -0.9960 0.0159 0.0875
vn -0.8317 -0.0391 0.5539
vn -0.3726 -0.5713 0.7313
vn -0.4392 -0.4536 0.7755
vn -0.8303 -0.2274 0.5089
vn 0.5994 -0.7296 -0.3294
vn 0.5833 -0.4969 -0.6426
vn 0.3886 -0.4554 -0.8010
vn 0.7000 -0.6286 -0.3390
vn -0.8702 -0.4926 0.0000
vn -0.8728 -0.4880 0.0014
vn -0.9999 0.0063 0.0090
vn -1.0000 -0.0002 -0.0051
vn -0.6353 -0.4434 0.6322
vn -0.9792 -0.0498 0.1967
vn -0.9988 -0.0300 -0.0385
vn -0.6846 -0.1420 0.7149
vn -0.9787 -0.0766 0.1905
vn -0.9983 -0.0403 -0.0413
vn -0.0714 -0.4644 -0.8827
vn -0.0000 -0.4828 -0.8758
vn 0.0000 -0.0018 -1.0000
vn -0.0824 0.0020 -0.9966
vn -0.6794 -0.4524 -0.5777
vn -0.7530 -0.1155 -0.6478
vn 0.0004 -0.8340 -0.5517
vn -0.2822 -0.7984 -0.5320
vn -0.4053 -0.8873 -0.2202
vn -0.0005 -0.9596 -0.2814
vn -0.9768 -0.2135 -0.0168
vn -0.9990 0.0391 -0.0218
vn 0.0000 -0.8336 -0.5524
vn -0.0000 -0.9593 -0.2823
vn 0.0000 -0.4473 0.8944
vn -0.0000 0.0455 0.9990
vn 0.0337 0.7146 0.6987
vn 0.0001 -0.0000 1.0000
vn 0.0329 0.6992 0.7141
vn 0.0036 0.0000 1.0000
vn 0.0376 0.0828 0.9959
vn 0.3452 -0.6179 0.7065
vn 0.3487 -0.6247 0.6987
vn -0.0234 -0.0763 0.9968
vn 0.4411 -0.8926 0.0930
vn 0.4874 -0.8673 -0.1008
vn 0.5093 -0.8587 0.0568
vn 0.4094 -0.9106 -0.0563
vn 0.3270 -0.6268 -0.7072
vn 0.3282 -0.6292 -0.7046
vn 0.0519 0.9987 0.0016
vn 0.0518 0.9987 -0.0008
vn 0.0338 0.7153 -0.6980
vn 0.0331 0.6998 -0.7136
vn 0.0010 -0.0003 -1.0000
vn -0.0002 -0.0000 -1.0000
vn -0.0029 0.0172 0.9998
vn 0.1560 -0.2133 0.9645
vn 0.1534 -0.3170 0.9359
vn 0.1504 0.1382 -0.9789
vn -0.0547 0.8732 -0.4844
vn -0.0551 0.8747 -0.4815
vn 0.1372 0.1808 -0.9739
vn -0.0983 0.9498 0.2970
vn -0.0499 0.4712 0.8806
vn -0.0499 0.4714 0.8805
vn 0.5300 -0.7317 0.4286
vn 0.5618 -0.6818 0.4686
vn 0.9634 -0.2544 0.0840
vn 0.9994 -0.0211 0.0284
vn 0.9940 -0.0060 -0.1090
vn 0.9698 -0.1776 0.1671
vn 0.9103 0.3974 -0.1158
vn 0.3832 0.8864 -0.2598
vn 0.3834 0.8863 -0.2597
vn 0.9103 0.3974 -0.1159
vn 0.0157 -0.7176 0.6963
vn 0.0602 -0.6866 0.7245
vn 0.5193 -0.6430 0.5629
vn 0.5202 -0.6426 0.5625
vn 0.0377 0.9582 -0.2837
vn -0.4682 0.8736 -0.1331
vn -0.4662 0.8745 -0.1339
vn -0.9270 0.2875 0.2410
vn -0.9229 0.3112 0.2266
vn -0.3040 0.9312 0.2010
vn 0.0000 0.9778 0.2096
vn -0.8971 0.4331 0.0874
vn -0.8969 0.4335 0.0875
vn -0.9966 -0.0749 -0.0339
vn -0.9966 -0.0745 -0.0338
vn -0.8773 -0.4417 -0.1879
vn -0.8843 -0.4297 -0.1827
vn -0.9134 0.0001 0.4071
vn -0.8982 -0.0174 0.4393
vn -0.8982 -0.0173 0.4392
vn 0.3736 -0.3669 -0.8519
vn 0.2956 -0.2962 -0.9082
vn 0.2949 -0.2954 -0.9087
vn 0.3725 -0.3661 -0.8528
vn 0.9999 0.0050 -0.0136
vn 1.0000 0.0070 -0.0027
vn 0.9970 0.0221 -0.0741
vn 0.9974 0.0206 -0.0691
vn 0.9970 0.0220 0.0738
vn 0.9974 0.0205 0.0688
vn 0.9762 -0.0737 -0.2038
vn 0.9959 0.0161 -0.0888
vn 0.9960 0.0159 -0.0878
vn 0.9979 -0.0545 0.0336
vn 0.9959 0.0160 0.0886
vn 0.9960 0.0159 0.0875
vn 0.3726 -0.5713 0.7313
vn 0.8317 -0.0391 0.5539
vn 0.8303 -0.2274 0.5089
vn 0.4392 -0.4536 0.7755
vn -0.5833 -0.4969 -0.6426
vn -0.5995 -0.7295 -0.3293
vn -0.7001 -0.6285 -0.3390
vn -0.3886 -0.4554 -0.8010
vn 0.8728 -0.4880 0.0014
vn 0.8702 -0.4926 0.0000
vn 1.0000 -0.0002 -0.0051
vn 0.9999 0.0063 0.0090
vn 0.9750 -0.2210 0.0252
vn 0.6353 -0.4434 0.6322
vn 0.6846 -0.1420 0.7149
vn 0.9987 0.0389 0.0341
vn 0.9738 -0.2268 0.0159
vn 0.9993 0.0262 0.0255
vn 0.0714 -0.4644 -0.8827
vn 0.0824 0.0020 -0.9966
vn 0.6794 -0.4524 -0.5777
vn 0.7530 -0.1155 -0.6478
vn 0.2822 -0.7984 -0.5320
vn -0.0004 -0.8340 -0.5517
vn 0.0005 -0.9596 -0.2814
vn 0.4053 -0.8873 -0.2202
vn 0.9807 -0.0596 -0.1864
vn 0.9985 -0.0304 0.0449
vn -0.1536 -0.2154 0.9644
vn 0.0074 0.0162 0.9998
vn 0.0074 0.0161 0.9998
vn -0.1504 -0.3182 0.9360
vn 0.0560 0.8728 -0.4848
vn -0.1503 0.1380 -0.9790
vn -0.1371 0.1807 -0.9739
vn 0.0564 0.8746 -0.4815
vn 0.1006 0.9495 0.2971
vn 0.1006 0.9495 0.2970
vn 0.0538 0.4712 0.8804
vn 0.0537 0.4707 0.8807
vn -0.5297 -0.7322 0.4282
vn -0.5613 -0.6823 0.4684
vn -0.9994 -0.0211 0.0284
vn -0.9634 -0.2544 0.0840
vn -0.9698 -0.1776 0.1671
vn -0.9940 -0.0060 -0.1090
vn -0.3832 0.8864 -0.2598
vn -0.9103 0.3974 -0.1158
vn -0.9103 0.3974 -0.1159
vn -0.3834 0.8863 -0.2597
vn -0.0157 -0.7176 0.6963
vn -0.0602 -0.6866 0.7245
vn -0.5193 -0.6430 0.5629
vn -0.5202 -0.6426 0.5625
vn 0.4682 0.8736 -0.1331
vn -0.0377 0.9582 -0.2837
vn 0.4662 0.8745 -0.1339
vn 0.9270 0.2875 0.2410
vn 0.9229 0.3112 0.2266
vn 0.3040 0.9312 0.2010
vn 0.8971 0.4331 0.0874
vn 0.8969 0.4335 0.0875
vn 0.9966 -0.0749 -0.0339
vn 0.9966 -0.0745 -0.0338
vn 0.8773 -0.4417 -0.1879
vn 0.8843 -0.4297 -0.1827
vn 0.8982 -0.0174 0.4393
vn 0.9134 0.0001 0.4071
vn 0.8982 -0.0173 0.4392
vn -0.2956 -0.2962 -0.9082
vn -0.3736 -0.3669 -0.8519
vn -0.3725 -0.3661 -0.8528
vn -0.2949 -0.2954 -0.9087
vn -1.0000 0.0070 -0.0027
vn -0.9999 0.0050 -0.0136
vn 0.1832 0.3010 0.9358
vn 0.1822 0.2998 0.9364
vn 0.1558 0.3093 0.9381
vn 0.1456 0.3359 0.9306
vn 0.1375 0.5937 0.7928
vn 0.1210 0.6212 0.7742
vn 0.1307 0.5259 0.8404
vn 0.1454 0.4876 0.8609
vn 0.1763 0.3253 0.9290
vn 0.1504 0.3339 0.9305
vn 0.1077 0.3253 0.9395
vn 0.1106 0.3425 0.9330
vn 0.0968 0.3466 0.9330
vn 0.0910 0.3111 0.9460
vn 0.0958 0.6504 0.7535
vn 0.0871 0.6677 0.7393
vn 0.0967 0.6059 0.7896
vn 0.1066 0.5752 0.8111
vn 0.1001 0.4695 0.8773
vn 0.1116 0.4504 0.8858
vn 0.1409 0.4176 0.8976
vn 0.1605 0.3908 0.9064
vn 0.1000 0.3653 0.9255
vn 0.0860 0.3697 0.9252
vn 0.0870 0.6545 0.7510
vn 0.0786 0.6572 0.7496
vn 0.1114 0.6512 0.7507
vn 0.1293 0.6513 0.7477
vn -0.1832 0.3010 0.9358
vn -0.1456 0.3359 0.9306
vn -0.1558 0.3093 0.9381
vn -0.1822 0.2998 0.9364
vn -0.1375 0.5937 0.7928
vn -0.1454 0.4876 0.8609
vn -0.1307 0.5259 0.8404
vn -0.1210 0.6212 0.7742
vn -0.1504 0.3339 0.9305
vn -0.1763 0.3253 0.9290
vn -0.1077 0.3253 0.9395
vn -0.0910 0.3111 0.9460
vn -0.0968 0.3466 0.9330
vn -0.1106 0.3425 0.9330
vn -0.0958 0.6504 0.7535
vn -0.1066 0.5752 0.8111
vn -0.0967 0.6059 0.7896
vn -0.0871 0.6677 0.7393
vn -0.1116 0.4504 0.8858
vn -0.1001 0.4695 0.8773
vn -0.1605 0.3908 0.9064
vn -0.1409 0.4176 0.8976
vn -0.1000 0.3653 0.9255
vn -0.0860 0.3697 0.9252
vn -0.0870 0.6545 0.7510
vn -0.0786 0.6572 0.7496
vn -0.1114 0.6512 0.7507
vn -0.1293 0.6513 0.7477
vn 0.9925 0.1211 -0.0165
vn 0.9806 0.1958 0.0013
vn 0.9454 0.3238 -0.0368
vn 0.9863 0.1640 0.0177
vn -0.9925 0.1211 -0.0165
vn -0.9863 0.1640 0.0177
vn -0.9454 0.3238 -0.0368
vn -0.9806 0.1958 0.0013
vn 0.1333 0.3847 -0.9134
vn -0.0071 0.2560 -0.9667
vn -0.0000 0.2560 -0.9667
vn 0.0000 0.3971 -0.9178
vn -0.0065 0.3972 -0.9177
vn -0.1333 0.3847 -0.9134
vn 0.0065 0.3972 -0.9177
vn 0.0071 0.2560 -0.9667
vn -0.6077 -0.0000 -0.7942
vn 0.6077 0.0000 -0.7942
vn 0.6330 -0.6139 -0.4716
vn -0.6330 -0.6139 -0.4716
vn 0.6501 -0.7599 0.0000
vn -0.6501 -0.7599 -0.0000
vn 0.6330 -0.6139 0.4716
vn -0.6330 -0.6139 0.4716
vn 0.6077 -0.0000 0.7942
vn -0.6077 -0.0000 0.7942
vn 0.6330 0.6139 0.4716
vn -0.6330 0.6139 0.4716
vn 0.6501 0.7599 -0.0000
vn -0.6501 0.7599 -0.0000
vn 0.6330 0.6139 -0.4716
vn -0.6330 0.6139 -0.4716
vn 0.0320 0.7775 0.6281
vn 0.4775 0.6886 0.5456
vn 0.2536 0.9161 -0.3106
vn 0.0157 0.9380 -0.3462
vn 0.0175 -0.1344 0.9908
vn 0.3074 -0.1096 0.9452
vn 0.0210 -0.9397 0.3412
vn -0.1274 -0.8292 0.5443
vn 0.0430 -0.7768 -0.6283
vn -0.4705 -0.7047 -0.5311
vn 0.0239 0.1290 -0.9914
vn -0.1937 0.3443 -0.9187
vn 0.9251 0.3208 0.2031
vn 0.3979 0.8104 -0.4301
vn 0.6223 -0.4470 0.6426
vn -0.2539 -0.8182 0.5159
vn -0.9165 -0.3870 -0.1012
vn -0.5902 0.4887 -0.6425
vn 0.9836 0.1800 0.0116
vn 0.3104 0.9238 -0.2242
vn 0.6801 -0.6986 0.2224
vn -0.2295 -0.9449 0.2334
vn -0.9429 -0.3310 0.0362
vn -0.7417 0.6390 -0.2037
vn 0.9642 0.2648 -0.0110
vn 0.2487 0.9686 0.0007
vn 0.7080 -0.7062 -0.0057
vn -0.2488 -0.9685 0.0069
vn -0.9643 -0.2645 0.0141
vn -0.7078 0.7063 0.0130
vn 0.0000 -0.9132 -0.4075
vn 0.0000 0.3998 -0.9166
vn -0.1351 0.3911 -0.9104
vn -0.1159 -0.9185 -0.3780
vn 0.2416 0.8596 0.4501
vn 0.2457 -0.4387 0.8644
vn 0.8242 -0.5181 0.2288
vn 0.8051 0.5852 -0.0968
vn -0.0000 -0.4627 0.8865
vn -0.0000 0.8747 0.4846
vn 0.1870 -0.8453 -0.5005
vn 0.1654 0.2534 -0.9531
vn 0.1159 -0.9185 -0.3780
vn 0.1351 0.3911 -0.9104
vn -0.2416 0.8596 0.4501
vn -0.8051 0.5852 -0.0968
vn -0.8242 -0.5181 0.2288
vn -0.2457 -0.4387 0.8644
vn -0.1870 -0.8453 -0.5005
vn -0.1654 0.2534 -0.9531
vn 0.0000 -0.8688 -0.4952
vn 0.0000 0.3391 -0.9407
vn 0.4498 0.3897 -0.8036
vn 0.4498 -0.8182 -0.3581
vn 0.7278 0.5221 -0.4446
vn 0.7278 -0.6858 0.0009
vn 0.7278 0.6858 -0.0009
vn 0.7278 -0.5221 0.4446
vn 0.4498 0.8182 0.3581
vn 0.4498 -0.3897 0.8036
vn 0.0000 0.8688 0.4952
vn -0.0000 -0.3391 0.9407
vn -0.4498 0.8182 0.3581
vn -0.4498 -0.3897 0.8036
vn -0.7278 0.6858 -0.0009
vn -0.7278 -0.5221 0.4446
vn -0.7278 0.5221 -0.4446
vn -0.7278 -0.6858 0.0009
vn -0.4498 -0.8182 -0.3581
vn -0.4498 0.3897 -0.8036
vn -0.3651 -0.5614 0.7426
vn 0.0000 -0.5204 0.8539
vn 0.0000 0.9502 0.3116
vn -0.3651 0.9092 0.2003
vn -0.5907 -0.6689 0.4513
vn -0.5907 0.8017 -0.0911
vn -0.5907 -0.8017 0.0911
vn -0.5907 0.6689 -0.4513
vn -0.3651 -0.9092 -0.2003
vn -0.3651 0.5614 -0.7426
vn -0.0000 -0.9502 -0.3116
vn -0.0000 0.5204 -0.8539
vn 0.3651 -0.9092 -0.2003
vn 0.3651 0.5614 -0.7426
vn 0.5907 -0.8017 0.0911
vn 0.5907 0.6689 -0.4513
vn 0.5907 -0.6689 0.4513
vn 0.5907 0.8017 -0.0911
vn 0.3651 -0.5614 0.7426
vn 0.3651 0.9092 0.2003
vn 0.4156 -0.4655 0.7814
vn 0.4156 0.8614 0.2920
vn -0.4156 -0.8614 -0.2920
vn -0.4156 0.4655 -0.7814
vn 0.8660 0.1730 0.4691
vn -0.8660 0.1730 0.4691
vn 0.0000 0.9382 -0.3460
vn 0.0000 -0.9382 0.3460
vn 0.0000 0.7071 -0.7071
vn -0.5774 0.5774 -0.5773
vn -0.6814 0.7220 0.1200
vn -0.0000 0.9743 0.2254
vn 0.5774 0.5774 -0.5774
vn 0.5774 -0.5774 -0.5774
vn 0.6382 -0.5921 0.4920
vn 0.7546 0.1322 0.6427
vn 0.0000 0.1893 0.9819
vn 0.0000 -0.6541 0.7564
vn -0.6382 -0.5921 0.4921
vn -0.7546 0.1322 0.6427
vn -0.6946 0.5320 0.4842
vn -0.5774 -0.5774 -0.5773
vn 0.6814 0.7220 0.1200
vn 0.6946 0.5320 0.4842
vn 0.0000 0.6773 0.7357
vn 0.0498 0.4064 -0.9123
vn -0.0288 -0.3667 -0.9299
vn -0.0655 -0.9216 -0.3825
vn -0.0655 -0.9216 0.3825
vn -0.0288 -0.3667 0.9299
vn 0.0498 0.4064 0.9123
vn 0.1065 0.9230 0.3696
vn -0.4147 -0.8076 0.4193
vn -0.1500 -0.2710 0.9508
vn 0.1065 0.9230 -0.3696
vn -0.4147 -0.8076 -0.4193
vn -0.8191 -0.3965 -0.4145
vn -0.8191 -0.3965 0.4145
vn 0.4774 0.8013 0.3607
vn 0.4774 0.8013 -0.3607
vn -0.1499 -0.2710 -0.9508
vn 0.2210 0.3815 0.8976
vn 0.2210 0.3815 -0.8976
vn 0.8326 0.4180 -0.3635
vn 0.8326 0.4180 0.3635
vn 0.9235 0.0900 0.3730
vn 0.9235 0.0900 -0.3730
vn 0.3883 0.1950 -0.9007
vn -0.2851 -0.1392 -0.9483
vn 0.3883 0.1951 0.9007
vn -0.2851 -0.1392 0.9483
vn -0.3657 -0.0288 0.9303
vn -0.9194 -0.0692 0.3871
vn -0.8653 -0.3508 0.3579
vn -0.3588 -0.3518 0.8646
vn 0.4016 0.0391 0.9150
vn -0.9194 -0.0692 -0.3871
vn 0.4016 0.0391 -0.9150
vn -0.3657 -0.0288 -0.9303
vn 0.3582 -0.3524 -0.8646
vn 0.8647 -0.3524 -0.3579
vn 0.4241 -0.8884 -0.1756
vn 0.1757 -0.8884 -0.4241
vn -0.3588 -0.3518 -0.8646
vn -0.8653 -0.3508 -0.3579
vn 0.8647 -0.3524 0.3579
vn 0.3582 -0.3524 0.8646
vn -0.1757 -0.8884 -0.4241
vn 0.4241 -0.8884 0.1756
vn 0.1757 -0.8884 0.4241
vn -0.1757 -0.8884 0.4241
vn -0.4241 -0.8884 0.1756
vn -0.4241 -0.8884 -0.1756
vn 0.6170 -0.3701 0.6945
vn -0.2173 -0.9535 -0.2090
vn -0.2723 -0.9467 -0.1720
vn 0.8001 -0.3739 0.4691
vn -0.0473 -0.9319 -0.3596
vn -0.0471 0.9325 -0.3582
vn -0.0997 0.9602 -0.2609
vn -0.1003 -0.9598 -0.2622
vn 0.3592 0.3655 0.8587
vn 0.3590 -0.3668 0.8583
vn 0.6174 0.3689 0.6948
vn 0.1465 -0.3875 0.9102
vn 0.1466 0.3862 0.9107
vn -0.0000 0.3908 0.9205
vn -0.0000 -0.3921 0.9199
vn -0.0000 0.9369 -0.3496
vn -0.2164 0.9539 -0.2079
vn -0.2711 0.9472 -0.1713
vn 0.8005 0.3727 0.4694
vn 0.9268 0.3576 0.1143
vn -0.2606 0.9632 -0.0656
vn 0.9208 -0.3830 0.0740
vn 0.8730 -0.2453 -0.4215
vn 0.8746 0.3114 -0.3716
vn -0.2412 -0.9600 -0.1420
vn -0.2791 -0.4197 -0.8637
vn -0.2766 0.5378 -0.7964
vn -0.3170 -0.8743 -0.3677
vn -0.3308 0.9251 -0.1867
vn 0.0000 -0.9364 -0.3510
vn 0.6830 -0.2998 -0.6661
vn 0.9102 -0.3074 -0.2774
vn -0.1840 -0.9811 0.0597
vn -0.1019 -0.9894 0.1031
vn 0.0018 -0.9544 0.2985
vn -0.0359 -0.9810 0.1906
vn -0.0355 0.9813 0.1893
vn 0.0019 0.9548 0.2971
vn 0.2780 0.2970 -0.9135
vn 0.6832 0.2986 -0.6664
vn 0.2779 -0.2983 -0.9131
vn 0.0506 -0.3146 -0.9479
vn -0.0000 -0.3246 -0.9459
vn -0.0000 0.3232 -0.9463
vn 0.0506 0.3133 -0.9483
vn -0.0000 0.9470 0.3213
vn -0.1009 0.9896 0.1022
vn -0.1826 0.9814 0.0593
vn -0.1987 0.7827 0.5899
vn 0.8360 0.2358 0.4955
vn 0.9106 0.3062 -0.2775
vn -0.1996 -0.7822 0.5901
vn 0.8358 -0.2369 0.4953
vn -0.0000 -0.9465 0.3226
vn -0.5774 -0.5774 -0.5774
vn -0.5774 0.5774 -0.5774
vn 0.6382 -0.5921 0.4921
vn 0.0288 -0.3667 -0.9299
vn -0.0498 0.4064 -0.9123
vn 0.0655 -0.9216 -0.3825
vn 0.0655 -0.9216 0.3825
vn 0.0288 -0.3667 0.9299
vn -0.0498 0.4064 0.9123
vn -0.1065 0.9230 0.3696
vn 0.1500 -0.2710 0.9508
vn 0.4147 -0.8076 0.4193
vn -0.1065 0.9230 -0.3696
vn 0.8191 -0.3965 0.4145
vn 0.8191 -0.3965 -0.4145
vn 0.4147 -0.8076 -0.4193
vn -0.4774 0.8013 -0.3607
vn -0.4774 0.8013 0.3607
vn 0.1499 -0.2710 -0.9508
vn -0.2210 0.3815 0.8976
vn -0.2210 0.3815 -0.8976
vn -0.8326 0.4180 -0.3635
vn -0.9235 0.0900 -0.3730
vn -0.9235 0.0900 0.3730
vn -0.8326 0.4180 0.3635
vn 0.2851 -0.1392 -0.9483
vn -0.3883 0.1950 -0.9007
vn -0.3883 0.1951 0.9007
vn 0.2851 -0.1392 0.9483
vn 0.3657 -0.0288 0.9303
vn 0.3588 -0.3518 0.8646
vn 0.8653 -0.3508 0.3579
vn 0.9194 -0.0692 0.3871
vn -0.4016 0.0391 0.9150
vn 0.9194 -0.0692 -0.3871
vn 0.3657 -0.0288 -0.9303
vn -0.4016 0.0391 -0.9150
vn -0.3582 -0.3524 -0.8646
vn -0.8647 -0.3524 -0.3579
vn 0.8653 -0.3508 -0.3579
vn 0.3588 -0.3518 -0.8646
vn -0.8647 -0.3524 0.3579
vn -0.3582 -0.3524 0.8646
vn -0.6170 -0.3701 0.6945
vn -0.8001 -0.3739 0.4691
vn 0.2723 -0.9467 -0.1720
vn 0.2173 -0.9535 -0.2090
vn 0.0473 -0.9319 -0.3596
vn 0.1003 -0.9598 -0.2622
vn 0.0997 0.9602 -0.2609
vn 0.0471 0.9325 -0.3582
vn -0.3592 0.3655 0.8587
vn -0.6174 0.3689 0.6948
vn -0.3590 -0.3668 0.8583
vn -0.1465 -0.3875 0.9102
vn -0.1466 0.3862 0.9107
vn 0.2164 0.9539 -0.2079
vn 0.2711 0.9472 -0.1713
vn 0.2606 0.9632 -0.0656
vn -0.9268 0.3576 0.1143
vn -0.8005 0.3727 0.4694
vn -0.8746 0.3114 -0.3716
vn -0.8730 -0.2453 -0.4215
vn -0.9208 -0.3830 0.0740
vn 0.2412 -0.9600 -0.1420
vn 0.2791 -0.4197 -0.8637
vn 0.2766 0.5378 -0.7964
vn 0.3170 -0.8743 -0.3677
vn 0.3308 0.9251 -0.1867
vn -0.6830 -0.2998 -0.6661
vn 0.1019 -0.9894 0.1031
vn 0.1840 -0.9811 0.0597
vn -0.9102 -0.3074 -0.2774
vn -0.0018 -0.9544 0.2985
vn -0.0019 0.9548 0.2971
vn 0.0355 0.9813 0.1893
vn 0.0359 -0.9810 0.1906
vn -0.2780 0.2970 -0.9135
vn -0.2779 -0.2983 -0.9131
vn -0.6832 0.2986 -0.6664
vn -0.0506 -0.3146 -0.9479
vn -0.0506 0.3133 -0.9483
vn 0.1009 0.9896 0.1022
vn 0.1826 0.9814 0.0593
vn -0.9106 0.3062 -0.2775
vn -0.8360 0.2358 0.4955
vn 0.1987 0.7827 0.5899
vn 0.1996 -0.7822 0.5901
vn -0.8358 -0.2369 0.4953
usemtl checker
s off
f 1/1/1 2/2/1 4/3/1 3/4/1
f 3/4/2 4/5/2 8/6/2 7/7/2
f 7/7/3 8/8/3 6/9/3 5/10/3
f 5/10/4 6/11/4 2/12/4 1/1/4
f 3/4/5 7/7/5 5/10/5 1/1/5
f 8/13/6 4/14/6 2/15/6 6/16/6
f 989/17/1 990/18/1 992/19/1 991/20/1
f 991/21/2 992/22/2 996/23/2 995/24/2
f 995/25/3 996/26/3 994/27/3 993/28/3
f 993/29/4 994/30/4 990/31/4 989/32/4
f 991/33/5 995/25/5 993/28/5 989/34/5
f 996/26/6 992/19/6 990/18/6 994/27/6
f 1738/35/7 1737/36/7 1751/37/7 1739/38/7
f 1752/39/7 1751/37/7 1737/36/7 1740/40/7
f 1743/41/7 1747/42/7 1751/37/7 1752/39/7
f 1735/43/7 1749/44/7 1747/42/7 1743/41/7
f 1735/43/7 1742/45/7 1744/46/7 1749/44/7
f 1749/44/7 1736/47/7 1734/48/7 1747/42/7
f 1741/49/7 1745/50/7 1735/43/7 1743/41/7
f 1733/51/7 1746/52/7 1745/50/7 1741/49/7
f 1746/52/7 1748/53/7 1750/54/7 1745/50/7
f 1744/55/8 1765/56/8 1772/57/8 1749/58/8
f 1737/59/9 1762/60/9 1757/61/9 1740/62/9
f 1748/63/10 1769/64/10 1770/65/10 1750/66/10
f 1751/67/11 1759/68/11 1761/69/11 1739/70/11
f 1746/71/12 1768/72/12 1769/64/12 1748/63/12
f 1743/73/13 1763/74/13 1756/75/13 1741/76/13
f 1736/77/14 1753/78/14 1754/79/14 1734/80/14
f 1750/66/8 1770/65/8 1767/81/8 1745/82/8
f 1738/83/13 1760/84/13 1762/60/13 1737/59/13
f 1735/85/12 1771/86/12 1764/87/12 1742/88/12
f 1741/76/13 1756/75/13 1755/89/13 1733/90/13
f 1742/88/15 1764/87/15 1765/56/15 1744/55/15
f 1749/58/11 1772/57/11 1753/78/11 1736/77/11
f 1740/62/12 1757/61/12 1758/91/12 1752/92/12
f 1752/92/12 1758/91/12 1763/74/12 1743/73/12
f 1734/80/13 1754/79/13 1766/93/13 1747/94/13
f 1733/95/16 1755/96/16 1768/72/16 1746/71/16
f 1747/94/8 1766/93/8 1759/68/8 1751/67/8
f 1739/70/17 1761/69/17 1760/84/17 1738/83/17
f 1745/82/11 1767/81/11 1771/86/11 1735/85/11
f 1781/97/1 1782/98/1 1776/99/1 1775/100/1
f 1775/101/2 1776/102/2 1780/103/2 1779/104/2
f 1785/105/4 1786/106/4 1793/107/4 1794/108/4
f 1777/109/4 1778/110/4 1774/111/4 1773/112/4
f 1781/113/5 1783/114/5 1777/115/5 1773/116/5
f 1784/117/6 1782/118/6 1774/111/6 1778/110/6
f 1780/103/6 1776/102/6 1782/118/6 1784/117/6
f 1775/119/5 1779/120/5 1783/114/5 1781/113/5
f 1791/121/2 1792/122/2 1799/123/2 1800/124/2
f 1773/125/1 1774/126/1 1782/98/1 1781/97/1
f 1783/114/3 1784/117/3 1786/127/3 1785/128/3
f 1784/117/3 1778/110/3 1787/129/3 1786/127/3
f 1778/110/3 1777/115/3 1788/130/3 1787/129/3
f 1777/115/3 1783/114/3 1785/128/3 1788/130/3
f 1779/120/3 1780/103/3 1790/131/3 1789/132/3
f 1780/103/3 1784/117/3 1791/133/3 1790/131/3
f 1784/117/3 1783/114/3 1792/134/3 1791/133/3
f 1783/114/3 1779/120/3 1789/132/3 1792/134/3
f 1794/135/3 1793/136/3 1796/137/3 1795/138/3
f 1798/139/3 1797/140/3 1800/141/3 1799/142/3
f 1792/122/6 1789/143/6 1798/144/6 1799/123/6
f 1787/145/2 1788/146/2 1795/147/2 1796/148/2
f 1788/146/6 1785/105/6 1794/108/6 1795/147/6
f 1790/149/5 1791/150/5 1800/151/5 1797/152/5
f 1789/143/4 1790/149/4 1797/152/4 1798/144/4
f 1786/106/5 1787/153/5 1796/154/5 1793/107/5
f 1801/155/1 1802/156/1 1804/157/1 1803/158/1
f 1803/159/2 1804/157/2 1808/160/2 1807/161/2
f 1807/162/3 1808/160/3 1806/163/3 1805/164/3
f 1805/165/4 1806/163/4 1802/156/4 1801/166/4
f 1803/167/5 1807/168/5 1805/169/5 1801/170/5
f 1808/160/6 1804/157/6 1802/156/6 1806/163/6
f 1913/171/18 1914/172/18 1916/173/18 1915/174/18
f 1915/175/2 1916/176/2 1920/177/2 1919/178/2
f 1919/179/19 1920/180/19 1918/181/19 1917/182/19
f 1917/183/4 1918/184/4 1914/185/4 1913/186/4
f 1915/174/20 1919/187/20 1917/188/20 1913/171/20
f 1914/172/21 1921/189/21 1922/190/21 1916/173/21
f 1916/176/2 1922/191/2 1924/192/2 1920/177/2
f 1920/180/22 1924/193/22 1923/194/22 1918/181/22
f 1918/184/4 1923/195/4 1921/196/4 1914/185/4
f 1924/197/23 1922/190/23 1921/189/23 1923/198/23
f 1925/199/24 1926/200/24 1928/201/24 1927/202/24
f 1927/203/2 1928/204/2 1932/205/2 1931/206/2
f 1931/206/25 1932/205/25 1930/207/25 1929/208/25
f 1929/208/4 1930/207/4 1926/200/4 1925/199/4
f 1933/209/26 1934/210/26 1936/211/26 1935/212/26
f 1935/213/2 1936/214/2 1940/215/2 1939/216/2
f 1939/216/27 1940/215/27 1938/217/27 1937/218/27
f 1937/218/4 1938/217/4 1934/219/4 1933/220/4
f 1935/221/28 1939/216/28 1937/218/28 1933/222/28
f 1940/215/29 1936/223/29 1934/224/29 1938/217/29
f 1941/225/1 1942/226/1 1944/227/1 1943/228/1
f 1943/229/2 1944/227/2 1948/230/2 1947/231/2
f 1947/232/3 1948/230/3 1946/233/3 1945/234/3
f 1945/235/4 1946/233/4 1942/226/4 1941/236/4
f 1943/237/5 1947/232/5 1945/234/5 1941/238/5
f 1948/230/6 1944/227/6 1942/226/6 1946/233/6
f 1949/239/18 1950/240/18 1952/241/18 1951/242/18
f 1951/243/2 1952/244/2 1956/245/2 1955/246/2
f 1955/247/19 1956/248/19 1954/249/19 1953/250/19
f 1953/251/4 1954/252/4 1950/253/4 1949/254/4
f 1951/242/20 1955/255/20 1953/256/20 1949/239/20
f 1950/240/21 1957/257/21 1958/258/21 1952/241/21
f 1952/244/2 1958/259/2 1960/260/2 1956/245/2
f 1956/248/22 1960/261/22 1959/262/22 1954/249/22
f 1954/252/4 1959/263/4 1957/264/4 1950/253/4
f 1960/265/23 1958/258/23 1957/257/23 1959/266/23
f 1961/267/24 1962/268/24 1964/269/24 1963/270/24
f 1963/271/2 1964/272/2 1968/273/2 1967/274/2
f 1967/274/25 1968/273/25 1966/275/25 1965/276/25
f 1965/276/4 1966/275/4 1962/268/4 1961/267/4
f 1969/277/26 1970/278/26 1972/279/26 1971/280/26
f 1971/281/2 1972/282/2 1976/283/2 1975/284/2
f 1975/284/27 1976/283/27 1974/285/27 1973/286/27
f 1973/286/4 1974/285/4 1970/287/4 1969/288/4
f 1971/289/28 1975/284/28 1973/286/28 1969/290/28
f 1976/283/29 1972/291/29 1970/292/29 1974/285/29
f 1977/293/1 1978/294/1 1980/295/1 1979/296/1
f 1979/297/2 1980/295/2 1984/298/2 1983/299/2
f 1983/300/3 1984/298/3 1982/301/3 1981/302/3
f 1981/303/4 1982/301/4 1978/294/4 1977/304/4
f 1979/305/5 1983/300/5 1981/302/5 1977/306/5
f 1984/298/6 1980/295/6 1978/294/6 1982/301/6
f 2255/307/4 2256/308/4 2258/309/4 2257/310/4
f 2259/311/2 2261/312/2 2262/313/2 2260/314/2
f 2263/315/30 2264/316/30 2266/317/30 2265/318/30
f 2303/319/31 2304/320/31 2306/321/31 2305/322/31
f 2307/323/32 2308/324/32 2310/325/32 2309/326/32
f 3216/327/33 3212/328/33 3213/329/33 3218/330/33
f 3213/329/34 3212/328/34 3214/331/34 3215/332/34
f 3216/327/35 3218/330/35 3219/333/35 3217/334/35
f 3219/333/36 3221/335/36 3220/336/36 3217/334/36
f 3286/337/37 3284/338/37 3271/339/37 3270/340/37
f 3270/340/2 3271/341/2 3275/342/2 3274/343/2
f 3278/344/3 3279/345/3 3273/346/3 3272/347/3
f 3272/347/4 3273/348/4 3269/349/4 3268/350/4
f 3276/351/38 3278/344/38 3272/347/38 3268/350/38
f 3279/352/39 3277/353/39 3269/354/39 3273/355/39
f 3283/356/6 3280/357/6 3277/353/6 3279/352/6
f 3282/358/5 3281/359/5 3278/344/5 3276/351/5
f 3281/359/3 3283/360/3 3279/345/3 3278/344/3
f 3268/350/1 3269/361/1 3277/362/1 3276/351/1
f 3285/363/40 3287/364/40 3283/360/40 3281/359/40
f 3286/337/5 3285/363/5 3281/359/5 3282/358/5
f 3287/365/6 3284/366/6 3280/357/6 3283/356/6
f 3276/351/1 3277/362/1 3280/367/1 3282/358/1
f 3275/368/6 3271/369/6 3284/366/6 3287/365/6
f 3270/340/41 3274/343/41 3285/363/41 3286/337/41
f 3274/343/42 3275/370/42 3287/364/42 3285/363/42
f 3282/358/43 3280/367/43 3284/338/43 3286/337/43
f 3306/371/44 3290/372/44 3291/373/44 3304/374/44
f 3290/372/2 3294/375/2 3295/376/2 3291/377/2
f 3298/378/1 3292/379/1 3293/380/1 3299/381/1
f 3292/379/4 3288/382/4 3289/383/4 3293/384/4
f 3296/385/38 3288/382/38 3292/379/38 3298/378/38
f 3299/386/39 3293/387/39 3289/388/39 3297/389/39
f 3303/390/6 3299/386/6 3297/389/6 3300/391/6
f 3302/392/5 3296/385/5 3298/378/5 3301/393/5
f 3301/393/1 3298/378/1 3299/381/1 3303/394/1
f 3288/382/3 3296/385/3 3297/395/3 3289/396/3
f 3305/397/45 3301/393/45 3303/394/45 3307/398/45
f 3306/371/5 3302/392/5 3301/393/5 3305/397/5
f 3307/399/6 3303/390/6 3300/391/6 3304/400/6
f 3296/385/3 3302/392/3 3300/401/3 3297/395/3
f 3295/402/6 3307/399/6 3304/400/6 3291/403/6
f 3290/372/41 3306/371/41 3305/397/41 3294/375/41
f 3294/375/46 3305/397/46 3307/398/46 3295/404/46
f 3302/392/47 3306/371/47 3304/374/47 3300/401/47
s 1
f 118/405/48 120/406/49 60/407/50 58/408/51
f 66/409/52 68/410/53 72/411/54 70/412/55
f 70/412/55 72/411/54 76/413/56 74/414/57
f 74/415/57 76/416/56 80/417/58 78/418/59
f 78/418/59 80/417/58 84/419/60 82/420/61
f 82/420/61 84/419/60 88/421/62 86/422/63
f 86/422/63 88/421/62 92/423/64 90/424/65
f 90/424/65 92/423/64 96/425/66 94/426/67
f 94/426/67 96/425/66 100/427/68 98/428/69
f 98/428/69 100/427/68 104/429/70 102/430/71
f 102/430/71 104/429/70 108/431/72 106/432/73
f 106/432/73 108/431/72 112/433/74 110/434/75
f 110/434/75 112/433/74 116/435/76 114/436/77
f 114/436/77 116/435/76 120/406/49 118/405/48
f 62/437/78 64/438/79 68/410/53 66/409/52
f 63/439/80 59/440/81 119/441/82 115/442/83 111/443/84 107/444/85 103/445/86 99/446/87 95/447/88 91/448/89 87/449/90 83/450/91 79/451/92 75/452/93 71/453/94 67/454/95
f 58/408/51 60/407/50 64/438/79 62/437/78
f 33/455/96 32/456/97 48/457/98 49/458/99
f 26/459/100 25/460/101 10/461/101 9/462/100
f 25/460/101 27/463/102 11/464/102 10/461/101
f 27/463/102 28/465/103 12/466/103 11/464/102
f 28/465/103 29/467/104 13/468/104 12/466/103
f 29/467/104 30/469/105 14/470/105 13/468/104
f 30/469/105 31/471/106 15/472/106 14/470/105
f 31/471/106 32/456/107 16/473/107 15/472/106
f 32/456/107 33/455/108 17/474/108 16/473/107
f 33/455/108 34/475/109 18/476/109 17/474/108
f 34/475/109 35/477/110 19/478/110 18/476/109
f 35/477/110 36/479/111 20/480/111 19/478/110
f 36/479/111 37/481/112 21/482/112 20/480/111
f 37/481/112 38/483/113 22/484/113 21/482/112
f 38/483/113 39/485/114 23/486/114 22/484/113
f 39/485/114 40/487/115 24/488/115 23/486/114
f 40/487/115 26/459/100 9/462/100 24/488/115
f 41/489/116 42/490/117 56/491/118 55/492/119 54/493/120 53/494/121 52/495/122 51/496/123 50/497/124 49/458/99 48/457/98 47/498/125 46/499/126 45/500/127 44/501/128 43/502/129
f 25/460/130 26/459/131 42/490/117 41/489/116
f 26/459/131 40/487/132 56/491/118 42/490/117
f 34/475/133 33/455/96 49/458/99 50/497/124
f 27/463/134 25/460/130 41/489/116 43/502/129
f 35/477/135 34/475/133 50/497/124 51/496/123
f 28/465/136 27/463/134 43/502/129 44/501/128
f 36/479/137 35/477/135 51/496/123 52/495/122
f 29/467/138 28/465/136 44/501/128 45/500/127
f 37/481/139 36/479/137 52/495/122 53/494/121
f 30/469/140 29/467/138 45/500/127 46/499/126
f 38/483/141 37/481/139 53/494/121 54/493/120
f 31/471/142 30/469/140 46/499/126 47/498/125
f 39/485/143 38/483/141 54/493/120 55/492/119
f 32/456/97 31/471/142 47/498/125 48/457/98
f 40/487/132 39/485/143 55/492/119 56/491/118
f 58/408/51 62/437/78 61/503/144 57/504/145
f 64/438/79 60/407/50 59/505/81 63/506/80
f 62/437/78 66/409/52 65/507/146 61/503/144
f 68/410/53 64/438/79 63/506/80 67/508/95
f 66/409/52 70/412/55 69/509/147 65/507/146
f 72/411/54 68/410/53 67/508/95 71/510/94
f 70/412/55 74/414/57 73/511/148 69/509/147
f 76/413/56 72/411/54 71/510/94 75/512/93
f 74/415/57 78/418/59 77/513/149 73/514/148
f 80/417/58 76/416/56 75/515/93 79/516/92
f 78/418/59 82/420/61 81/517/150 77/513/149
f 84/419/60 80/417/58 79/516/92 83/518/91
f 82/420/61 86/422/63 85/519/151 81/517/150
f 88/421/62 84/419/60 83/518/91 87/520/90
f 86/422/63 90/424/65 89/521/152 85/519/151
f 92/423/64 88/421/62 87/520/90 91/522/89
f 90/424/65 94/426/67 93/523/153 89/521/152
f 96/425/66 92/423/64 91/522/89 95/524/88
f 94/426/67 98/428/69 97/525/154 93/523/153
f 100/427/68 96/425/66 95/524/88 99/526/87
f 98/428/69 102/430/71 101/527/155 97/525/154
f 104/429/70 100/427/68 99/526/87 103/528/86
f 102/430/71 106/432/73 105/529/156 101/527/155
f 108/431/72 104/429/70 103/528/86 107/530/85
f 106/432/73 110/434/75 109/531/157 105/529/156
f 112/433/74 108/431/72 107/530/85 111/532/84
f 110/434/75 114/436/77 113/533/158 109/531/157
f 116/435/76 112/433/74 111/532/84 115/534/83
f 114/436/77 118/405/48 117/535/159 113/533/158
f 120/406/49 116/435/76 115/534/83 119/536/82
f 118/405/48 58/408/51 57/504/145 117/535/159
f 60/407/50 120/406/49 119/536/82 59/505/81
f 57/537/145 61/538/144 65/539/146 69/540/147 73/541/148 77/542/149 81/543/150 85/544/151 89/545/152 93/546/153 97/547/154 101/548/155 105/549/156 109/550/157 113/551/158 117/552/159
f 140/553/160 139/554/160 137/555/161 138/556/161
f 138/556/161 137/555/161 135/557/162 136/558/162
f 136/558/162 135/557/162 133/559/163 134/560/163
f 134/560/163 133/559/163 131/561/164 132/562/164
f 132/562/164 131/561/164 129/563/165 130/564/165
f 130/564/165 129/563/165 127/565/166 128/566/166
f 128/566/166 127/565/166 125/567/167 126/568/167
f 126/568/167 125/567/167 123/569/168 124/570/168
f 137/571/1 139/572/1 121/573/1 123/574/1 125/575/1 127/576/1 129/577/1 131/578/1 133/579/1 135/580/1
f 124/581/168 123/582/168 121/583/169 122/584/169
f 122/584/169 121/583/169 139/554/160 140/553/160
f 141/585/2 418/586/2 420/587/170 142/588/170
f 142/589/170 420/590/170 422/591/171 143/592/171
f 143/592/171 422/591/171 424/593/4 144/594/4
f 144/594/4 424/593/4 426/595/172 145/596/172
f 145/596/172 426/595/172 428/597/173 146/598/173
f 146/598/173 428/597/173 418/586/2 141/585/2
f 256/599/48 258/600/49 198/601/50 196/602/51
f 204/603/52 206/604/53 210/605/54 208/606/55
f 208/606/55 210/605/54 214/607/56 212/608/57
f 212/609/57 214/610/56 218/611/58 216/612/59
f 216/612/59 218/611/58 222/613/60 220/614/61
f 220/614/61 222/613/60 226/615/62 224/616/63
f 224/616/63 226/615/62 230/617/64 228/618/65
f 228/618/65 230/617/64 234/619/66 232/620/67
f 232/620/67 234/619/66 238/621/68 236/622/69
f 236/622/69 238/621/68 242/623/70 240/624/71
f 240/624/71 242/623/70 246/625/72 244/626/73
f 244/626/73 246/625/72 250/627/74 248/628/75
f 248/628/75 250/627/74 254/629/76 252/630/77
f 252/630/77 254/629/76 258/600/49 256/599/48
f 200/631/78 202/632/79 206/604/53 204/603/52
f 201/633/80 197/634/81 257/635/82 253/636/83 249/637/84 245/638/85 241/639/86 237/640/87 233/641/88 229/642/89 225/643/90 221/644/91 217/645/92 213/646/93 209/647/94 205/648/95
f 196/602/51 198/601/50 202/632/79 200/631/78
f 171/649/96 170/650/97 186/651/98 187/652/99
f 164/653/100 163/654/101 148/655/101 147/656/100
f 163/654/101 165/657/102 149/658/102 148/655/101
f 165/657/102 166/659/103 150/660/103 149/658/102
f 166/659/103 167/661/104 151/662/104 150/660/103
f 167/661/104 168/663/105 152/664/105 151/662/104
f 168/663/105 169/665/106 153/666/106 152/664/105
f 169/665/106 170/650/107 154/667/107 153/666/106
f 170/650/107 171/649/108 155/668/108 154/667/107
f 171/649/108 172/669/109 156/670/109 155/668/108
f 172/669/109 173/671/110 157/672/110 156/670/109
f 173/671/110 174/673/111 158/674/111 157/672/110
f 174/673/111 175/675/112 159/676/112 158/674/111
f 175/675/112 176/677/113 160/678/113 159/676/112
f 176/677/113 177/679/114 161/680/114 160/678/113
f 177/679/114 178/681/115 162/682/115 161/680/114
f 178/681/115 164/653/100 147/656/100 162/682/115
f 179/683/116 180/684/117 194/685/118 193/686/119 192/687/120 191/688/121 190/689/122 189/690/123 188/691/124 187/652/99 186/651/98 185/692/125 184/693/126 183/694/127 182/695/128 181/696/129
f 163/654/130 164/653/131 180/684/117 179/683/116
f 164/653/131 178/681/132 194/685/118 180/684/117
f 172/669/133 171/649/96 187/652/99 188/691/124
f 165/657/134 163/654/130 179/683/116 181/696/129
f 173/671/135 172/669/133 188/691/124 189/690/123
f 166/659/136 165/657/134 181/696/129 182/695/128
f 174/673/137 173/671/135 189/690/123 190/689/122
f 167/661/138 166/659/136 182/695/128 183/694/127
f 175/675/139 174/673/137 190/689/122 191/688/121
f 168/663/140 167/661/138 183/694/127 184/693/126
f 176/677/141 175/675/139 191/688/121 192/687/120
f 169/665/142 168/663/140 184/693/126 185/692/125
f 177/679/143 176/677/141 192/687/120 193/686/119
f 170/650/97 169/665/142 185/692/125 186/651/98
f 178/681/132 177/679/143 193/686/119 194/685/118
f 196/602/51 200/631/78 199/697/144 195/698/145
f 202/632/79 198/601/50 197/699/81 201/700/80
f 200/631/78 204/603/52 203/701/146 199/697/144
f 206/604/53 202/632/79 201/700/80 205/702/95
f 204/603/52 208/606/55 207/703/147 203/701/146
f 210/605/54 206/604/53 205/702/95 209/704/94
f 208/606/55 212/608/57 211/705/148 207/703/147
f 214/607/56 210/605/54 209/704/94 213/706/93
f 212/609/57 216/612/59 215/707/149 211/708/148
f 218/611/58 214/610/56 213/709/93 217/710/92
f 216/612/59 220/614/61 219/711/150 215/707/149
f 222/613/60 218/611/58 217/710/92 221/712/91
f 220/614/61 224/616/63 223/713/151 219/711/150
f 226/615/62 222/613/60 221/712/91 225/714/90
f 224/616/63 228/618/65 227/715/152 223/713/151
f 230/617/64 226/615/62 225/714/90 229/716/89
f 228/618/65 232/620/67 231/717/153 227/715/152
f 234/619/66 230/617/64 229/716/89 233/718/88
f 232/620/67 236/622/69 235/719/154 231/717/153
f 238/621/68 234/619/66 233/718/88 237/720/87
f 236/622/69 240/624/71 239/721/155 235/719/154
f 242/623/70 238/621/68 237/720/87 241/722/86
f 240/624/71 244/626/73 243/723/156 239/721/155
f 246/625/72 242/623/70 241/722/86 245/724/85
f 244/626/73 248/628/75 247/725/157 243/723/156
f 250/627/74 246/625/72 245/724/85 249/726/84
f 248/628/75 252/630/77 251/727/158 247/725/157
f 254/629/76 250/627/74 249/726/84 253/728/83
f 252/630/77 256/599/48 255/729/159 251/727/158
f 258/600/49 254/629/76 253/728/83 257/730/82
f 256/599/48 196/602/51 195/698/145 255/729/159
f 198/601/50 258/600/49 257/730/82 197/699/81
f 195/731/145 199/732/144 203/733/146 207/734/147 211/735/148 215/736/149 219/737/150 223/738/151 227/739/152 231/740/153 235/741/154 239/742/155 243/743/156 247/744/157 251/745/158 255/746/159
f 278/747/160 277/748/160 275/749/161 276/750/161
f 276/750/161 275/749/161 273/751/162 274/752/162
f 274/752/162 273/751/162 271/753/163 272/754/163
f 272/754/163 271/753/163 269/755/164 270/756/164
f 270/756/164 269/755/164 267/757/165 268/758/165
f 268/758/165 267/757/165 265/759/166 266/760/166
f 266/760/166 265/759/166 263/761/167 264/762/167
f 264/762/167 263/761/167 261/763/168 262/764/168
f 275/765/1 277/766/1 259/767/1 261/768/1 263/769/1 265/770/1 267/771/1 269/772/1 271/773/1 273/774/1
f 262/775/168 261/776/168 259/777/169 260/778/169
f 260/778/169 259/777/169 277/748/160 278/747/160
f 279/779/2 562/780/2 564/781/170 280/782/170
f 280/783/170 564/784/170 566/785/171 281/786/171
f 281/786/171 566/785/171 568/787/4 282/788/4
f 282/788/4 568/787/4 570/789/172 283/790/172
f 283/790/172 570/789/172 572/791/173 284/792/173
f 284/792/173 572/791/173 562/780/2 279/779/2
f 394/793/49 334/794/50 336/795/51 396/796/48
f 342/797/53 346/798/54 348/799/55 344/800/174
f 346/798/54 350/801/56 352/802/57 348/799/55
f 350/803/56 354/804/58 356/805/59 352/806/57
f 354/804/58 358/807/60 360/808/175 356/805/59
f 358/807/60 362/809/62 364/810/63 360/808/175
f 362/809/62 366/811/64 368/812/65 364/810/63
f 366/811/64 370/813/66 372/814/67 368/812/65
f 370/813/66 374/815/68 376/816/176 372/814/67
f 374/815/68 378/817/70 380/818/71 376/816/176
f 378/817/70 382/819/72 384/820/73 380/818/71
f 382/819/72 386/821/74 388/822/75 384/820/73
f 386/821/74 390/823/76 392/824/77 388/822/75
f 390/823/76 394/793/49 396/796/48 392/824/77
f 338/825/79 342/797/53 344/800/174 340/826/78
f 339/827/144 343/828/146 347/829/147 351/830/148 355/831/149 359/832/150 363/833/151 367/834/152 371/835/153 375/836/154 379/837/155 383/838/156 387/839/157 391/840/158 395/841/159 335/842/145
f 334/794/50 338/825/79 340/826/78 336/795/51
f 309/843/177 325/844/178 324/845/179 308/846/180
f 302/847/181 285/848/181 286/849/182 301/850/182
f 301/850/182 286/849/182 287/851/183 303/852/183
f 303/852/183 287/851/183 288/853/184 304/854/184
f 304/854/184 288/853/184 289/855/185 305/856/185
f 305/856/185 289/855/185 290/857/186 306/858/186
f 306/858/186 290/857/186 291/859/187 307/860/187
f 307/860/187 291/859/187 292/861/188 308/846/188
f 308/846/188 292/861/188 293/862/189 309/843/189
f 309/843/189 293/862/189 294/863/190 310/864/190
f 310/864/190 294/863/190 295/865/191 311/866/191
f 311/866/191 295/865/191 296/867/192 312/868/192
f 312/868/192 296/867/192 297/869/193 313/870/193
f 313/870/193 297/869/193 298/871/194 314/872/194
f 314/872/194 298/871/194 299/873/195 315/874/195
f 315/874/195 299/873/195 300/875/196 316/876/196
f 316/876/196 300/875/196 285/848/181 302/847/181
f 317/877/197 319/878/198 320/879/199 321/880/200 322/881/201 323/882/202 324/845/179 325/844/178 326/883/203 327/884/204 328/885/205 329/886/206 330/887/207 331/888/208 332/889/209 318/890/210
f 301/850/211 317/877/197 318/890/210 302/847/212
f 302/847/212 318/890/210 332/889/209 316/876/213
f 310/864/214 326/883/203 325/844/178 309/843/177
f 303/852/215 319/878/198 317/877/197 301/850/211
f 311/866/216 327/884/204 326/883/203 310/864/214
f 304/854/217 320/879/199 319/878/198 303/852/215
f 312/868/218 328/885/205 327/884/204 311/866/216
f 305/856/219 321/880/200 320/879/199 304/854/217
f 313/870/220 329/886/206 328/885/205 312/868/218
f 306/858/221 322/881/201 321/880/200 305/856/219
f 314/872/222 330/887/207 329/886/206 313/870/220
f 307/860/223 323/882/202 322/881/201 306/858/221
f 315/874/224 331/888/208 330/887/207 314/872/222
f 308/846/180 324/845/179 323/882/202 307/860/223
f 316/876/213 332/889/209 331/888/208 315/874/224
f 334/794/50 333/891/81 337/892/80 338/825/79
f 340/826/78 339/893/144 335/894/145 336/795/51
f 338/825/79 337/892/80 341/895/95 342/797/53
f 344/800/174 343/896/146 339/893/144 340/826/78
f 342/797/53 341/895/95 345/897/94 346/798/54
f 348/799/55 347/898/147 343/896/146 344/800/174
f 346/798/54 345/897/94 349/899/93 350/801/56
f 352/802/57 351/900/148 347/898/147 348/799/55
f 350/803/56 349/901/93 353/902/92 354/804/58
f 356/805/59 355/903/149 351/904/148 352/806/57
f 354/804/58 353/902/92 357/905/91 358/807/60
f 360/808/175 359/906/150 355/903/149 356/805/59
f 358/807/60 357/905/91 361/907/90 362/809/62
f 364/810/63 363/908/151 359/906/150 360/808/175
f 362/809/62 361/907/90 365/909/89 366/811/64
f 368/812/65 367/910/152 363/908/151 364/810/63
f 366/811/64 365/909/89 369/911/88 370/813/66
f 372/814/67 371/912/153 367/910/152 368/812/65
f 370/813/66 369/911/88 373/913/87 374/815/68
f 376/816/176 375/914/154 371/912/153 372/814/67
f 374/815/68 373/913/87 377/915/86 378/817/70
f 380/818/71 379/916/155 375/914/154 376/816/176
f 378/817/70 377/915/86 381/917/85 382/819/72
f 384/820/73 383/918/156 379/916/155 380/818/71
f 382/819/72 381/917/85 385/919/84 386/821/74
f 388/822/75 387/920/157 383/918/156 384/820/73
f 386/821/74 385/919/84 389/921/83 390/823/76
f 392/824/77 391/922/158 387/920/157 388/822/75
f 390/823/76 389/921/83 393/923/82 394/793/49
f 396/796/48 395/924/159 391/922/158 392/824/77
f 394/793/49 393/923/82 333/891/81 334/794/50
f 336/795/51 335/894/145 395/924/159 396/796/48
f 333/925/81 393/926/82 389/927/83 385/928/84 381/929/85 377/930/86 373/931/87 369/932/88 365/933/89 361/934/90 357/935/91 353/936/92 349/937/93 345/938/94 341/939/95 337/940/80
f 416/941/225 414/942/226 413/943/226 415/944/225
f 414/942/226 412/945/227 411/946/227 413/943/226
f 412/945/227 410/947/228 409/948/228 411/946/227
f 410/947/228 408/949/229 407/950/229 409/948/228
f 408/949/229 406/951/230 405/952/230 407/950/229
f 406/951/230 404/953/231 403/954/231 405/952/230
f 404/953/231 402/955/232 401/956/232 403/954/231
f 402/955/232 400/957/233 399/958/233 401/956/232
f 413/959/3 411/960/3 409/961/3 407/962/3 405/963/3 403/964/3 401/965/3 399/966/3 397/967/3 415/968/3
f 400/969/233 398/970/234 397/971/234 399/972/233
f 398/970/234 416/941/225 415/944/225 397/971/234
f 417/973/2 419/974/170 420/587/170 418/586/2
f 419/975/170 421/976/171 422/591/171 420/590/170
f 421/976/171 423/977/4 424/593/4 422/591/171
f 423/977/4 425/978/172 426/595/172 424/593/4
f 425/978/172 427/979/173 428/597/173 426/595/172
f 427/979/173 417/973/2 418/586/2 428/597/173
f 538/980/49 478/981/50 480/982/51 540/983/48
f 486/984/53 490/985/54 492/986/55 488/987/174
f 490/985/54 494/988/56 496/989/57 492/986/55
f 494/990/56 498/991/58 500/992/59 496/993/57
f 498/991/58 502/994/60 504/995/175 500/992/59
f 502/994/60 506/996/62 508/997/63 504/995/175
f 506/996/62 510/998/64 512/999/65 508/997/63
f 510/998/64 514/1000/66 516/1001/67 512/999/65
f 514/1000/66 518/1002/68 520/1003/176 516/1001/67
f 518/1002/68 522/1004/70 524/1005/71 520/1003/176
f 522/1004/70 526/1006/72 528/1007/73 524/1005/71
f 526/1006/72 530/1008/74 532/1009/75 528/1007/73
f 530/1008/74 534/1010/76 536/1011/235 532/1009/75
f 534/1010/76 538/980/49 540/983/48 536/1011/235
f 482/1012/79 486/984/53 488/987/174 484/1013/78
f 483/1014/144 487/1015/146 491/1016/147 495/1017/148 499/1018/149 503/1019/150 507/1020/151 511/1021/152 515/1022/153 519/1023/154 523/1024/155 527/1025/156 531/1026/157 535/1027/158 539/1028/159 479/1029/145
f 478/981/50 482/1012/79 484/1013/78 480/982/51
f 453/1030/177 469/1031/178 468/1032/179 452/1033/180
f 446/1034/181 429/1035/181 430/1036/182 445/1037/182
f 445/1037/182 430/1036/182 431/1038/183 447/1039/183
f 447/1039/183 431/1038/183 432/1040/184 448/1041/184
f 448/1041/184 432/1040/184 433/1042/185 449/1043/185
f 449/1043/185 433/1042/185 434/1044/186 450/1045/186
f 450/1045/186 434/1044/186 435/1046/187 451/1047/187
f 451/1047/187 435/1046/187 436/1048/188 452/1033/188
f 452/1033/188 436/1048/188 437/1049/189 453/1030/189
f 453/1030/189 437/1049/189 438/1050/190 454/1051/190
f 454/1051/190 438/1050/190 439/1052/191 455/1053/191
f 455/1053/191 439/1052/191 440/1054/192 456/1055/192
f 456/1055/192 440/1054/192 441/1056/193 457/1057/193
f 457/1057/193 441/1056/193 442/1058/194 458/1059/194
f 458/1059/194 442/1058/194 443/1060/195 459/1061/195
f 459/1061/195 443/1060/195 444/1062/196 460/1063/196
f 460/1063/196 444/1062/196 429/1035/181 446/1034/181
f 461/1064/197 463/1065/198 464/1066/199 465/1067/200 466/1068/201 467/1069/202 468/1032/179 469/1031/178 470/1070/203 471/1071/204 472/1072/205 473/1073/206 474/1074/207 475/1075/208 476/1076/209 462/1077/210
f 445/1037/211 461/1064/197 462/1077/210 446/1034/212
f 446/1034/212 462/1077/210 476/1076/209 460/1063/213
f 454/1051/214 470/1070/203 469/1031/178 453/1030/177
f 447/1039/215 463/1065/198 461/1064/197 445/1037/211
f 455/1053/216 471/1071/204 470/1070/203 454/1051/214
f 448/1041/217 464/1066/199 463/1065/198 447/1039/215
f 456/1055/218 472/1072/205 471/1071/204 455/1053/216
f 449/1043/219 465/1067/200 464/1066/199 448/1041/217
f 457/1057/220 473/1073/206 472/1072/205 456/1055/218
f 450/1045/221 466/1068/201 465/1067/200 449/1043/219
f 458/1059/222 474/1074/207 473/1073/206 457/1057/220
f 451/1047/223 467/1069/202 466/1068/201 450/1045/221
f 459/1061/224 475/1075/208 474/1074/207 458/1059/222
f 452/1033/180 468/1032/179 467/1069/202 451/1047/223
f 460/1063/213 476/1076/209 475/1075/208 459/1061/224
f 478/981/50 477/1078/81 481/1079/80 482/1012/79
f 484/1013/78 483/1080/144 479/1081/145 480/982/51
f 482/1012/79 481/1079/80 485/1082/95 486/984/53
f 488/987/174 487/1083/146 483/1080/144 484/1013/78
f 486/984/53 485/1082/95 489/1084/94 490/985/54
f 492/986/55 491/1085/147 487/1083/146 488/987/174
f 490/985/54 489/1084/94 493/1086/93 494/988/56
f 496/989/57 495/1087/148 491/1085/147 492/986/55
f 494/990/56 493/1088/93 497/1089/92 498/991/58
f 500/992/59 499/1090/149 495/1091/148 496/993/57
f 498/991/58 497/1089/92 501/1092/91 502/994/60
f 504/995/175 503/1093/150 499/1090/149 500/992/59
f 502/994/60 501/1092/91 505/1094/90 506/996/62
f 508/997/63 507/1095/151 503/1093/150 504/995/175
f 506/996/62 505/1094/90 509/1096/89 510/998/64
f 512/999/65 511/1097/152 507/1095/151 508/997/63
f 510/998/64 509/1096/89 513/1098/88 514/1000/66
f 516/1001/67 515/1099/153 511/1097/152 512/999/65
f 514/1000/66 513/1098/88 517/1100/87 518/1002/68
f 520/1003/176 519/1101/154 515/1099/153 516/1001/67
f 518/1002/68 517/1100/87 521/1102/86 522/1004/70
f 524/1005/71 523/1103/155 519/1101/154 520/1003/176
f 522/1004/70 521/1102/86 525/1104/85 526/1006/72
f 528/1007/73 527/1105/156 523/1103/155 524/1005/71
f 526/1006/72 525/1104/85 529/1106/84 530/1008/74
f 532/1009/75 531/1107/157 527/1105/156 528/1007/73
f 530/1008/74 529/1106/84 533/1108/83 534/1010/76
f 536/1011/235 535/1109/158 531/1107/157 532/1009/75
f 534/1010/76 533/1108/83 537/1110/82 538/980/49
f 540/983/48 539/1111/159 535/1109/158 536/1011/235
f 538/980/49 537/1110/82 477/1078/81 478/981/50
f 480/982/51 479/1081/145 539/1111/159 540/983/48
f 477/1112/81 537/1113/82 533/1114/83 529/1115/84 525/1116/85 521/1117/86 517/1118/87 513/1119/88 509/1120/89 505/1121/90 501/1122/91 497/1123/92 493/1124/93 489/1125/94 485/1126/95 481/1127/80
f 560/1128/225 558/1129/226 557/1130/226 559/1131/225
f 558/1129/226 556/1132/227 555/1133/227 557/1130/226
f 556/1132/227 554/1134/228 553/1135/228 555/1133/227
f 554/1134/228 552/1136/229 551/1137/229 553/1135/228
f 552/1136/229 550/1138/230 549/1139/230 551/1137/229
f 550/1138/230 548/1140/231 547/1141/231 549/1139/230
f 548/1140/231 546/1142/232 545/1143/232 547/1141/231
f 546/1142/232 544/1144/233 543/1145/233 545/1143/232
f 557/1146/3 555/1147/3 553/1148/3 551/1149/3 549/1150/3 547/1151/3 545/1152/3 543/1153/3 541/1154/3 559/1155/3
f 544/1156/233 542/1157/234 541/1158/234 543/1159/233
f 542/1157/234 560/1128/225 559/1131/225 541/1158/234
f 561/1160/2 563/1161/170 564/781/170 562/780/2
f 563/1162/170 565/1163/171 566/785/171 564/784/170
f 565/1163/171 567/1164/4 568/787/4 566/785/171
f 567/1164/4 569/1165/172 570/789/172 568/787/4
f 569/1165/172 571/1166/173 572/791/173 570/789/172
f 571/1166/173 561/1160/2 562/780/2 572/791/173
f 573/1167/236 574/1168/237 576/1169/238 575/1170/239
f 575/1170/239 576/1169/238 578/1171/240 577/1172/241
f 577/1172/241 578/1171/240 580/1173/242 579/1174/243
f 579/1174/243 580/1173/242 582/1175/244 581/1176/245
f 581/1176/245 582/1175/244 584/1177/246 583/1178/247
f 583/1178/247 584/1177/246 586/1179/248 585/1180/249
f 585/1180/249 586/1179/248 588/1181/250 587/1182/251
f 587/1182/251 588/1181/250 590/1183/252 589/1184/253
f 589/1185/253 590/1186/252 592/1187/254 591/1188/255
f 591/1188/255 592/1187/254 594/1189/256 593/1190/257
f 593/1190/257 594/1189/256 596/1191/258 595/1192/259
f 595/1192/259 596/1191/258 598/1193/260 597/1194/261
f 597/1194/261 598/1193/260 600/1195/262 599/1196/263
f 599/1196/263 600/1195/262 602/1197/264 601/1198/265
f 576/1199/238 574/1200/237 604/1201/266 602/1202/264 600/1203/262 598/1204/260 596/1205/258 594/1206/256 592/1207/254 590/1208/252 588/1209/250 586/1210/248 584/1211/246 582/1212/244 580/1213/242 578/1214/240
f 601/1198/265 602/1197/264 604/1215/266 603/1216/267
f 603/1216/267 604/1215/266 574/1168/237 573/1167/236
f 780/1217/268 747/1218/269 748/1219/270
f 621/1220/271 622/1221/272 636/1222/273 635/1223/274 634/1224/275 633/1225/276 632/1226/277 631/1227/278 630/1228/279 629/1229/280 628/1230/281 627/1231/282 626/1232/283 625/1233/284 624/1234/285 623/1235/286
f 638/1236/287 637/1237/288 631/1227/278 632/1226/277
f 640/1238/289 639/1239/290 624/1234/285 625/1233/284
f 641/1240/291 638/1236/287 632/1226/277 633/1225/276
f 642/1241/292 640/1238/289 625/1233/284 626/1232/283
f 643/1242/293 641/1240/291 633/1225/276 634/1224/275
f 644/1243/294 642/1241/292 626/1232/283 627/1231/282
f 645/1244/295 643/1242/293 634/1224/275 635/1223/274
f 646/1245/296 644/1243/294 627/1231/282 628/1230/281
f 647/1246/297 645/1244/295 635/1223/274 636/1222/273
f 648/1247/298 646/1245/296 628/1230/281 629/1229/280
f 650/1248/299 649/1249/300 622/1221/272 621/1220/271
f 649/1249/300 647/1246/297 636/1222/273 622/1221/272
f 651/1250/301 648/1247/298 629/1229/280 630/1228/279
f 652/1251/302 650/1248/299 621/1220/271 623/1235/286
f 637/1237/288 651/1250/301 630/1228/279 631/1227/278
f 639/1239/290 652/1251/302 623/1235/286 624/1234/285
f 608/1252/303 607/1253/304 652/1251/302 639/1239/290
f 615/1254/305 614/1255/306 651/1250/301 637/1237/288
f 607/1253/304 606/1256/307 650/1248/299 652/1251/302
f 614/1255/306 613/1257/308 648/1247/298 651/1250/301
f 605/1258/309 620/1259/310 647/1246/297 649/1249/300
f 606/1256/307 605/1258/309 649/1249/300 650/1248/299
f 613/1257/308 612/1260/311 646/1245/296 648/1247/298
f 620/1259/310 619/1261/312 645/1244/295 647/1246/297
f 612/1260/311 611/1262/313 644/1243/294 646/1245/296
f 619/1261/312 618/1263/314 643/1242/293 645/1244/295
f 611/1262/313 610/1264/315 642/1241/292 644/1243/294
f 618/1263/314 617/1265/316 641/1240/291 643/1242/293
f 610/1264/315 609/1266/317 640/1238/289 642/1241/292
f 617/1265/316 616/1267/318 638/1236/287 641/1240/291
f 609/1266/317 608/1252/303 639/1239/290 640/1238/289
f 616/1267/318 615/1254/305 637/1237/288 638/1236/287
f 653/1268/319 654/1269/320 656/1270/321 655/1271/322
f 655/1271/322 656/1270/321 658/1272/323 657/1273/324
f 657/1273/324 658/1272/323 660/1274/325 659/1275/326
f 659/1275/326 660/1274/325 662/1276/327 661/1277/328
f 661/1277/328 662/1276/327 664/1278/329 663/1279/330
f 663/1279/330 664/1278/329 666/1280/331 665/1281/332
f 665/1281/332 666/1280/331 668/1282/333 667/1283/334
f 667/1283/334 668/1282/333 670/1284/335 669/1285/336
f 669/1286/336 670/1287/335 672/1288/337 671/1289/338
f 671/1289/338 672/1288/337 674/1290/339 673/1291/340
f 673/1291/340 674/1290/339 676/1292/341 675/1293/342
f 675/1293/342 676/1292/341 678/1294/343 677/1295/344
f 677/1295/344 678/1294/343 680/1296/345 679/1297/346
f 679/1297/346 680/1296/345 682/1298/347 681/1299/348
f 656/1300/321 654/1301/320 684/1302/349 682/1303/347 680/1304/345 678/1305/343 676/1306/341 674/1307/339 672/1308/337 670/1309/335 668/1310/333 666/1311/331 664/1312/329 662/1313/327 660/1314/325 658/1315/323
f 681/1299/348 682/1298/347 684/1316/349 683/1317/350
f 683/1317/350 684/1316/349 654/1269/320 653/1268/319
f 749/1318/351 750/1319/352 779/1320/353 745/1321/354
f 701/1322/355 702/1323/356 716/1324/357 715/1325/358 714/1326/359 713/1327/360 712/1328/361 711/1329/362 710/1330/363 709/1331/364 708/1332/365 707/1333/366 706/1334/367 705/1335/368 704/1336/369 703/1337/370
f 718/1338/371 717/1339/372 711/1329/362 712/1328/361
f 720/1340/373 719/1341/374 704/1336/369 705/1335/368
f 721/1342/375 718/1338/371 712/1328/361 713/1327/360
f 722/1343/376 720/1340/373 705/1335/368 706/1334/367
f 723/1344/377 721/1342/375 713/1327/360 714/1326/359
f 724/1345/378 722/1343/376 706/1334/367 707/1333/366
f 725/1346/379 723/1344/377 714/1326/359 715/1325/358
f 726/1347/380 724/1345/378 707/1333/366 708/1332/365
f 727/1348/381 725/1346/379 715/1325/358 716/1324/357
f 728/1349/382 726/1347/380 708/1332/365 709/1331/364
f 730/1350/383 729/1351/384 702/1323/356 701/1322/355
f 729/1351/384 727/1348/381 716/1324/357 702/1323/356
f 731/1352/385 728/1349/382 709/1331/364 710/1330/363
f 732/1353/386 730/1350/383 701/1322/355 703/1337/370
f 717/1339/372 731/1352/385 710/1330/363 711/1329/362
f 719/1341/374 732/1353/386 703/1337/370 704/1336/369
f 688/1354/387 687/1355/388 732/1353/386 719/1341/374
f 695/1356/389 694/1357/390 731/1352/385 717/1339/372
f 687/1355/388 686/1358/391 730/1350/383 732/1353/386
f 694/1357/390 693/1359/392 728/1349/382 731/1352/385
f 685/1360/393 700/1361/394 727/1348/381 729/1351/384
f 686/1358/391 685/1360/393 729/1351/384 730/1350/383
f 693/1359/392 692/1362/395 726/1347/380 728/1349/382
f 700/1361/394 699/1363/396 725/1346/379 727/1348/381
f 692/1362/395 691/1364/397 724/1345/378 726/1347/380
f 699/1363/396 698/1365/398 723/1344/377 725/1346/379
f 691/1364/397 690/1366/399 722/1343/376 724/1345/378
f 698/1365/398 697/1367/400 721/1342/375 723/1344/377
f 690/1366/399 689/1368/401 720/1340/373 722/1343/376
f 697/1367/400 696/1369/402 718/1338/371 721/1342/375
f 689/1368/401 688/1354/387 719/1341/374 720/1340/373
f 696/1369/402 695/1356/389 717/1339/372 718/1338/371
f 733/1370/403 734/1371/403 736/1372/404 735/1373/404
f 735/1373/404 736/1372/404 738/1374/405 737/1375/405
f 737/1375/405 738/1374/405 740/1376/406 739/1377/406
f 739/1378/406 740/1379/406 742/1380/407 741/1381/407
f 736/1382/408 734/1383/408 744/1384/408 742/1385/408 740/1386/408 738/1387/408
f 741/1381/407 742/1380/407 744/1388/409 743/1389/409
f 743/1389/409 744/1388/409 734/1371/403 733/1370/403
f 747/1218/269 780/1217/268 752/1390/410 751/1391/411
f 751/1391/411 752/1390/410 750/1319/352 749/1318/351
f 779/1320/353 746/1392/412 745/1321/354
f 778/1393/413 749/1318/351 745/1394/354
f 752/1395/410 780/1396/268 748/1397/270 746/1398/412 779/1399/353 750/1400/352
f 754/1401/414 756/1402/415 771/1403/416 772/1404/417
f 755/1405/418 756/1406/419 758/1407/420 757/1408/421
f 757/1408/421 758/1407/420 760/1409/422 759/1410/423
f 759/1410/423 760/1409/422 762/1411/424 761/1412/425
f 761/1412/426 762/1411/427 773/1413/428 774/1414/429
f 763/1415/430 764/1416/431 766/1417/432 765/1418/433
f 756/1419/419 754/1420/434 768/1421/435 766/1422/432 764/1423/431 762/1424/424 760/1425/422 758/1426/420
f 765/1418/433 766/1417/432 768/1427/435 767/1428/436
f 767/1428/436 768/1427/435 754/1429/434 753/1430/437
f 753/1431/437 755/1432/418 757/1433/421 759/1434/423 761/1435/425 763/1436/430 765/1437/433 767/1438/436
f 769/1439/438 772/1404/417 771/1403/416 770/1440/439
f 774/1441/429 773/1442/428 776/1443/440 775/1444/441
f 764/1416/442 763/1415/443 775/1445/441 776/1446/440
f 763/1447/443 761/1448/426 774/1441/429 775/1444/441
f 753/1430/444 754/1429/414 772/1449/417 769/1450/438
f 755/1451/445 753/1452/444 769/1439/438 770/1440/439
f 762/1453/427 764/1454/442 776/1443/440 773/1442/428
f 756/1406/415 755/1405/445 770/1455/439 771/1456/416
f 751/1391/411 749/1318/351 778/1393/413 777/1457/446
f 747/1458/269 751/1391/411 777/1457/446
f 781/1459/447 783/1460/448 784/1461/449 782/1462/450
f 783/1460/448 785/1463/451 786/1464/452 784/1461/449
f 785/1463/451 787/1465/453 788/1466/454 786/1464/452
f 787/1465/453 789/1467/455 790/1468/456 788/1466/454
f 789/1467/455 791/1469/457 792/1470/458 790/1468/456
f 791/1469/457 793/1471/459 794/1472/460 792/1470/458
f 793/1471/459 795/1473/461 796/1474/462 794/1472/460
f 795/1473/461 797/1475/463 798/1476/464 796/1474/462
f 797/1477/463 799/1478/465 800/1479/466 798/1480/464
f 799/1478/465 801/1481/467 802/1482/468 800/1479/466
f 801/1481/467 803/1483/469 804/1484/470 802/1482/468
f 803/1483/469 805/1485/471 806/1486/472 804/1484/470
f 805/1485/471 807/1487/473 808/1488/474 806/1486/472
f 807/1487/473 809/1489/475 810/1490/476 808/1488/474
f 784/1491/449 786/1492/452 788/1493/454 790/1494/456 792/1495/458 794/1496/460 796/1497/462 798/1498/464 800/1499/466 802/1500/468 804/1501/470 806/1502/472 808/1503/474 810/1504/476 812/1505/477 782/1506/450
f 809/1489/475 811/1507/478 812/1508/477 810/1490/476
f 811/1507/478 781/1459/447 782/1462/450 812/1508/477
f 988/1509/479 956/1510/480 955/1511/481
f 829/1512/482 831/1513/483 832/1514/484 833/1515/485 834/1516/486 835/1517/487 836/1518/488 837/1519/489 838/1520/490 839/1521/491 840/1522/492 841/1523/493 842/1524/494 843/1525/495 844/1526/496 830/1527/497
f 846/1528/498 840/1522/492 839/1521/491 845/1529/499
f 848/1530/500 833/1515/485 832/1514/484 847/1531/501
f 849/1532/502 841/1523/493 840/1522/492 846/1528/498
f 850/1533/503 834/1516/486 833/1515/485 848/1530/500
f 851/1534/504 842/1524/494 841/1523/493 849/1532/502
f 852/1535/505 835/1517/487 834/1516/486 850/1533/503
f 853/1536/506 843/1525/495 842/1524/494 851/1534/504
f 854/1537/507 836/1518/488 835/1517/487 852/1535/505
f 855/1538/508 844/1526/496 843/1525/495 853/1536/506
f 856/1539/509 837/1519/489 836/1518/488 854/1537/507
f 858/1540/510 829/1512/482 830/1527/497 857/1541/511
f 857/1541/511 830/1527/497 844/1526/496 855/1538/508
f 859/1542/512 838/1520/490 837/1519/489 856/1539/509
f 860/1543/513 831/1513/483 829/1512/482 858/1540/510
f 845/1529/499 839/1521/491 838/1520/490 859/1542/512
f 847/1531/501 832/1514/484 831/1513/483 860/1543/513
f 816/1544/514 847/1531/501 860/1543/513 815/1545/515
f 823/1546/516 845/1529/499 859/1542/512 822/1547/517
f 815/1545/515 860/1543/513 858/1540/510 814/1548/518
f 822/1547/517 859/1542/512 856/1539/509 821/1549/519
f 813/1550/520 857/1541/511 855/1538/508 828/1551/521
f 814/1548/518 858/1540/510 857/1541/511 813/1550/520
f 821/1549/519 856/1539/509 854/1537/507 820/1552/522
f 828/1551/521 855/1538/508 853/1536/506 827/1553/523
f 820/1552/522 854/1537/507 852/1535/505 819/1554/524
f 827/1553/523 853/1536/506 851/1534/504 826/1555/525
f 819/1554/524 852/1535/505 850/1533/503 818/1556/526
f 826/1555/525 851/1534/504 849/1532/502 825/1557/527
f 818/1556/526 850/1533/503 848/1530/500 817/1558/528
f 825/1557/527 849/1532/502 846/1528/498 824/1559/529
f 817/1558/528 848/1530/500 847/1531/501 816/1544/514
f 824/1559/529 846/1528/498 845/1529/499 823/1546/516
f 861/1560/530 863/1561/531 864/1562/532 862/1563/533
f 863/1561/531 865/1564/534 866/1565/535 864/1562/532
f 865/1564/534 867/1566/536 868/1567/537 866/1565/535
f 867/1566/536 869/1568/538 870/1569/539 868/1567/537
f 869/1568/538 871/1570/540 872/1571/541 870/1569/539
f 871/1570/540 873/1572/542 874/1573/543 872/1571/541
f 873/1572/542 875/1574/544 876/1575/545 874/1573/543
f 875/1574/544 877/1576/546 878/1577/547 876/1575/545
f 877/1578/546 879/1579/548 880/1580/549 878/1581/547
f 879/1579/548 881/1582/550 882/1583/551 880/1580/549
f 881/1582/550 883/1584/552 884/1585/553 882/1583/551
f 883/1584/552 885/1586/554 886/1587/555 884/1585/553
f 885/1586/554 887/1588/556 888/1589/557 886/1587/555
f 887/1588/556 889/1590/558 890/1591/559 888/1589/557
f 864/1592/532 866/1593/535 868/1594/537 870/1595/539 872/1596/541 874/1597/543 876/1598/545 878/1599/547 880/1600/549 882/1601/551 884/1602/553 886/1603/555 888/1604/557 890/1605/559 892/1606/560 862/1607/533
f 889/1590/558 891/1608/561 892/1609/560 890/1591/559
f 891/1608/561 861/1560/530 862/1563/533 892/1609/560
f 957/1610/562 953/1611/563 987/1612/564 958/1613/565
f 909/1614/566 911/1615/567 912/1616/568 913/1617/569 914/1618/570 915/1619/571 916/1620/572 917/1621/573 918/1622/574 919/1623/575 920/1624/576 921/1625/577 922/1626/578 923/1627/579 924/1628/580 910/1629/581
f 926/1630/582 920/1624/576 919/1623/575 925/1631/583
f 928/1632/584 913/1617/569 912/1616/568 927/1633/585
f 929/1634/586 921/1625/577 920/1624/576 926/1630/582
f 930/1635/587 914/1618/570 913/1617/569 928/1632/584
f 931/1636/588 922/1626/578 921/1625/577 929/1634/586
f 932/1637/589 915/1619/571 914/1618/570 930/1635/587
f 933/1638/590 923/1627/579 922/1626/578 931/1636/588
f 934/1639/591 916/1620/572 915/1619/571 932/1637/589
f 935/1640/592 924/1628/580 923/1627/579 933/1638/590
f 936/1641/593 917/1621/573 916/1620/572 934/1639/591
f 938/1642/594 909/1614/566 910/1629/581 937/1643/595
f 937/1643/595 910/1629/581 924/1628/580 935/1640/592
f 939/1644/596 918/1622/574 917/1621/573 936/1641/593
f 940/1645/597 911/1615/567 909/1614/566 938/1642/594
f 925/1631/583 919/1623/575 918/1622/574 939/1644/596
f 927/1633/585 912/1616/568 911/1615/567 940/1645/597
f 896/1646/598 927/1633/585 940/1645/597 895/1647/599
f 903/1648/600 925/1631/583 939/1644/596 902/1649/601
f 895/1647/599 940/1645/597 938/1642/594 894/1650/602
f 902/1649/601 939/1644/596 936/1641/593 901/1651/603
f 893/1652/604 937/1643/595 935/1640/592 908/1653/605
f 894/1650/602 938/1642/594 937/1643/595 893/1652/604
f 901/1651/603 936/1641/593 934/1639/591 900/1654/606
f 908/1653/605 935/1640/592 933/1638/590 907/1655/607
f 900/1654/606 934/1639/591 932/1637/589 899/1656/608
f 907/1655/607 933/1638/590 931/1636/588 906/1657/609
f 899/1656/608 932/1637/589 930/1635/587 898/1658/610
f 906/1657/609 931/1636/588 929/1634/586 905/1659/611
f 898/1658/610 930/1635/587 928/1632/584 897/1660/612
f 905/1659/611 929/1634/586 926/1630/582 904/1661/613
f 897/1660/612 928/1632/584 927/1633/585 896/1646/598
f 904/1661/613 926/1630/582 925/1631/583 903/1648/600
f 941/1662/403 943/1663/409 944/1664/409 942/1665/403
f 943/1663/409 945/1666/407 946/1667/407 944/1664/409
f 945/1666/407 947/1668/406 948/1669/406 946/1667/407
f 947/1670/406 949/1671/405 950/1672/405 948/1673/406
f 944/1674/408 946/1675/408 948/1676/408 950/1677/408 952/1678/408 942/1679/408
f 949/1671/405 951/1680/404 952/1681/404 950/1672/405
f 951/1680/404 941/1662/403 942/1665/403 952/1681/404
f 955/1511/481 959/1682/614 960/1683/615 988/1509/479
f 959/1682/614 957/1610/562 958/1613/565 960/1683/615
f 987/1612/564 953/1611/563 954/1684/616
f 986/1685/617 953/1686/563 957/1610/562
f 960/1687/615 958/1688/565 987/1689/564 954/1690/616 956/1691/480 988/1692/479
f 962/1693/618 980/1694/619 979/1695/620 964/1696/621
f 963/1697/622 965/1698/623 966/1699/624 964/1700/625
f 965/1698/623 967/1701/626 968/1702/627 966/1699/624
f 967/1701/626 969/1703/628 970/1704/629 968/1702/627
f 969/1703/630 982/1705/631 981/1706/632 970/1704/633
f 971/1707/634 973/1708/635 974/1709/636 972/1710/637
f 964/1711/625 966/1712/624 968/1713/627 970/1714/629 972/1715/637 974/1716/636 976/1717/638 962/1718/639
f 973/1708/635 975/1719/640 976/1720/638 974/1709/636
f 975/1719/640 961/1721/641 962/1722/639 976/1720/638
f 961/1723/641 975/1724/640 973/1725/635 971/1726/634 969/1727/628 967/1728/626 965/1729/623 963/1730/622
f 977/1731/642 978/1732/643 979/1695/620 980/1694/619
f 982/1733/631 983/1734/644 984/1735/645 981/1736/632
f 972/1710/646 984/1737/645 983/1738/644 971/1707/647
f 971/1739/647 983/1734/644 982/1733/631 969/1740/630
f 961/1721/648 977/1741/642 980/1742/619 962/1722/618
f 963/1743/649 978/1732/643 977/1731/642 961/1744/648
f 970/1745/633 981/1736/632 984/1735/645 972/1746/646
f 964/1700/621 979/1747/620 978/1748/643 963/1697/649
f 959/1682/614 985/1749/650 986/1685/617 957/1610/562
f 955/1750/481 985/1749/650 959/1682/614
f 997/1751/651 999/1752/652 1000/1753/653 998/1754/4
f 999/1752/652 1001/1755/654 1002/1756/655 1000/1753/653
f 1001/1755/654 1003/1757/656 1004/1758/657 1002/1756/655
f 1003/1757/656 1005/1759/658 1006/1760/659 1004/1758/657
f 1005/1761/658 997/1751/651 998/1754/4 1006/1762/659
f 997/1763/651 1005/1764/658 1003/1765/656 1001/1766/654 999/1767/652
f 1007/1768/660 1008/1769/661 1010/1770/662 1009/1771/663
f 1009/1771/663 1010/1770/662 1012/1772/664 1011/1773/665
f 1011/1774/665 1012/1775/664 1014/1776/666 1013/1777/667
f 1013/1777/667 1014/1776/666 1016/1778/668 1015/1779/669
f 1015/1779/669 1016/1778/668 1018/1780/670 1017/1781/671
f 1017/1781/671 1018/1780/670 1020/1782/672 1019/1783/673
f 1010/1784/662 1008/1785/661 1022/1786/674 1020/1787/672 1018/1788/670 1016/1789/668 1014/1790/666 1012/1791/664
f 1019/1783/673 1020/1782/672 1022/1792/674 1021/1793/675
f 1021/1793/675 1022/1792/674 1008/1769/661 1007/1768/660
f 1023/1794/651 1025/1795/652 1026/1796/653 1024/1797/4
f 1025/1795/652 1027/1798/654 1028/1799/655 1026/1796/653
f 1027/1798/654 1029/1800/656 1030/1801/657 1028/1799/655
f 1029/1800/656 1031/1802/658 1032/1803/659 1030/1801/657
f 1031/1804/658 1023/1794/651 1024/1797/4 1032/1805/659
f 1023/1806/651 1031/1807/658 1029/1808/656 1027/1809/654 1025/1810/652
f 1033/1811/660 1034/1812/661 1036/1813/662 1035/1814/663
f 1035/1814/663 1036/1813/662 1038/1815/664 1037/1816/665
f 1037/1817/665 1038/1818/664 1040/1819/666 1039/1820/667
f 1039/1820/667 1040/1819/666 1042/1821/668 1041/1822/669
f 1041/1822/669 1042/1821/668 1044/1823/670 1043/1824/671
f 1043/1824/671 1044/1823/670 1046/1825/672 1045/1826/673
f 1036/1827/662 1034/1828/661 1048/1829/674 1046/1830/672 1044/1831/670 1042/1832/668 1040/1833/666 1038/1834/664
f 1045/1826/673 1046/1825/672 1048/1835/674 1047/1836/675
f 1047/1836/675 1048/1835/674 1034/1812/661 1033/1811/660
f 1049/1837/676 1050/1838/677 1052/1839/678 1051/1840/679
f 1051/1840/679 1052/1839/678 1054/1841/680 1053/1842/681
f 1053/1843/681 1054/1844/680 1056/1845/682 1055/1846/683
f 1055/1846/683 1056/1845/682 1058/1847/684 1057/1848/685
f 1057/1848/685 1058/1847/684 1060/1849/686 1059/1850/687
f 1059/1850/687 1060/1849/686 1062/1851/688 1061/1852/689
f 1052/1853/678 1050/1854/677 1064/1855/690 1062/1856/688 1060/1857/686 1058/1858/684 1056/1859/682 1054/1860/680
f 1061/1852/689 1062/1851/688 1064/1861/690 1063/1862/691
f 1063/1862/691 1064/1861/690 1050/1838/677 1049/1837/676
f 1065/1863/2 1066/1864/692 1068/1865/693 1067/1866/694
f 1067/1867/694 1068/1868/693 1070/1869/695 1069/1870/696
f 1069/1870/696 1070/1869/695 1072/1871/697 1071/1872/698
f 1068/1873/693 1066/1874/692 1074/1875/699 1072/1876/697 1070/1877/695
f 1071/1872/698 1072/1871/697 1074/1878/699 1073/1879/700
f 1073/1879/700 1074/1878/699 1066/1864/692 1065/1863/2
f 1075/1880/701 1076/1881/702 1078/1882/703 1077/1883/704
f 1077/1883/704 1078/1882/703 1080/1884/705 1079/1885/706
f 1079/1886/706 1080/1887/705 1082/1888/707 1081/1889/708
f 1081/1889/708 1082/1888/707 1084/1890/709 1083/1891/710
f 1083/1891/710 1084/1890/709 1086/1892/711 1085/1893/712
f 1085/1893/712 1086/1892/711 1088/1894/713 1087/1895/714
f 1078/1896/703 1076/1897/702 1090/1898/715 1088/1899/713 1086/1900/711 1084/1901/709 1082/1902/707 1080/1903/705
f 1087/1895/714 1088/1894/713 1090/1904/715 1089/1905/716
f 1089/1905/716 1090/1904/715 1076/1881/702 1075/1880/701
f 1091/1906/2 1092/1907/692 1094/1908/693 1093/1909/694
f 1093/1910/694 1094/1911/693 1096/1912/695 1095/1913/696
f 1095/1913/696 1096/1912/695 1098/1914/697 1097/1915/698
f 1094/1916/693 1092/1917/692 1100/1918/699 1098/1919/697 1096/1920/695
f 1097/1915/698 1098/1914/697 1100/1921/699 1099/1922/700
f 1099/1922/700 1100/1921/699 1092/1907/692 1091/1906/2
f 1101/1923/717 1102/1924/718 1104/1925/719 1103/1926/720
f 1103/1926/720 1104/1925/719 1106/1927/721 1105/1928/722
f 1105/1928/722 1106/1927/721 1108/1929/723 1107/1930/724
f 1107/1930/724 1108/1929/723 1110/1931/725 1109/1932/726
f 1109/1932/726 1110/1931/725 1112/1933/727 1111/1934/728
f 1111/1934/728 1112/1933/727 1114/1935/729 1113/1936/730
f 1113/1936/730 1114/1935/729 1116/1937/731 1115/1938/732
f 1115/1938/732 1116/1937/731 1118/1939/733 1117/1940/734
f 1117/1940/734 1118/1939/733 1120/1941/735 1119/1942/736
f 1119/1942/736 1120/1941/735 1122/1943/737 1121/1944/738
f 1121/1944/738 1122/1943/737 1124/1945/739 1123/1946/740
f 1123/1946/740 1124/1945/739 1126/1947/741 1125/1948/742
f 1125/1948/742 1126/1947/741 1128/1949/743 1127/1950/744
f 1127/1950/744 1128/1949/743 1130/1951/745 1129/1952/746
f 1129/1952/746 1130/1951/745 1132/1953/747 1131/1954/748
f 1131/1954/748 1132/1953/747 1134/1955/749 1133/1956/750
f 1133/1956/750 1134/1955/749 1136/1957/751 1135/1958/752
f 1135/1958/752 1136/1957/751 1138/1959/753 1137/1960/754
f 1104/1961/719 1102/1962/718 1140/1963/755 1138/1964/753 1136/1965/751 1134/1966/749 1132/1967/747 1130/1968/745 1128/1969/743 1126/1970/741 1124/1971/739 1122/1972/737 1120/1973/735 1118/1974/733 1116/1975/731 1114/1976/729 1112/1977/727 1110/1978/725 1108/1979/723 1106/1980/721
f 1137/1960/754 1138/1959/753 1140/1981/755 1139/1982/756
f 1139/1982/756 1140/1981/755 1102/1983/718 1101/1984/717
f 1101/1985/717 1103/1986/720 1105/1987/722 1107/1988/724 1109/1989/726 1111/1990/728 1113/1991/730 1115/1992/732 1117/1993/734 1119/1994/736 1121/1995/738 1123/1996/740 1125/1997/742 1127/1998/744 1129/1999/746 1131/2000/748 1133/2001/750 1135/2002/752 1137/2003/754 1139/2004/756
f 1197/2005/757 1141/2006/758 1148/2007/759 1204/2008/2
f 1198/2009/6 1142/2010/760 1141/2006/758 1197/2005/757
f 1199/2011/761 1143/2012/762 1142/2010/760 1198/2009/6
f 1200/2013/4 1144/2014/763 1143/2012/762 1199/2011/761
f 1201/2015/764 1145/2016/765 1144/2014/763 1200/2013/4
f 1202/2017/5 1146/2018/766 1145/2016/765 1201/2015/764
f 1203/2019/767 1147/2020/768 1146/2021/766 1202/2022/5
f 1204/2008/2 1148/2007/759 1147/2020/768 1203/2019/767
f 1141/2006/758 1149/2023/769 1156/2024/770 1148/2007/759
f 1142/2010/760 1150/2025/771 1149/2023/769 1141/2006/758
f 1143/2012/762 1151/2026/772 1150/2025/771 1142/2010/760
f 1144/2014/763 1152/2027/773 1151/2026/772 1143/2012/762
f 1145/2016/765 1153/2028/774 1152/2027/773 1144/2014/763
f 1146/2018/766 1154/2029/775 1153/2028/774 1145/2016/765
f 1147/2020/768 1155/2030/776 1154/2031/775 1146/2021/766
f 1148/2007/759 1156/2024/770 1155/2030/776 1147/2020/768
f 1149/2023/769 1157/2032/777 1164/2033/778 1156/2024/770
f 1150/2025/771 1158/2034/779 1157/2032/777 1149/2023/769
f 1151/2026/772 1159/2035/780 1158/2034/779 1150/2025/771
f 1152/2027/773 1160/2036/781 1159/2035/780 1151/2026/772
f 1153/2028/774 1161/2037/782 1160/2036/781 1152/2027/773
f 1154/2029/775 1162/2038/783 1161/2037/782 1153/2028/774
f 1155/2030/776 1163/2039/784 1162/2040/783 1154/2031/775
f 1156/2024/770 1164/2033/778 1163/2039/784 1155/2030/776
f 1157/2032/777 1165/2041/785 1172/2042/786 1164/2033/778
f 1158/2034/779 1166/2043/787 1165/2041/785 1157/2032/777
f 1159/2035/780 1167/2044/788 1166/2043/787 1158/2034/779
f 1160/2036/781 1168/2045/789 1167/2044/788 1159/2035/780
f 1161/2037/782 1169/2046/790 1168/2045/789 1160/2036/781
f 1162/2038/783 1170/2047/791 1169/2046/790 1161/2037/782
f 1163/2039/784 1171/2048/792 1170/2049/791 1162/2040/783
f 1164/2033/778 1172/2042/786 1171/2048/792 1163/2039/784
f 1165/2041/785 1173/2050/793 1180/2051/794 1172/2042/786
f 1166/2043/787 1174/2052/795 1173/2050/793 1165/2041/785
f 1167/2044/788 1175/2053/796 1174/2052/795 1166/2043/787
f 1168/2045/789 1176/2054/797 1175/2053/796 1167/2044/788
f 1169/2046/790 1177/2055/798 1176/2054/797 1168/2045/789
f 1170/2047/791 1178/2056/799 1177/2055/798 1169/2046/790
f 1171/2048/792 1179/2057/800 1178/2058/799 1170/2049/791
f 1172/2042/786 1180/2051/794 1179/2057/800 1171/2048/792
f 1173/2050/793 1181/2059/801 1188/2060/802 1180/2051/794
f 1174/2052/795 1182/2061/803 1181/2059/801 1173/2050/793
f 1175/2053/796 1183/2062/804 1182/2061/803 1174/2052/795
f 1176/2054/797 1184/2063/805 1183/2062/804 1175/2053/796
f 1177/2055/798 1185/2064/806 1184/2063/805 1176/2054/797
f 1178/2056/799 1186/2065/807 1185/2064/806 1177/2055/798
f 1179/2057/800 1187/2066/808 1186/2067/807 1178/2058/799
f 1180/2051/794 1188/2060/802 1187/2066/808 1179/2057/800
f 1181/2059/801 1189/2068/809 1196/2069/810 1188/2060/802
f 1182/2061/803 1190/2070/811 1189/2068/809 1181/2059/801
f 1183/2062/804 1191/2071/812 1190/2070/811 1182/2061/803
f 1184/2063/805 1192/2072/813 1191/2071/812 1183/2062/804
f 1185/2064/806 1193/2073/814 1192/2072/813 1184/2063/805
f 1186/2065/807 1194/2074/815 1193/2073/814 1185/2064/806
f 1187/2066/808 1195/2075/816 1194/2076/815 1186/2067/807
f 1188/2060/802 1196/2069/810 1195/2075/816 1187/2066/808
f 1197/2005/757 1204/2008/2 1212/2077/817 1205/2078/818
f 1198/2009/6 1197/2005/757 1205/2078/818 1206/2079/819
f 1199/2011/761 1198/2009/6 1206/2079/819 1207/2080/820
f 1200/2013/4 1199/2011/761 1207/2080/820 1208/2081/821
f 1201/2015/764 1200/2013/4 1208/2081/821 1209/2082/822
f 1202/2017/5 1201/2015/764 1209/2082/822 1210/2083/823
f 1203/2019/767 1202/2022/5 1210/2084/823 1211/2085/824
f 1204/2008/2 1203/2019/767 1211/2085/824 1212/2077/817
f 1205/2078/818 1212/2077/817 1220/2086/825 1213/2087/826
f 1206/2079/819 1205/2078/818 1213/2087/826 1214/2088/827
f 1207/2080/820 1206/2079/819 1214/2088/827 1215/2089/828
f 1208/2081/821 1207/2080/820 1215/2089/828 1216/2090/829
f 1209/2082/822 1208/2081/821 1216/2090/829 1217/2091/830
f 1210/2083/823 1209/2082/822 1217/2091/830 1218/2092/831
f 1211/2085/824 1210/2084/823 1218/2093/831 1219/2094/832
f 1212/2077/817 1211/2085/824 1219/2094/832 1220/2086/825
f 1213/2087/826 1220/2086/825 1228/2095/833 1221/2096/834
f 1214/2088/827 1213/2087/826 1221/2096/834 1222/2097/835
f 1215/2089/828 1214/2088/827 1222/2097/835 1223/2098/836
f 1216/2090/829 1215/2089/828 1223/2098/836 1224/2099/837
f 1217/2091/830 1216/2090/829 1224/2099/837 1225/2100/838
f 1218/2092/831 1217/2091/830 1225/2100/838 1226/2101/839
f 1219/2094/832 1218/2093/831 1226/2102/839 1227/2103/840
f 1220/2086/825 1219/2094/832 1227/2103/840 1228/2095/833
f 1221/2096/834 1228/2095/833 1236/2104/841 1229/2105/842
f 1222/2097/835 1221/2096/834 1229/2105/842 1230/2106/843
f 1223/2098/836 1222/2097/835 1230/2106/843 1231/2107/844
f 1224/2099/837 1223/2098/836 1231/2107/844 1232/2108/845
f 1225/2100/838 1224/2099/837 1232/2108/845 1233/2109/846
f 1226/2101/839 1225/2100/838 1233/2109/846 1234/2110/847
f 1227/2103/840 1226/2102/839 1234/2111/847 1235/2112/848
f 1228/2095/833 1227/2103/840 1235/2112/848 1236/2104/841
f 1229/2105/842 1236/2104/841 1244/2113/849 1237/2114/850
f 1230/2106/843 1229/2105/842 1237/2114/850 1238/2115/851
f 1231/2107/844 1230/2106/843 1238/2115/851 1239/2116/852
f 1232/2108/845 1231/2107/844 1239/2116/852 1240/2117/853
f 1233/2109/846 1232/2108/845 1240/2117/853 1241/2118/854
f 1234/2110/847 1233/2109/846 1241/2118/854 1242/2119/855
f 1235/2112/848 1234/2111/847 1242/2120/855 1243/2121/856
f 1236/2104/841 1235/2112/848 1243/2121/856 1244/2113/849
f 1237/2114/850 1244/2113/849 1252/2122/857 1245/2123/858
f 1238/2115/851 1237/2114/850 1245/2123/858 1246/2124/859
f 1239/2116/852 1238/2115/851 1246/2124/859 1247/2125/860
f 1240/2117/853 1239/2116/852 1247/2125/860 1248/2126/861
f 1241/2118/854 1240/2117/853 1248/2126/861 1249/2127/862
f 1242/2119/855 1241/2118/854 1249/2127/862 1250/2128/863
f 1243/2121/856 1242/2120/855 1250/2129/863 1251/2130/864
f 1244/2113/849 1243/2121/856 1251/2130/864 1252/2122/857
f 1245/2123/858 1252/2122/857 1260/2131/865 1253/2132/866
f 1246/2124/859 1245/2123/858 1253/2132/866 1254/2133/867
f 1247/2125/860 1246/2124/859 1254/2133/867 1255/2134/868
f 1248/2126/861 1247/2125/860 1255/2134/868 1256/2135/869
f 1249/2127/862 1248/2126/861 1256/2135/869 1257/2136/870
f 1250/2128/863 1249/2127/862 1257/2136/870 1258/2137/871
f 1251/2130/864 1250/2129/863 1258/2138/871 1259/2139/872
f 1252/2122/857 1251/2130/864 1259/2139/872 1260/2131/865
f 1317/2140/757 1261/2141/758 1268/2142/759 1324/2143/2
f 1318/2144/6 1262/2145/760 1261/2141/758 1317/2140/757
f 1319/2146/873 1263/2147/762 1262/2145/760 1318/2144/6
f 1320/2148/4 1264/2149/763 1263/2147/762 1319/2146/873
f 1321/2150/874 1265/2151/765 1264/2149/763 1320/2148/4
f 1322/2152/5 1266/2153/766 1265/2151/765 1321/2150/874
f 1323/2154/767 1267/2155/768 1266/2156/766 1322/2157/5
f 1324/2143/2 1268/2142/759 1267/2155/768 1323/2154/767
f 1261/2141/758 1269/2158/769 1276/2159/770 1268/2142/759
f 1262/2145/760 1270/2160/771 1269/2158/769 1261/2141/758
f 1263/2147/762 1271/2161/772 1270/2160/771 1262/2145/760
f 1264/2149/763 1272/2162/773 1271/2161/772 1263/2147/762
f 1265/2151/765 1273/2163/774 1272/2162/773 1264/2149/763
f 1266/2153/766 1274/2164/775 1273/2163/774 1265/2151/765
f 1267/2155/768 1275/2165/776 1274/2166/775 1266/2156/766
f 1268/2142/759 1276/2159/770 1275/2165/776 1267/2155/768
f 1269/2158/769 1277/2167/777 1284/2168/778 1276/2159/770
f 1270/2160/771 1278/2169/779 1277/2167/777 1269/2158/769
f 1271/2161/772 1279/2170/780 1278/2169/779 1270/2160/771
f 1272/2162/773 1280/2171/781 1279/2170/780 1271/2161/772
f 1273/2163/774 1281/2172/782 1280/2171/781 1272/2162/773
f 1274/2164/775 1282/2173/783 1281/2172/782 1273/2163/774
f 1275/2165/776 1283/2174/784 1282/2175/783 1274/2166/775
f 1276/2159/770 1284/2168/778 1283/2174/784 1275/2165/776
f 1277/2167/777 1285/2176/785 1292/2177/786 1284/2168/778
f 1278/2169/779 1286/2178/787 1285/2176/785 1277/2167/777
f 1279/2170/780 1287/2179/788 1286/2178/787 1278/2169/779
f 1280/2171/781 1288/2180/789 1287/2179/788 1279/2170/780
f 1281/2172/782 1289/2181/790 1288/2180/789 1280/2171/781
f 1282/2173/783 1290/2182/791 1289/2181/790 1281/2172/782
f 1283/2174/784 1291/2183/792 1290/2184/791 1282/2175/783
f 1284/2168/778 1292/2177/786 1291/2183/792 1283/2174/784
f 1285/2176/785 1293/2185/793 1300/2186/794 1292/2177/786
f 1286/2178/787 1294/2187/795 1293/2185/793 1285/2176/785
f 1287/2179/788 1295/2188/796 1294/2187/795 1286/2178/787
f 1288/2180/789 1296/2189/797 1295/2188/796 1287/2179/788
f 1289/2181/790 1297/2190/798 1296/2189/797 1288/2180/789
f 1290/2182/791 1298/2191/799 1297/2190/798 1289/2181/790
f 1291/2183/792 1299/2192/800 1298/2193/799 1290/2184/791
f 1292/2177/786 1300/2186/794 1299/2192/800 1291/2183/792
f 1293/2185/793 1301/2194/801 1308/2195/802 1300/2186/794
f 1294/2187/795 1302/2196/803 1301/2194/801 1293/2185/793
f 1295/2188/796 1303/2197/804 1302/2196/803 1294/2187/795
f 1296/2189/797 1304/2198/805 1303/2197/804 1295/2188/796
f 1297/2190/798 1305/2199/806 1304/2198/805 1296/2189/797
f 1298/2191/799 1306/2200/807 1305/2199/806 1297/2190/798
f 1299/2192/800 1307/2201/808 1306/2202/807 1298/2193/799
f 1300/2186/794 1308/2195/802 1307/2201/808 1299/2192/800
f 1301/2194/801 1309/2203/809 1316/2204/810 1308/2195/802
f 1302/2196/803 1310/2205/811 1309/2203/809 1301/2194/801
f 1303/2197/804 1311/2206/812 1310/2205/811 1302/2196/803
f 1304/2198/805 1312/2207/813 1311/2206/812 1303/2197/804
f 1305/2199/806 1313/2208/814 1312/2207/813 1304/2198/805
f 1306/2200/807 1314/2209/815 1313/2208/814 1305/2199/806
f 1307/2201/808 1315/2210/816 1314/2211/815 1306/2202/807
f 1308/2195/802 1316/2204/810 1315/2210/816 1307/2201/808
f 1317/2140/757 1324/2143/2 1332/2212/817 1325/2213/818
f 1318/2144/6 1317/2140/757 1325/2213/818 1326/2214/819
f 1319/2146/873 1318/2144/6 1326/2214/819 1327/2215/820
f 1320/2148/4 1319/2146/873 1327/2215/820 1328/2216/821
f 1321/2150/874 1320/2148/4 1328/2216/821 1329/2217/822
f 1322/2152/5 1321/2150/874 1329/2217/822 1330/2218/823
f 1323/2154/767 1322/2157/5 1330/2219/823 1331/2220/824
f 1324/2143/2 1323/2154/767 1331/2220/824 1332/2212/817
f 1325/2213/818 1332/2212/817 1340/2221/825 1333/2222/826
f 1326/2214/819 1325/2213/818 1333/2222/826 1334/2223/827
f 1327/2215/820 1326/2214/819 1334/2223/827 1335/2224/828
f 1328/2216/821 1327/2215/820 1335/2224/828 1336/2225/829
f 1329/2217/822 1328/2216/821 1336/2225/829 1337/2226/830
f 1330/2218/823 1329/2217/822 1337/2226/830 1338/2227/831
f 1331/2220/824 1330/2219/823 1338/2228/831 1339/2229/832
f 1332/2212/817 1331/2220/824 1339/2229/832 1340/2221/825
f 1333/2222/826 1340/2221/825 1348/2230/833 1341/2231/834
f 1334/2223/827 1333/2222/826 1341/2231/834 1342/2232/835
f 1335/2224/828 1334/2223/827 1342/2232/835 1343/2233/836
f 1336/2225/829 1335/2224/828 1343/2233/836 1344/2234/837
f 1337/2226/830 1336/2225/829 1344/2234/837 1345/2235/838
f 1338/2227/831 1337/2226/830 1345/2235/838 1346/2236/839
f 1339/2229/832 1338/2228/831 1346/2237/839 1347/2238/840
f 1340/2221/825 1339/2229/832 1347/2238/840 1348/2230/833
f 1341/2231/834 1348/2230/833 1356/2239/841 1349/2240/842
f 1342/2232/835 1341/2231/834 1349/2240/842 1350/2241/843
f 1343/2233/836 1342/2232/835 1350/2241/843 1351/2242/844
f 1344/2234/837 1343/2233/836 1351/2242/844 1352/2243/845
f 1345/2235/838 1344/2234/837 1352/2243/845 1353/2244/846
f 1346/2236/839 1345/2235/838 1353/2244/846 1354/2245/847
f 1347/2238/840 1346/2237/839 1354/2246/847 1355/2247/848
f 1348/2230/833 1347/2238/840 1355/2247/848 1356/2239/841
f 1349/2240/842 1356/2239/841 1364/2248/849 1357/2249/850
f 1350/2241/843 1349/2240/842 1357/2249/850 1358/2250/851
f 1351/2242/844 1350/2241/843 1358/2250/851 1359/2251/852
f 1352/2243/845 1351/2242/844 1359/2251/852 1360/2252/853
f 1353/2244/846 1352/2243/845 1360/2252/853 1361/2253/854
f 1354/2245/847 1353/2244/846 1361/2253/854 1362/2254/855
f 1355/2247/848 1354/2246/847 1362/2255/855 1363/2256/856
f 1356/2239/841 1355/2247/848 1363/2256/856 1364/2248/849
f 1357/2249/850 1364/2248/849 1372/2257/857 1365/2258/858
f 1358/2250/851 1357/2249/850 1365/2258/858 1366/2259/859
f 1359/2251/852 1358/2250/851 1366/2259/859 1367/2260/860
f 1360/2252/853 1359/2251/852 1367/2260/860 1368/2261/861
f 1361/2253/854 1360/2252/853 1368/2261/861 1369/2262/862
f 1362/2254/855 1361/2253/854 1369/2262/862 1370/2263/863
f 1363/2256/856 1362/2255/855 1370/2264/863 1371/2265/864
f 1364/2248/849 1363/2256/856 1371/2265/864 1372/2257/857
f 1365/2258/858 1372/2257/857 1380/2266/865 1373/2267/866
f 1366/2259/859 1365/2258/858 1373/2267/866 1374/2268/867
f 1367/2260/860 1366/2259/859 1374/2268/867 1375/2269/868
f 1368/2261/861 1367/2260/860 1375/2269/868 1376/2270/869
f 1369/2262/862 1368/2261/861 1376/2270/869 1377/2271/870
f 1370/2263/863 1369/2262/862 1377/2271/870 1378/2272/871
f 1371/2265/864 1370/2264/863 1378/2273/871 1379/2274/872
f 1372/2257/857 1371/2265/864 1379/2274/872 1380/2266/865
f 1381/2275/875 1382/2276/876 1384/2277/877 1383/2278/878
f 1383/2278/878 1384/2277/877 1386/2279/879 1385/2280/880
f 1385/2280/880 1386/2279/879 1388/2281/881 1387/2282/882
f 1387/2283/882 1388/2284/881 1390/2285/883 1389/2286/884
f 1389/2286/884 1390/2285/883 1392/2287/885 1391/2288/886
f 1391/2288/886 1392/2287/885 1394/2289/887 1393/2290/888
f 1393/2290/888 1394/2289/887 1396/2291/889 1395/2292/890
f 1395/2292/890 1396/2291/889 1398/2293/891 1397/2294/892
f 1397/2294/892 1398/2293/891 1400/2295/893 1399/2296/894
f 1399/2296/894 1400/2295/893 1402/2297/895 1401/2298/896
f 1384/2299/877 1382/2300/876 1404/2301/897 1402/2302/895 1400/2303/893 1398/2304/891 1396/2305/889 1394/2306/887 1392/2307/885 1390/2308/883 1388/2309/881 1386/2310/879
f 1401/2298/896 1402/2297/895 1404/2311/897 1403/2312/898
f 1403/2312/898 1404/2311/897 1382/2276/876 1381/2275/875
f 1381/2313/875 1383/2314/878 1385/2315/880 1387/2316/882 1389/2317/884 1391/2318/886 1393/2319/888 1395/2320/890 1397/2321/892 1399/2322/894 1401/2323/896 1403/2324/898
f 1405/2325/2 1406/2326/2 1408/2327/899 1407/2328/899
f 1407/2328/899 1408/2327/899 1410/2329/3 1409/2330/3
f 1409/2330/3 1410/2329/3 1412/2331/900 1411/2332/900
f 1411/2332/900 1412/2331/900 1414/2333/4 1413/2334/4
f 1413/2334/4 1414/2333/4 1416/2335/901 1415/2336/901
f 1415/2336/901 1416/2335/901 1418/2337/1 1417/2338/1
f 1417/2338/1 1418/2337/1 1420/2339/902 1419/2340/902
f 1419/2340/902 1420/2339/902 1406/2341/2 1405/2342/2
f 1421/2343/875 1422/2344/876 1424/2345/877 1423/2346/878
f 1423/2346/878 1424/2345/877 1426/2347/879 1425/2348/880
f 1425/2348/880 1426/2347/879 1428/2349/881 1427/2350/882
f 1427/2351/882 1428/2352/881 1430/2353/883 1429/2354/884
f 1429/2354/884 1430/2353/883 1432/2355/885 1431/2356/886
f 1431/2356/886 1432/2355/885 1434/2357/887 1433/2358/888
f 1433/2358/888 1434/2357/887 1436/2359/889 1435/2360/890
f 1435/2360/890 1436/2359/889 1438/2361/891 1437/2362/892
f 1437/2362/892 1438/2361/891 1440/2363/893 1439/2364/894
f 1439/2364/894 1440/2363/893 1442/2365/895 1441/2366/896
f 1424/2367/877 1422/2368/876 1444/2369/897 1442/2370/895 1440/2371/893 1438/2372/891 1436/2373/889 1434/2374/887 1432/2375/885 1430/2376/883 1428/2377/881 1426/2378/879
f 1441/2366/896 1442/2365/895 1444/2379/897 1443/2380/898
f 1443/2380/898 1444/2379/897 1422/2344/876 1421/2343/875
f 1421/2381/875 1423/2382/878 1425/2383/880 1427/2384/882 1429/2385/884 1431/2386/886 1433/2387/888 1435/2388/890 1437/2389/892 1439/2390/894 1441/2391/896 1443/2392/898
f 1445/2393/2 1446/2394/2 1448/2395/899 1447/2396/899
f 1447/2396/899 1448/2395/899 1450/2397/3 1449/2398/3
f 1449/2398/3 1450/2397/3 1452/2399/900 1451/2400/900
f 1451/2400/900 1452/2399/900 1454/2401/4 1453/2402/4
f 1453/2402/4 1454/2401/4 1456/2403/901 1455/2404/901
f 1455/2404/901 1456/2403/901 1458/2405/1 1457/2406/1
f 1457/2406/1 1458/2405/1 1460/2407/902 1459/2408/902
f 1459/2408/902 1460/2407/902 1446/2409/2 1445/2410/2
f 1483/2411/3 1467/2412/903 1464/2413/904 1475/2414/905
f 1487/2415/3 1470/2416/906 1466/2417/907 1479/2418/3
f 1479/2418/3 1466/2417/907 1467/2412/903 1483/2411/3
f 1474/2419/908 1462/2420/909 1470/2416/906 1487/2415/3
f 1461/2421/910 1471/2422/911 1490/2423/3 1469/2424/912
f 1471/2422/911 1472/2425/913 1489/2426/3 1490/2423/3
f 1472/2425/913 1473/2427/914 1488/2428/3 1489/2426/3
f 1473/2427/914 1474/2419/908 1487/2415/3 1488/2428/3
f 1465/2429/915 1482/2430/3 1486/2431/3 1468/2432/916
f 1482/2430/3 1481/2433/3 1485/2434/3 1486/2431/3
f 1481/2433/3 1480/2435/3 1484/2436/3 1485/2434/3
f 1480/2435/3 1479/2418/3 1483/2411/3 1484/2436/3
f 1469/2424/912 1490/2423/3 1482/2430/3 1465/2429/915
f 1490/2423/3 1489/2426/3 1481/2433/3 1482/2430/3
f 1489/2426/3 1488/2428/3 1480/2435/3 1481/2433/3
f 1488/2428/3 1487/2415/3 1479/2418/3 1480/2435/3
f 1468/2432/916 1486/2431/3 1478/2437/917 1463/2438/918
f 1486/2431/3 1485/2434/3 1477/2439/919 1478/2437/917
f 1485/2434/3 1484/2436/3 1476/2440/920 1477/2439/919
f 1484/2436/3 1483/2411/3 1475/2414/905 1476/2440/920
f 1464/2413/904 1467/2412/903 1492/2441/921 1491/2442/922
f 1491/2442/922 1492/2441/921 1494/2443/923 1493/2444/924
f 1494/2443/923 1492/2441/921 1496/2445/925 1495/2446/926
f 1491/2442/922 1493/2444/924 1498/2447/927 1497/2448/928
f 1521/2449/1 1513/2450/929 1502/2451/930 1505/2452/931
f 1525/2453/1 1517/2454/1 1504/2455/932 1508/2456/933
f 1517/2454/1 1521/2449/1 1505/2452/931 1504/2455/932
f 1512/2457/934 1525/2453/1 1508/2456/933 1500/2458/935
f 1499/2459/936 1507/2460/937 1528/2461/1 1509/2462/938
f 1509/2462/938 1528/2461/1 1527/2463/1 1510/2464/939
f 1510/2464/939 1527/2463/1 1526/2465/1 1511/2466/940
f 1511/2466/940 1526/2465/1 1525/2453/1 1512/2457/934
f 1503/2467/941 1506/2468/942 1524/2469/1 1520/2470/1
f 1520/2470/1 1524/2469/1 1523/2471/1 1519/2472/1
f 1519/2472/1 1523/2471/1 1522/2473/1 1518/2474/1
f 1518/2474/1 1522/2473/1 1521/2449/1 1517/2454/1
f 1507/2460/937 1503/2467/941 1520/2470/1 1528/2461/1
f 1528/2461/1 1520/2470/1 1519/2472/1 1527/2463/1
f 1527/2463/1 1519/2472/1 1518/2474/1 1526/2465/1
f 1526/2465/1 1518/2474/1 1517/2454/1 1525/2453/1
f 1506/2468/942 1501/2475/943 1516/2476/944 1524/2469/1
f 1524/2469/1 1516/2476/944 1515/2477/945 1523/2471/1
f 1523/2471/1 1515/2477/945 1514/2478/946 1522/2473/1
f 1522/2473/1 1514/2478/946 1513/2450/929 1521/2449/1
f 1502/2451/930 1529/2479/947 1530/2480/948 1505/2452/931
f 1529/2479/947 1531/2481/949 1532/2482/950 1530/2480/948
f 1532/2482/950 1533/2483/951 1534/2484/952 1530/2480/948
f 1529/2479/947 1535/2485/953 1536/2486/954 1531/2481/949
f 1461/2487/910 1469/2488/912 1507/2489/937 1499/2490/936
f 1462/2491/909 1474/2492/908 1512/2493/934 1500/2494/935
f 1463/2495/918 1478/2496/917 1516/2497/944 1501/2498/943
f 1465/2499/915 1468/2500/916 1506/2501/942 1503/2502/941
f 1466/2503/907 1470/2504/906 1508/2505/933 1504/2506/932
f 1467/2507/903 1466/2503/907 1504/2506/932 1505/2508/931
f 1468/2500/916 1463/2495/918 1501/2498/943 1506/2501/942
f 1469/2488/912 1465/2499/915 1503/2502/941 1507/2489/937
f 1470/2504/906 1462/2509/909 1500/2510/935 1508/2505/933
f 1471/2511/911 1461/2512/910 1499/2513/936 1509/2514/938
f 1472/2515/913 1471/2511/911 1509/2514/938 1510/2516/939
f 1473/2517/914 1472/2515/913 1510/2516/939 1511/2518/940
f 1474/2492/908 1473/2517/914 1511/2518/940 1512/2493/934
f 1475/2519/905 1464/2520/904 1502/2521/930 1513/2522/929
f 1476/2523/920 1475/2519/905 1513/2522/929 1514/2524/946
f 1477/2525/919 1476/2523/920 1514/2524/946 1515/2526/945
f 1478/2496/917 1477/2525/919 1515/2526/945 1516/2497/944
f 1464/2520/904 1491/2527/922 1529/2528/947 1502/2521/930
f 1492/2529/921 1467/2530/903 1505/2531/931 1530/2532/948
f 1493/2533/924 1494/2534/923 1532/2535/950 1531/2536/949
f 1496/2537/925 1492/2529/921 1530/2532/948 1534/2538/952
f 1494/2534/923 1495/2539/926 1533/2540/951 1532/2535/950
f 1495/2539/926 1496/2537/925 1534/2538/952 1533/2540/951
f 1497/2541/928 1498/2542/927 1536/2543/954 1535/2544/953
f 1491/2545/922 1497/2541/928 1535/2544/953 1529/2546/947
f 1498/2542/927 1493/2533/924 1531/2536/949 1536/2543/954
f 1552/2547/955 1544/2548/956 1543/2549/957 1550/2550/958
f 1537/2551/959 1549/2552/960 1560/2553/961 1542/2554/962
f 1554/2555/963 1545/2556/964 1544/2548/956 1552/2547/955
f 1556/2557/965 1546/2558/966 1545/2556/964 1554/2555/963
f 1558/2559/967 1547/2560/968 1546/2561/966 1556/2562/965
f 1559/2563/969 1548/2564/970 1547/2560/968 1558/2559/967
f 1539/2565/971 1553/2566/972 1551/2567/973 1538/2568/974
f 1550/2550/958 1543/2549/957 1548/2564/970 1559/2563/969
f 1540/2569/975 1555/2570/976 1553/2566/972 1539/2565/971
f 1541/2571/977 1557/2572/978 1555/2573/976 1540/2574/975
f 1542/2554/962 1560/2553/961 1557/2572/978 1541/2571/977
f 1548/2575/970 1543/2576/957 1544/2577/956 1545/2578/964 1546/2579/966 1547/2580/968
f 1550/2550/958 1559/2563/969 1560/2553/961 1549/2552/960
f 1549/2552/960 1551/2567/973 1552/2547/955 1550/2550/958
f 1551/2567/973 1553/2566/972 1554/2555/963 1552/2547/955
f 1553/2566/972 1555/2570/976 1556/2557/965 1554/2555/963
f 1555/2573/976 1557/2572/978 1558/2559/967 1556/2562/965
f 1557/2572/978 1560/2553/961 1559/2563/969 1558/2559/967
f 1538/2568/974 1551/2567/973 1549/2552/960 1537/2551/959
f 1576/2581/979 1574/2582/980 1567/2583/981 1568/2584/982
f 1561/2585/983 1566/2586/984 1584/2587/985 1573/2588/986
f 1578/2589/987 1576/2581/979 1568/2584/982 1569/2590/988
f 1580/2591/989 1578/2589/987 1569/2590/988 1570/2592/990
f 1582/2593/991 1580/2594/989 1570/2595/990 1571/2596/992
f 1583/2597/993 1582/2593/991 1571/2596/992 1572/2598/994
f 1563/2599/995 1562/2600/996 1575/2601/997 1577/2602/998
f 1574/2582/980 1583/2597/993 1572/2598/994 1567/2583/981
f 1564/2603/999 1563/2599/995 1577/2602/998 1579/2604/1000
f 1565/2605/1001 1564/2606/999 1579/2607/1000 1581/2608/1002
f 1566/2586/984 1565/2605/1001 1581/2608/1002 1584/2587/985
f 1572/2609/994 1571/2610/992 1570/2611/990 1569/2612/988 1568/2613/982 1567/2614/981
f 1574/2582/980 1573/2588/986 1584/2587/985 1583/2597/993
f 1573/2588/986 1574/2582/980 1576/2581/979 1575/2601/997
f 1575/2601/997 1576/2581/979 1578/2589/987 1577/2602/998
f 1577/2602/998 1578/2589/987 1580/2591/989 1579/2604/1000
f 1579/2607/1000 1580/2594/989 1582/2593/991 1581/2608/1002
f 1581/2608/1002 1582/2593/991 1583/2597/993 1584/2587/985
f 1562/2600/996 1561/2585/983 1573/2588/986 1575/2601/997
f 1594/2615/1003 1606/2616/1004 1618/2617/1005 1585/2618/1006
f 1591/2619/1007 1601/2620/1008 1615/2621/1009 1610/2622/1010
f 1616/2623/1011 1590/2624/1012 1593/2625/1013 1605/2626/1014
f 1614/2627/1015 1598/2628/1016 1599/2629/1017 1587/2630/1018
f 1596/2631/1019 1591/2632/1007 1610/2622/1010 1609/2633/1020
f 1595/2634/1021 1588/2635/1022 1612/2636/1023 1611/2637/1024
f 1596/2638/1019 1608/2639/1025 1601/2640/1008 1591/2641/1007
f 1602/2642/1026 1592/2643/1027 1613/2644/1028 1604/2645/1029
f 1607/2646/1025 1595/2647/1021 1592/2648/1027 1602/2649/1026
f 1597/2650/1030 1612/2636/1023 1588/2651/1022 1600/2652/1031
f 1605/2626/1014 1617/2653/1032 1618/2617/1005 1606/2616/1004
f 1602/2642/1026 1604/2645/1029 1615/2621/1009 1601/2620/1008
f 1607/2646/1025 1602/2649/1026 1601/2640/1008 1608/2639/1025
f 1597/2650/1030 1600/2652/1031 1599/2629/1017 1598/2628/1016
f 1605/2626/1014 1593/2625/1013 1586/2654/1033 1617/2653/1032
f 1600/2655/1031 1607/2646/1025 1608/2639/1025 1599/2656/1017
f 1616/2623/1011 1605/2626/1014 1606/2616/1004 1603/2657/1034
f 1600/2655/1031 1588/2658/1022 1595/2647/1021 1607/2646/1025
f 1587/2659/1018 1599/2656/1017 1608/2639/1025 1596/2638/1019
f 1592/2660/1027 1595/2634/1021 1611/2637/1024 1613/2644/1028
f 1587/2661/1018 1596/2631/1019 1609/2633/1020 1614/2627/1015
f 1589/2662/1035 1603/2657/1034 1606/2616/1004 1594/2615/1003
f 1589/2662/1035 1594/2615/1003 1609/2633/1020 1610/2622/1010
f 1586/2654/1033 1593/2625/1013 1611/2637/1024 1612/2636/1023
f 1593/2625/1013 1590/2624/1012 1613/2644/1028 1611/2637/1024
f 1594/2615/1003 1585/2618/1006 1614/2627/1015 1609/2633/1020
f 1616/2623/1011 1603/2657/1034 1615/2621/1009 1604/2645/1029
f 1618/2617/1005 1617/2653/1032 1597/2650/1030 1598/2628/1016
f 1590/2624/1012 1616/2623/1011 1604/2645/1029 1613/2644/1028
f 1617/2653/1032 1586/2654/1033 1612/2636/1023 1597/2650/1030
f 1585/2618/1006 1618/2617/1005 1598/2628/1016 1614/2627/1015
f 1603/2657/1034 1589/2662/1035 1610/2622/1010 1615/2621/1009
f 1628/2663/1036 1619/2664/1037 1652/2665/1038 1640/2666/1039
f 1625/2667/1040 1644/2668/1041 1649/2669/1042 1635/2670/1043
f 1650/2671/1044 1639/2672/1045 1627/2673/1046 1624/2674/1047
f 1648/2675/1048 1621/2676/1049 1633/2677/1050 1632/2678/1051
f 1630/2679/1052 1643/2680/1053 1644/2668/1041 1625/2681/1040
f 1629/2682/1054 1645/2683/1055 1646/2684/1056 1622/2685/1057
f 1630/2686/1052 1625/2687/1040 1635/2688/1043 1642/2689/1058
f 1636/2690/1059 1638/2691/1060 1647/2692/1061 1626/2693/1062
f 1641/2694/1058 1636/2695/1059 1626/2696/1062 1629/2697/1054
f 1631/2698/1063 1634/2699/1064 1622/2700/1057 1646/2684/1056
f 1639/2672/1045 1640/2666/1039 1652/2665/1038 1651/2701/1065
f 1636/2690/1059 1635/2670/1043 1649/2669/1042 1638/2691/1060
f 1641/2694/1058 1642/2689/1058 1635/2688/1043 1636/2695/1059
f 1631/2698/1063 1632/2678/1051 1633/2677/1050 1634/2699/1064
f 1639/2672/1045 1651/2701/1065 1620/2702/1066 1627/2673/1046
f 1634/2703/1064 1633/2704/1050 1642/2689/1058 1641/2694/1058
f 1650/2671/1044 1637/2705/1067 1640/2666/1039 1639/2672/1045
f 1634/2703/1064 1641/2694/1058 1629/2697/1054 1622/2706/1057
f 1621/2707/1049 1630/2686/1052 1642/2689/1058 1633/2704/1050
f 1626/2708/1062 1647/2692/1061 1645/2683/1055 1629/2682/1054
f 1621/2709/1049 1648/2675/1048 1643/2680/1053 1630/2679/1052
f 1623/2710/1068 1628/2663/1036 1640/2666/1039 1637/2705/1067
f 1623/2710/1068 1644/2668/1041 1643/2680/1053 1628/2663/1036
f 1620/2702/1066 1646/2684/1056 1645/2683/1055 1627/2673/1046
f 1627/2673/1046 1645/2683/1055 1647/2692/1061 1624/2674/1047
f 1628/2663/1036 1643/2680/1053 1648/2675/1048 1619/2664/1037
f 1650/2671/1044 1638/2691/1060 1649/2669/1042 1637/2705/1067
f 1652/2665/1038 1632/2678/1051 1631/2698/1063 1651/2701/1065
f 1624/2674/1047 1647/2692/1061 1638/2691/1060 1650/2671/1044
f 1651/2701/1065 1631/2698/1063 1646/2684/1056 1620/2702/1066
f 1619/2664/1037 1648/2675/1048 1632/2678/1051 1652/2665/1038
f 1637/2705/1067 1649/2669/1042 1644/2668/1041 1623/2710/1068
f 1693/2711/1069 1696/2712/1070 1695/2713/1071 1694/2714/1072
f 1694/2714/1072 1695/2713/1071 1698/2715/1073 1697/2716/1074
f 1697/2716/1074 1698/2715/1073 1700/2717/1075 1699/2718/1076
f 1699/2718/1076 1700/2717/1075 1702/2719/1077 1701/2720/1078
f 1701/2720/1078 1702/2719/1077 1704/2721/1079 1703/2722/1080
f 1703/2722/1080 1704/2721/1079 1706/2723/1081 1705/2724/1082
f 1705/2724/1082 1706/2723/1081 1708/2725/1083 1707/2726/1084
f 1707/2726/1084 1708/2725/1083 1710/2727/1085 1709/2728/1086
f 1709/2728/1086 1710/2727/1085 1712/2729/1087 1711/2730/1088
f 1711/2730/1088 1712/2729/1087 1714/2731/1089 1713/2732/1090
f 1713/2733/1090 1714/2734/1089 1716/2735/1091 1715/2736/1092
f 1715/2736/1092 1716/2735/1091 1718/2737/1093 1717/2738/1094
f 1717/2738/1094 1718/2737/1093 1720/2739/1095 1719/2740/1096
f 1719/2740/1096 1720/2739/1095 1722/2741/1097 1721/2742/1098
f 1721/2742/1098 1722/2741/1097 1724/2743/1099 1723/2744/1100
f 1723/2744/1100 1724/2743/1099 1726/2745/1101 1725/2746/1102
f 1725/2746/1102 1726/2745/1101 1728/2747/1103 1727/2748/1104
f 1727/2748/1104 1728/2747/1103 1730/2749/1105 1729/2750/1106
f 1729/2750/1106 1730/2749/1105 1732/2751/1107 1731/2752/1108
f 1731/2752/1108 1732/2751/1107 1696/2712/1070 1693/2711/1069
f 1654/2753/1109 1656/2754/1110 1695/2755/1071 1696/2756/1070
f 1656/2754/1110 1658/2757/1111 1698/2758/1073 1695/2755/1071
f 1658/2757/1111 1660/2759/1112 1700/2760/1075 1698/2758/1073
f 1660/2759/1112 1662/2761/1113 1702/2762/1077 1700/2760/1075
f 1662/2761/1113 1664/2763/1114 1704/2764/1079 1702/2762/1077
f 1664/2763/1114 1666/2765/1115 1706/2766/1081 1704/2764/1079
f 1666/2765/1115 1668/2767/1116 1708/2768/1083 1706/2766/1081
f 1668/2767/1116 1670/2769/1117 1710/2770/1085 1708/2768/1083
f 1670/2769/1117 1672/2771/1118 1712/2772/1087 1710/2770/1085
f 1672/2771/1118 1674/2773/1119 1714/2774/1089 1712/2772/1087
f 1674/2773/1119 1676/2775/1120 1716/2776/1091 1714/2774/1089
f 1676/2775/1120 1678/2777/1121 1718/2778/1093 1716/2776/1091
f 1678/2777/1121 1680/2779/1122 1720/2780/1095 1718/2778/1093
f 1680/2779/1122 1682/2781/1123 1722/2782/1097 1720/2780/1095
f 1682/2781/1123 1684/2783/1124 1724/2784/1099 1722/2782/1097
f 1684/2783/1124 1686/2785/1125 1726/2786/1101 1724/2784/1099
f 1686/2785/1125 1688/2787/1126 1728/2788/1103 1726/2786/1101
f 1688/2787/1126 1690/2789/1127 1730/2790/1105 1728/2788/1103
f 1690/2789/1127 1692/2791/1128 1732/2792/1107 1730/2790/1105
f 1692/2791/1128 1654/2753/1109 1696/2756/1070 1732/2792/1107
f 1692/2793/1128 1690/2794/1127 1689/2795/1129 1691/2796/1130
f 1688/2797/1126 1686/2798/1125 1685/2799/1131 1687/2800/1132
f 1686/2798/1125 1684/2801/1124 1683/2802/3 1685/2799/1131
f 1684/2801/1124 1682/2803/1123 1681/2804/1133 1683/2802/3
f 1682/2803/1123 1680/2805/1122 1679/2806/1134 1681/2804/1133
f 1680/2805/1122 1678/2807/1121 1677/2808/1135 1679/2806/1134
f 1678/2807/1121 1676/2809/1120 1675/2810/1136 1677/2808/1135
f 1676/2809/1120 1674/2811/1119 1673/2812/1137 1675/2810/1136
f 1674/2811/1119 1672/2813/1118 1671/2814/1138 1673/2812/1137
f 1672/2813/1118 1670/2815/1117 1669/2816/1139 1671/2814/1138
f 1668/2817/1116 1666/2818/1115 1665/2819/1140 1667/2820/1141
f 1666/2818/1115 1664/2821/1114 1663/2822/1 1665/2819/1140
f 1664/2821/1114 1662/2823/1113 1661/2824/1142 1663/2822/1
f 1662/2823/1113 1660/2825/1112 1659/2826/1143 1661/2824/1142
f 1660/2825/1112 1658/2827/1111 1657/2828/1144 1659/2826/1143
f 1658/2827/1111 1656/2829/1110 1655/2830/1145 1657/2828/1144
f 1656/2829/1110 1654/2831/1109 1653/2832/1146 1655/2830/1145
f 1653/2833/1146 1654/2834/1109 1692/2793/1128 1691/2796/1130
f 1689/2795/1129 1690/2794/1127 1688/2797/1126 1687/2800/1132
f 1669/2816/1139 1670/2815/1117 1668/2817/1116 1667/2820/1141
f 1809/2835/1147 1813/2836/1148 1818/2837/1149 1811/2838/1150
f 1813/2836/1148 1814/2839/1151 1817/2840/1152 1818/2837/1149
f 1814/2839/1151 1815/2841/1153 1816/2842/1154 1817/2840/1152
f 1815/2841/1153 1810/2843/1155 1812/2844/1156 1816/2842/1154
f 1819/2845/1157 1821/2846/1158 1828/2847/1159 1823/2848/1160
f 1823/2848/1160 1828/2847/1159 1827/2849/1161 1824/2850/1162
f 1824/2850/1162 1827/2849/1161 1826/2851/1163 1825/2852/1164
f 1825/2852/1164 1826/2851/1163 1822/2853/1165 1820/2854/1166
f 1809/2855/1147 1811/2856/1150 1821/2857/1158 1819/2858/1157
f 1812/2844/1156 1810/2843/1155 1820/2854/1166 1822/2853/1165
f 1811/2859/1150 1818/2860/1149 1828/2861/1159 1821/2862/1158
f 1813/2863/1148 1809/2864/1147 1819/2865/1157 1823/2866/1160
f 1814/2867/1151 1813/2863/1148 1823/2866/1160 1824/2868/1162
f 1815/2869/1153 1814/2867/1151 1824/2868/1162 1825/2870/1164
f 1810/2871/1155 1815/2869/1153 1825/2870/1164 1820/2872/1166
f 1816/2873/1154 1812/2874/1156 1822/2875/1165 1826/2876/1163
f 1817/2877/1152 1816/2873/1154 1826/2876/1163 1827/2878/1161
f 1818/2860/1149 1817/2877/1152 1827/2878/1161 1828/2861/1159
f 1829/2879/1167 1835/2880/1168 1840/2881/1169 1834/2882/1170
f 1830/2883/1171 1836/2884/1172 1835/2880/1168 1829/2879/1167
f 1831/2885/1173 1837/2886/1174 1836/2884/1172 1830/2883/1171
f 1832/2887/1175 1838/2888/1176 1837/2889/1174 1831/2890/1173
f 1833/2891/1177 1839/2892/1178 1838/2888/1176 1832/2887/1175
f 1834/2882/1170 1840/2881/1169 1839/2892/1178 1833/2891/1177
f 1835/2880/1168 1841/2893/1179 1846/2894/1180 1840/2881/1169
f 1836/2884/1172 1842/2895/1181 1841/2893/1179 1835/2880/1168
f 1837/2886/1174 1843/2896/1182 1842/2895/1181 1836/2884/1172
f 1838/2888/1176 1844/2897/1183 1843/2898/1182 1837/2889/1174
f 1839/2892/1178 1845/2899/1184 1844/2897/1183 1838/2888/1176
f 1840/2881/1169 1846/2894/1180 1845/2899/1184 1839/2892/1178
f 1841/2893/1179 1847/2900/1185 1852/2901/1186 1846/2894/1180
f 1842/2895/1181 1848/2902/1187 1847/2900/1185 1841/2893/1179
f 1843/2896/1182 1849/2903/1188 1848/2902/1187 1842/2895/1181
f 1844/2897/1183 1850/2904/1189 1849/2905/1188 1843/2898/1182
f 1845/2899/1184 1851/2906/1190 1850/2904/1189 1844/2897/1183
f 1846/2894/1180 1852/2901/1186 1851/2906/1190 1845/2899/1184
f 1847/2900/1185 1853/2907/1191 1858/2908/1192 1852/2901/1186
f 1848/2902/1187 1854/2909/1193 1853/2907/1191 1847/2900/1185
f 1849/2903/1188 1855/2910/1194 1854/2909/1193 1848/2902/1187
f 1850/2904/1189 1856/2911/1195 1855/2912/1194 1849/2905/1188
f 1851/2906/1190 1857/2913/1196 1856/2911/1195 1850/2904/1189
f 1852/2901/1186 1858/2908/1192 1857/2913/1196 1851/2906/1190
f 1853/2907/1191 1859/2914/1197 1864/2915/1198 1858/2908/1192
f 1854/2909/1193 1860/2916/1199 1859/2914/1197 1853/2907/1191
f 1855/2910/1194 1861/2917/1200 1860/2916/1199 1854/2909/1193
f 1856/2911/1195 1862/2918/1201 1861/2919/1200 1855/2912/1194
f 1857/2913/1196 1863/2920/1202 1862/2918/1201 1856/2911/1195
f 1858/2908/1192 1864/2915/1198 1863/2920/1202 1857/2913/1196
f 1859/2914/1197 1865/2921/1203 1870/2922/1204 1864/2915/1198
f 1860/2916/1199 1866/2923/1205 1865/2921/1203 1859/2914/1197
f 1861/2917/1200 1867/2924/1206 1866/2923/1205 1860/2916/1199
f 1862/2918/1201 1868/2925/1207 1867/2926/1206 1861/2919/1200
f 1863/2920/1202 1869/2927/1208 1868/2925/1207 1862/2918/1201
f 1864/2915/1198 1870/2922/1204 1869/2927/1208 1863/2920/1202
f 1868/2928/1207 1866/2929/1205 1867/2930/1206
f 1865/2921/1203 1866/2929/1205 1868/2928/1207 1869/2927/1208
f 1870/2922/1204 1865/2921/1203 1869/2927/1208
f 1871/2931/1209 1876/2932/1210 1882/2933/1211 1877/2934/1212
f 1872/2935/1213 1871/2931/1209 1877/2934/1212 1878/2936/1214
f 1873/2937/1215 1872/2935/1213 1878/2936/1214 1879/2938/1216
f 1874/2939/1217 1873/2940/1215 1879/2941/1216 1880/2942/1218
f 1875/2943/1219 1874/2939/1217 1880/2942/1218 1881/2944/1220
f 1876/2932/1210 1875/2943/1219 1881/2944/1220 1882/2933/1211
f 1877/2934/1212 1882/2933/1211 1888/2945/1221 1883/2946/1222
f 1878/2936/1214 1877/2934/1212 1883/2946/1222 1884/2947/1223
f 1879/2938/1216 1878/2936/1214 1884/2947/1223 1885/2948/1224
f 1880/2942/1218 1879/2941/1216 1885/2949/1224 1886/2950/1225
f 1881/2944/1220 1880/2942/1218 1886/2950/1225 1887/2951/1226
f 1882/2933/1211 1881/2944/1220 1887/2951/1226 1888/2945/1221
f 1883/2946/1222 1888/2945/1221 1894/2952/1227 1889/2953/1228
f 1884/2947/1223 1883/2946/1222 1889/2953/1228 1890/2954/1229
f 1885/2948/1224 1884/2947/1223 1890/2954/1229 1891/2955/1230
f 1886/2950/1225 1885/2949/1224 1891/2956/1230 1892/2957/1231
f 1887/2951/1226 1886/2950/1225 1892/2957/1231 1893/2958/1232
f 1888/2945/1221 1887/2951/1226 1893/2958/1232 1894/2952/1227
f 1889/2953/1228 1894/2952/1227 1900/2959/1233 1895/2960/1234
f 1890/2954/1229 1889/2953/1228 1895/2960/1234 1896/2961/1235
f 1891/2955/1230 1890/2954/1229 1896/2961/1235 1897/2962/1236
f 1892/2957/1231 1891/2956/1230 1897/2963/1236 1898/2964/1237
f 1893/2958/1232 1892/2957/1231 1898/2964/1237 1899/2965/1238
f 1894/2952/1227 1893/2958/1232 1899/2965/1238 1900/2959/1233
f 1895/2960/1234 1900/2959/1233 1906/2966/1239 1901/2967/1240
f 1896/2961/1235 1895/2960/1234 1901/2967/1240 1902/2968/1241
f 1897/2962/1236 1896/2961/1235 1902/2968/1241 1903/2969/1242
f 1898/2964/1237 1897/2963/1236 1903/2970/1242 1904/2971/1243
f 1899/2965/1238 1898/2964/1237 1904/2971/1243 1905/2972/1244
f 1900/2959/1233 1899/2965/1238 1905/2972/1244 1906/2966/1239
f 1901/2967/1240 1906/2966/1239 1912/2973/1245 1907/2974/1246
f 1902/2968/1241 1901/2967/1240 1907/2974/1246 1908/2975/1247
f 1903/2969/1242 1902/2968/1241 1908/2975/1247 1909/2976/1248
f 1904/2971/1243 1903/2970/1242 1909/2977/1248 1910/2978/1249
f 1905/2972/1244 1904/2971/1243 1910/2978/1249 1911/2979/1250
f 1906/2966/1239 1905/2972/1244 1911/2979/1250 1912/2973/1245
f 1910/2980/1249 1909/2981/1248 1908/2982/1247
f 1907/2974/1246 1911/2979/1250 1910/2980/1249 1908/2982/1247
f 1912/2973/1245 1911/2979/1250 1907/2974/1246
f 1985/2983/1251 1986/2984/1252 1988/2985/1253 1987/2986/1254
f 1987/2987/1254 1988/2988/1253 1996/2989/1255 1993/2990/1256
f 1994/2991/1257 1995/2992/1258 1992/2993/1259 1989/2994/1260
f 1985/2995/1251 1987/2996/1254 1993/2997/1256 1994/2998/1257 1989/2999/1260 1990/3000/1261
f 1988/3001/1253 1986/3002/1252 1991/3003/1262 1992/3004/1259 1995/3005/1258 1996/3006/1255
f 1995/2992/1258 1994/2991/1257 1993/2990/1256 1996/2989/1255
f 1991/3007/1262 1990/3008/1261 1989/2994/1260 1992/2993/1259
f 1986/3009/1252 1985/3010/1251 1990/3008/1261 1991/3007/1262
f 1997/3011/1263 1999/3012/1264 2000/3013/1265 1998/3014/1266
f 1999/3015/1264 2005/3016/1267 2008/3017/1268 2000/3018/1265
f 2006/3019/1269 2001/3020/1270 2004/3021/1271 2007/3022/1272
f 1997/3023/1263 2002/3024/1273 2001/3025/1270 2006/3026/1269 2005/3027/1267 1999/3028/1264
f 2000/3029/1265 2008/3030/1268 2007/3031/1272 2004/3032/1271 2003/3033/1274 1998/3034/1266
f 2007/3022/1272 2008/3017/1268 2005/3016/1267 2006/3019/1269
f 2003/3035/1274 2004/3021/1271 2001/3020/1270 2002/3036/1273
f 1998/3037/1266 2003/3035/1274 2002/3036/1273 1997/3038/1263
f 2009/3039/1275 2010/3040/1252 2012/3041/1253 2011/3042/1254
f 2011/3043/1254 2012/3044/1253 2020/3045/1255 2017/3046/1256
f 2018/3047/1257 2019/3048/1258 2016/3049/1259 2013/3050/1260
f 2009/3051/1275 2011/3052/1254 2017/3053/1256 2018/3054/1257 2013/3055/1260 2014/3056/1261
f 2012/3057/1253 2010/3058/1252 2015/3059/1262 2016/3060/1259 2019/3061/1258 2020/3062/1255
f 2019/3048/1258 2018/3047/1257 2017/3046/1256 2020/3045/1255
f 2015/3063/1262 2014/3064/1261 2013/3050/1260 2016/3049/1259
f 2010/3065/1252 2009/3066/1275 2014/3064/1261 2015/3063/1262
f 2021/3067/1263 2023/3068/1264 2024/3069/1265 2022/3070/1276
f 2023/3071/1264 2029/3072/1267 2032/3073/1268 2024/3074/1265
f 2030/3075/1269 2025/3076/1270 2028/3077/1271 2031/3078/1272
f 2021/3079/1263 2026/3080/1273 2025/3081/1270 2030/3082/1269 2029/3083/1267 2023/3084/1264
f 2024/3085/1265 2032/3086/1268 2031/3087/1272 2028/3088/1271 2027/3089/1274 2022/3090/1276
f 2031/3078/1272 2032/3073/1268 2029/3072/1267 2030/3075/1269
f 2027/3091/1274 2028/3077/1271 2025/3076/1270 2026/3092/1273
f 2022/3093/1276 2027/3091/1274 2026/3092/1273 2021/3094/1263
f 2037/3095/1277 2049/3096/1278 2050/3097/1279 2043/3098/1280 2045/3099/1281 2046/3100/1282 2044/3101/1283 2038/3102/1284 2036/3103/1285
f 2065/3104/1286 2047/3105/1287 2040/3106/1288 2056/3107/1289
f 2051/3108/1290 2067/3109/1291 2049/3110/1278 2037/3111/1277
f 2051/3112/1290 2037/3113/1277 2036/3114/1285 2054/3115/1292
f 2053/3116/1293 2064/3117/1294 2035/3118/1295 2033/3119/1296
f 2056/3107/1289 2040/3106/1288 2042/3120/1297 2057/3121/1298
f 2057/3121/1298 2042/3120/1297 2041/3122/1299 2059/3123/1300
f 2059/3123/1300 2041/3122/1299 2039/3124/1301 2061/3125/1302
f 2064/3117/1294 2061/3125/1302 2039/3124/1301 2035/3118/1295
f 2066/3126/1303 2050/3127/1279 2049/3128/1278 2067/3109/1291
f 2033/3129/1296 2035/3130/1295 2039/3131/1301 2041/3132/1299 2042/3133/1297 2040/3134/1288 2047/3135/1287 2048/3136/1304 2034/3137/1305
f 2047/3105/1287 2065/3104/1286 2068/3138/1306 2048/3139/1304
f 2065/3104/1286 2066/3126/1303 2067/3109/1291 2068/3138/1306
f 2038/3140/1284 2044/3141/1283 2062/3142/1307 2063/3143/1308
f 2063/3143/1308 2062/3142/1307 2061/3125/1302 2064/3117/1294
f 2046/3144/1282 2060/3145/1309 2062/3142/1307 2044/3141/1283
f 2060/3145/1309 2059/3123/1300 2061/3125/1302 2062/3142/1307
f 2045/3146/1281 2058/3147/1310 2060/3145/1309 2046/3144/1282
f 2058/3147/1310 2057/3121/1298 2059/3123/1300 2060/3145/1309
f 2043/3148/1280 2055/3149/1311 2058/3147/1310 2045/3146/1281
f 2055/3149/1311 2056/3107/1289 2057/3121/1298 2058/3147/1310
f 2036/3114/1285 2038/3140/1284 2063/3143/1308 2054/3115/1292
f 2054/3115/1292 2063/3143/1308 2064/3117/1294 2053/3116/1293
f 2034/3150/1305 2052/3151/1312 2053/3116/1293 2033/3119/1296
f 2052/3151/1312 2051/3112/1290 2054/3115/1292 2053/3116/1293
f 2034/3152/1305 2048/3153/1304 2068/3138/1306 2052/3154/1312
f 2052/3154/1312 2068/3138/1306 2067/3109/1291 2051/3108/1290
f 2050/3127/1279 2066/3126/1303 2055/3149/1311 2043/3148/1280
f 2066/3126/1303 2065/3104/1286 2056/3107/1289 2055/3149/1311
f 2069/3155/1313 2070/3156/1314 2072/3157/1315 2071/3158/1316
f 2071/3158/1316 2072/3157/1315 2074/3159/1317 2073/3160/1318
f 2073/3160/1318 2074/3159/1317 2076/3161/1319 2075/3162/1320
f 2075/3162/1320 2076/3161/1319 2078/3163/1321 2077/3164/1322
f 2077/3164/1322 2078/3163/1321 2080/3165/1323 2079/3166/1324
f 2079/3166/1324 2080/3165/1323 2082/3167/1325 2081/3168/1326
f 2081/3168/1326 2082/3167/1325 2084/3169/1327 2083/3170/1328
f 2083/3170/1328 2084/3169/1327 2086/3171/1329 2085/3172/1330
f 2072/3173/1315 2070/3174/1314 2088/3175/1331 2086/3176/1329 2084/3177/1327 2082/3178/1325 2080/3179/1323 2078/3180/1321 2076/3181/1319 2074/3182/1317
f 2085/3183/1330 2086/3184/1329 2088/3185/1331 2087/3186/1332
f 2087/3186/1332 2088/3185/1331 2070/3156/1314 2069/3155/1313
f 2069/3187/1313 2071/3188/1316 2073/3189/1318 2075/3190/1320 2077/3191/1322 2079/3192/1324 2081/3193/1326 2083/3194/1328 2085/3195/1330 2087/3196/1332
f 2104/3197/1333 2109/3198/1334 2111/3199/1335 2106/3200/1336
f 2119/3201/1337 2124/3202/1338 2126/3203/1339 2121/3204/1340
f 2124/3202/1338 2129/3205/1341 2131/3206/1342 2126/3203/1339
f 2099/3207/1343 2104/3197/1333 2106/3200/1336 2101/3208/1344
f 2089/3209/1345 2094/3210/1346 2096/3211/1347 2091/3212/1348
f 2109/3198/1334 2114/3213/1349 2116/3214/1350 2111/3199/1335
f 2129/3205/1341 2134/3215/1351 2136/3216/1352 2131/3206/1342
f 2114/3217/1349 2119/3201/1337 2121/3204/1340 2116/3218/1350
f 2094/3210/1346 2099/3207/1343 2101/3208/1344 2096/3211/1347
f 2127/3219/1353 2126/3203/1339 2131/3206/1342 2132/3220/1354
f 2137/3221/1355 2136/3216/1352 2091/3212/1348 2092/3222/1356
f 2117/3223/1357 2116/3218/1350 2121/3204/1340 2122/3224/1358
f 2092/3222/1356 2091/3212/1348 2096/3211/1347 2097/3225/1359
f 2133/3226/1360 2132/3220/1354 2137/3221/1355 2138/3227/1361
f 2122/3224/1358 2121/3204/1340 2126/3203/1339 2127/3219/1353
f 2097/3225/1359 2096/3211/1347 2101/3208/1344 2102/3228/1362
f 2102/3228/1362 2101/3208/1344 2106/3200/1336 2107/3229/1363
f 2107/3229/1363 2106/3200/1336 2111/3199/1335 2112/3230/1364
f 2112/3230/1364 2111/3199/1335 2116/3214/1350 2117/3231/1357
f 2098/3232/1365 2097/3225/1359 2102/3228/1362 2103/3233/1366
f 2118/3234/1367 2117/3223/1357 2122/3224/1358 2123/3235/1368
f 2138/3227/1361 2137/3221/1355 2092/3222/1356 2093/3236/1369
f 2123/3235/1368 2122/3224/1358 2127/3219/1353 2128/3237/1370
f 2125/3238/1371 2128/3237/1370 2133/3226/1360 2130/3239/1372
f 2128/3237/1370 2127/3219/1353 2132/3220/1354 2133/3226/1360
f 2093/3236/1369 2092/3222/1356 2097/3225/1359 2098/3232/1365
f 2103/3233/1366 2102/3228/1362 2107/3229/1363 2108/3240/1373
f 2108/3240/1373 2107/3229/1363 2112/3230/1364 2113/3241/1374
f 2113/3241/1374 2112/3230/1364 2117/3231/1357 2118/3242/1367
f 2115/3243/1375 2118/3234/1367 2123/3235/1368 2120/3244/1376
f 2134/3215/1351 2089/3209/1345 2091/3212/1348 2136/3216/1352
f 2110/3245/1377 2113/3241/1374 2118/3242/1367 2115/3246/1375
f 2090/3247/1378 2093/3236/1369 2098/3232/1365 2095/3248/1379
f 2135/3249/1380 2138/3227/1361 2093/3236/1369 2090/3247/1378
f 2120/3244/1376 2123/3235/1368 2128/3237/1370 2125/3238/1371
f 2095/3248/1379 2098/3232/1365 2103/3233/1366 2100/3250/1381
f 2100/3250/1381 2103/3233/1366 2108/3240/1373 2105/3251/1382
f 2105/3251/1382 2108/3240/1373 2113/3241/1374 2110/3245/1377
f 2130/3239/1372 2133/3226/1360 2138/3227/1361 2135/3249/1380
f 2129/3252/5 2109/3253/5 2099/3254/5
f 2099/3254/5 2094/3255/5 2089/3256/5
f 2089/3256/5 2134/3257/5 2099/3254/5
f 2134/3257/5 2129/3252/5 2099/3254/5
f 2129/3252/5 2124/3258/5 2119/3259/5
f 2119/3259/5 2114/3260/5 2109/3253/5
f 2109/3253/5 2104/3261/5 2099/3254/5
f 2129/3252/5 2119/3259/5 2109/3253/5
f 2139/3262/1313 2140/3263/1314 2142/3264/1315 2141/3265/1316
f 2141/3265/1316 2142/3264/1315 2144/3266/1317 2143/3267/1318
f 2143/3267/1318 2144/3266/1317 2146/3268/1319 2145/3269/1320
f 2145/3269/1320 2146/3268/1319 2148/3270/1321 2147/3271/1322
f 2147/3271/1322 2148/3270/1321 2150/3272/1323 2149/3273/1324
f 2149/3273/1324 2150/3272/1323 2152/3274/1325 2151/3275/1326
f 2151/3275/1326 2152/3274/1325 2154/3276/1327 2153/3277/1328
f 2153/3277/1328 2154/3276/1327 2156/3278/1329 2155/3279/1330
f 2142/3280/1315 2140/3281/1314 2158/3282/1331 2156/3283/1329 2154/3284/1327 2152/3285/1325 2150/3286/1323 2148/3287/1321 2146/3288/1319 2144/3289/1317
f 2155/3290/1330 2156/3291/1329 2158/3292/1331 2157/3293/1332
f 2157/3293/1332 2158/3292/1331 2140/3263/1314 2139/3262/1313
f 2139/3294/1313 2141/3295/1316 2143/3296/1318 2145/3297/1320 2147/3298/1322 2149/3299/1324 2151/3300/1326 2153/3301/1328 2155/3302/1330 2157/3303/1332
f 2172/3304/1383 2182/3305/1384 2205/3306/1385 2202/3307/1386
f 2159/3308/1387 2184/3309/1388 2183/3310/1389 2161/3311/1390
f 2161/3311/1390 2183/3310/1389 2185/3312/1391 2163/3313/1392
f 2163/3313/1392 2185/3312/1391 2186/3314/1393 2165/3315/1394
f 2165/3315/1394 2186/3314/1393 2187/3316/1395 2167/3317/1396
f 2167/3317/1396 2187/3316/1395 2188/3318/1397 2169/3319/1398
f 2171/3320/1399 2190/3321/1400 2189/3322/1401 2173/3323/1402
f 2173/3323/1402 2189/3322/1401 2191/3324/1403 2175/3325/1404
f 2175/3325/1404 2191/3324/1403 2192/3326/1405 2177/3327/1406
f 2179/3328/1407 2194/3329/1408 2193/3330/1409 2181/3331/1410
f 2181/3331/1410 2193/3330/1409 2190/3321/1400 2171/3320/1399
f 2184/3309/1388 2159/3308/1387 2177/3327/1406 2192/3326/1405
f 2169/3319/1398 2188/3318/1397 2194/3329/1408 2179/3328/1407
f 2160/3332/1411 2162/3333/1411 2183/3310/1411 2184/3309/1411
f 2162/3333/1411 2164/3334/1411 2185/3312/1411 2183/3310/1411
f 2164/3334/1411 2166/3335/1411 2186/3314/1411 2185/3312/1411
f 2166/3335/1411 2168/3336/1411 2187/3316/1411 2186/3314/1411
f 2168/3336/1411 2170/3337/1411 2188/3318/1411 2187/3316/1411
f 2172/3304/1411 2174/3338/1411 2189/3322/1411 2190/3321/1411
f 2174/3338/1411 2176/3339/1411 2191/3324/1411 2189/3322/1411
f 2176/3339/1411 2178/3340/1411 2192/3326/1411 2191/3324/1411
f 2180/3341/1411 2182/3305/1411 2193/3330/1411 2194/3329/1411
f 2182/3305/1411 2172/3304/1411 2190/3321/1411 2193/3330/1411
f 2178/3340/1411 2160/3332/1411 2184/3309/1411 2192/3326/1411
f 2170/3337/1411 2180/3341/1411 2194/3329/1411 2188/3318/1411
f 2195/3342/1411 2196/3343/1411 2204/3344/1411 2203/3345/1411 2201/3346/1411 2202/3307/1411 2205/3306/1411 2206/3347/1411 2200/3348/1411 2199/3349/1411 2198/3350/1411 2197/3351/1411
f 2176/3339/1412 2174/3338/1413 2201/3346/1414 2203/3345/1415
f 2168/3336/1416 2166/3335/1417 2198/3350/1418 2199/3349/1419
f 2160/3332/1420 2178/3340/1421 2204/3344/1422 2196/3343/1423
f 2162/3333/1424 2160/3332/1420 2196/3343/1423 2195/3342/1425
f 2178/3340/1421 2176/3339/1412 2203/3345/1415 2204/3344/1422
f 2170/3337/1426 2168/3336/1416 2199/3349/1419 2200/3348/1427
f 2180/3341/1428 2170/3337/1426 2200/3348/1427 2206/3347/1429
f 2164/3334/1430 2162/3333/1424 2195/3342/1425 2197/3351/1431
f 2182/3305/1384 2180/3341/1428 2206/3347/1429 2205/3306/1385
f 2174/3338/1413 2172/3304/1383 2202/3307/1386 2201/3346/1414
f 2166/3335/1417 2164/3334/1430 2197/3351/1431 2198/3350/1418
f 2220/3352/1413 2250/3353/1414 2253/3354/1415 2230/3355/1412
f 2207/3356/1398 2209/3357/1396 2231/3358/1395 2232/3359/1397
f 2209/3357/1396 2211/3360/1394 2233/3361/1393 2231/3358/1395
f 2211/3360/1394 2213/3362/1392 2234/3363/1391 2233/3361/1393
f 2213/3362/1392 2215/3364/1390 2235/3365/1389 2234/3363/1391
f 2215/3364/1390 2217/3366/1387 2236/3367/1388 2235/3365/1389
f 2219/3368/1402 2221/3369/1399 2237/3370/1400 2238/3371/1401
f 2221/3369/1399 2223/3372/1410 2239/3373/1409 2237/3370/1400
f 2223/3372/1410 2225/3374/1407 2240/3375/1408 2239/3373/1409
f 2227/3376/1406 2229/3377/1404 2241/3378/1403 2242/3379/1405
f 2229/3377/1404 2219/3368/1402 2238/3371/1401 2241/3378/1403
f 2232/3359/1397 2240/3375/1408 2225/3374/1407 2207/3356/1398
f 2217/3366/1387 2227/3376/1406 2242/3379/1405 2236/3367/1388
f 2208/3380/1411 2232/3359/1411 2231/3358/1411 2210/3381/1411
f 2210/3381/1411 2231/3358/1411 2233/3361/1411 2212/3382/1411
f 2212/3382/1411 2233/3361/1411 2234/3363/1411 2214/3383/1411
f 2214/3383/1411 2234/3363/1411 2235/3365/1411 2216/3384/1411
f 2216/3384/1411 2235/3365/1411 2236/3367/1411 2218/3385/1411
f 2220/3352/1411 2238/3371/1411 2237/3370/1411 2222/3386/1411
f 2222/3386/1411 2237/3370/1411 2239/3373/1411 2224/3387/1411
f 2224/3387/1411 2239/3373/1411 2240/3375/1411 2226/3388/1411
f 2228/3389/1411 2242/3379/1411 2241/3378/1411 2230/3355/1411
f 2230/3355/1411 2241/3378/1411 2238/3371/1411 2220/3352/1411
f 2226/3388/1411 2240/3375/1411 2232/3359/1411 2208/3380/1411
f 2218/3385/1411 2236/3367/1411 2242/3379/1411 2228/3389/1411
f 2243/3390/1411 2245/3391/1411 2246/3392/1411 2247/3393/1411 2248/3394/1411 2254/3395/1411 2253/3354/1411 2250/3353/1411 2249/3396/1411 2251/3397/1411 2252/3398/1411 2244/3399/1411
f 2224/3387/1384 2251/3397/1385 2249/3396/1386 2222/3386/1383
f 2216/3384/1424 2247/3393/1425 2246/3392/1431 2214/3383/1430
f 2208/3380/1426 2244/3399/1427 2252/3398/1429 2226/3388/1428
f 2210/3381/1416 2243/3390/1419 2244/3399/1427 2208/3380/1426
f 2226/3388/1428 2252/3398/1429 2251/3397/1385 2224/3387/1384
f 2218/3385/1420 2248/3394/1423 2247/3393/1425 2216/3384/1424
f 2228/3389/1421 2254/3395/1422 2248/3394/1423 2218/3385/1420
f 2212/3382/1417 2245/3391/1418 2243/3390/1419 2210/3381/1416
f 2230/3355/1412 2253/3354/1415 2254/3395/1422 2228/3389/1421
f 2222/3386/1383 2249/3396/1386 2250/3353/1414 2220/3352/1413
f 2214/3383/1430 2246/3392/1431 2245/3391/1418 2212/3382/1417
f 2271/3400/1432 2283/3401/1433 2284/3402/1434 2277/3403/1435 2279/3404/1436 2280/3405/1437 2278/3406/1438 2272/3407/1439 2270/3408/1440
f 2299/3409/1441 2281/3410/1442 2274/3411/1443 2290/3412/1444
f 2285/3413/1445 2301/3414/1446 2283/3415/1433 2271/3416/1432
f 2285/3417/1445 2271/3418/1432 2270/3419/1440 2288/3420/1447
f 2287/3421/1448 2298/3422/1449 2269/3423/1450 2267/3424/1451
f 2290/3412/1444 2274/3411/1443 2276/3425/1452 2291/3426/1453
f 2291/3426/1453 2276/3425/1452 2275/3427/1454 2293/3428/1455
f 2293/3428/1455 2275/3427/1454 2273/3429/1456 2295/3430/1457
f 2298/3422/1449 2295/3430/1457 2273/3429/1456 2269/3423/1450
f 2300/3431/1458 2284/3432/1434 2283/3433/1433 2301/3414/1446
f 2267/3434/1451 2269/3435/1450 2273/3436/1456 2275/3437/1454 2276/3438/1452 2274/3439/1443 2281/3440/1442 2282/3441/1459 2268/3442/1460
f 2281/3410/1442 2299/3409/1441 2302/3443/1461 2282/3444/1459
f 2299/3409/1441 2300/3431/1458 2301/3414/1446 2302/3443/1461
f 2272/3445/1439 2278/3446/1438 2296/3447/1462 2297/3448/1463
f 2297/3448/1463 2296/3447/1462 2295/3430/1457 2298/3422/1449
f 2280/3449/1437 2294/3450/1464 2296/3447/1462 2278/3446/1438
f 2294/3450/1464 2293/3428/1455 2295/3430/1457 2296/3447/1462
f 2279/3451/1436 2292/3452/1465 2294/3450/1464 2280/3449/1437
f 2292/3452/1465 2291/3426/1453 2293/3428/1455 2294/3450/1464
f 2277/3453/1435 2289/3454/1466 2292/3452/1465 2279/3451/1436
f 2289/3454/1466 2290/3412/1444 2291/3426/1453 2292/3452/1465
f 2270/3455/1440 2272/3445/1439 2297/3448/1463 2288/3456/1447
f 2288/3456/1447 2297/3448/1463 2298/3422/1449 2287/3421/1448
f 2268/3457/1460 2286/3458/1467 2287/3459/1448 2267/3460/1451
f 2286/3458/1467 2285/3417/1445 2288/3420/1447 2287/3459/1448
f 2268/3461/1460 2282/3462/1459 2302/3443/1461 2286/3463/1467
f 2286/3463/1467 2302/3443/1461 2301/3414/1446 2285/3413/1445
f 2284/3432/1434 2300/3431/1458 2289/3454/1466 2277/3453/1435
f 2300/3431/1458 2299/3409/1441 2290/3412/1444 2289/3454/1466
f 2313/3464/1468 2317/3465/1469 2436/3466/1470 2437/3467/1471
f 2318/3468/1472 2314/3469/1473 2440/3470/1474 2439/3471/1475
f 2315/3472/1476 2316/3473/1477 2435/3474/1478 2438/3475/1479
f 2384/3476/1480 2484/3477/1481 2481/3478/1482 2354/3479/1483
f 2341/3480/1484 2396/3481/1485 2325/3482/1486 2415/3483/1487
f 2353/3484/1488 2359/3485/1489 2450/3486/1490 2451/3487/1491
f 2646/3488/1492 2671/3489/1493 2462/3490/1494 2328/3491/1495
f 2385/3492/1496 2353/3484/1488 2451/3487/1491 2449/3493/1497
f 2324/3494/1498 2327/3495/1499 2322/3496/1500
f 2358/3497/1501 2324/3494/1498 2322/3496/1500 2408/3498/1502
f 2321/3499/1503 2411/3500/1504 2408/3498/1502 2322/3496/1500
f 2385/3492/1496 2449/3493/1497 2448/3501/1505 2388/3502/1506
f 2393/3503/1507 2477/3504/1508 2478/3505/1509
f 2438/3506/1510 2397/3507/1511 2343/3508/1512 2441/3509/1513
f 2642/3510/1514 2692/3511/1515 2483/3512/1515 2384/3476/1480
f 2393/3503/1507 2326/3513/1516 2325/3482/1486 2396/3481/1485
f 2429/3514/1510 2458/3515/1510 2405/3516/1517 2431/3517/1518
f 2328/3491/1495 2321/3499/1503 2322/3496/1500 2327/3495/1499
f 2640/3518/1519 2647/3519/1520 2422/3520/1521 2323/3521/1522
f 2689/3522/1523 2474/3523/1523 2501/3524/1524 2714/3525/1525
f 2645/3526/1526 2646/3488/1492 2328/3491/1495 2327/3495/1499
f 2639/3527/1527 2645/3526/1526 2327/3495/1499 2324/3494/1498
f 2329/3528/1528 2332/3529/1529 2334/3530/1530 2333/3531/1531
f 2332/3529/1529 2336/3532/1532 2337/3533/1533 2334/3530/1530
f 2330/3534/1534 2335/3535/1535 2337/3536/1533 2336/3537/1532
f 2335/3535/1535 2339/3538/1536 2340/3539/1537 2337/3536/1533
f 2331/3540/1538 2338/3541/1539 2340/3539/1537 2339/3538/1536
f 2338/3542/1539 2333/3531/1531 2334/3530/1530 2340/3543/1537
f 2334/3530/1530 2337/3533/1533 2340/3543/1537
f 2341/3480/1484 2344/3544/1540 2346/3545/1541 2345/3546/1542
f 2344/3544/1540 2348/3547/1543 2349/3548/1544 2346/3545/1541
f 2342/3549/1545 2347/3550/1546 2349/3551/1544 2348/3552/1543
f 2347/3550/1546 2351/3553/1547 2352/3554/1548 2349/3551/1544
f 2343/3508/1512 2350/3555/1549 2352/3554/1548 2351/3553/1547
f 2350/3556/1549 2345/3546/1542 2346/3545/1541 2352/3557/1548
f 2346/3545/1541 2349/3548/1544 2352/3557/1548
f 2358/3497/1501 2362/3558/1550 2364/3559/1551 2363/3560/1552
f 2362/3561/1550 2366/3562/1553 2367/3563/1554 2364/3564/1551
f 2359/3485/1489 2365/3565/1555 2367/3563/1554 2366/3562/1553
f 2368/3566/1556 2372/3567/1557 2374/3568/1558 2373/3569/1559
f 2372/3567/1557 2376/3570/1560 2377/3571/1561 2374/3568/1558
f 2369/3572/1562 2375/3573/1563 2377/3574/1561 2376/3575/1560
f 2375/3573/1563 2379/3576/1564 2380/3577/1565 2377/3574/1561
f 2370/3578/1566 2378/3579/1567 2380/3580/1565 2379/3581/1564
f 2378/3579/1567 2382/3582/1568 2383/3583/1569 2380/3580/1565
f 2371/3584/1570 2381/3585/1571 2383/3583/1569 2382/3582/1568
f 2381/3586/1571 2373/3569/1559 2374/3568/1558 2383/3587/1569
f 2374/3568/1558 2377/3571/1561 2380/3588/1565 2383/3587/1569
f 2359/3485/1489 2353/3484/1488 2355/3589/1572 2365/3565/1555
f 2365/3590/1555 2355/3591/1572 2356/3592/1573 2361/3593/1574
f 2361/3593/1574 2356/3592/1573 2354/3479/1483 2357/3594/1575
f 2492/3595/1576 2477/3504/1508 2393/3503/1507 2395/3596/1577 2496/3597/1578
f 2496/3597/1578 2395/3596/1577 2394/3598/1579 2498/3599/1580
f 2372/3567/1557 2497/3600/1581 2499/3601/1582 2376/3570/1560
f 2371/3584/1570 2382/3582/1568 2479/3602/1583
f 2479/3602/1583 2382/3582/1568 2378/3579/1567 2480/3603/1584
f 2480/3603/1584 2378/3579/1567 2370/3578/1566
f 2385/3492/1496 2388/3502/1506 2390/3604/1585 2387/3605/1586
f 2387/3606/1586 2390/3607/1585 2391/3608/1587 2386/3609/1588
f 2386/3609/1588 2391/3608/1587 2389/3610/1589 2384/3476/1480
f 2393/3503/1507 2396/3481/1485 2398/3611/1590 2395/3596/1577
f 2395/3596/1577 2398/3611/1590 2399/3612/1591 2394/3598/1579
f 2394/3613/1579 2399/3614/1591 2397/3507/1511 2392/3615/1592
f 2329/3528/1528 2389/3610/1589 2391/3608/1587 2332/3529/1529
f 2332/3529/1529 2391/3608/1587 2390/3607/1585 2336/3532/1532
f 2336/3537/1532 2390/3604/1585 2388/3502/1506 2330/3534/1534
f 2396/3481/1485 2341/3480/1484 2345/3546/1542 2398/3611/1590
f 2398/3611/1590 2345/3546/1542 2350/3556/1549 2399/3612/1591
f 2399/3614/1591 2350/3555/1549 2343/3508/1512 2397/3507/1511
f 2384/3476/1480 2354/3479/1483 2356/3592/1573 2386/3609/1588
f 2386/3609/1588 2356/3592/1573 2355/3591/1572 2387/3606/1586
f 2387/3605/1586 2355/3589/1572 2353/3484/1488 2385/3492/1496
f 2498/3616/1580 2394/3613/1579 2392/3615/1592 2464/3617/1593 2495/3618/1594
f 2650/3619/1595 2715/3620/1596 2500/3621/1597 2472/3622/1598
f 2376/3575/1560 2499/3623/1582 2494/3624/1599 2369/3572/1562
f 2401/3625/1600 2404/3626/1545 2406/3627/1601 2403/3628/1602
f 2403/3628/1602 2406/3627/1601 2407/3629/1603 2402/3630/1604
f 2402/3630/1604 2407/3629/1603 2405/3516/1517 2400/3631/1605
f 2408/3498/1502 2411/3500/1504 2412/3632/1606 2410/3633/1607
f 2410/3634/1607 2412/3635/1606 2413/3636/1608 2409/3637/1609
f 2409/3637/1609 2413/3636/1608 2454/3638/1610 2453/3639/1611
f 2409/3637/1609 2366/3562/1553 2362/3561/1550 2410/3634/1607
f 2410/3633/1607 2362/3558/1550 2358/3497/1501 2408/3498/1502
f 2466/3640/1612 2413/3636/1608 2412/3635/1606
f 2379/3581/1564 2412/3632/1606 2411/3500/1504 2370/3578/1566
f 2330/3534/1534 2425/3641/1613 2427/3642/1614 2335/3535/1535
f 2335/3535/1535 2427/3642/1614 2428/3643/1615 2339/3538/1536
f 2339/3538/1536 2428/3643/1615 2424/3644/1616 2331/3540/1538
f 2400/3631/1605 2440/3645/1617 2442/3646/1618 2402/3630/1604
f 2402/3630/1604 2442/3646/1618 2443/3647/1619 2403/3628/1602
f 2403/3628/1602 2443/3647/1619 2444/3648/1620 2401/3625/1600
f 2651/3649/1621 2418/3650/1622 2420/3651/1623 2652/3652/1624
f 2652/3653/1624 2420/3654/1623 2421/3655/1625 2653/3656/1626
f 2653/3656/1626 2421/3655/1625 2419/3657/1627 2654/3658/1628
f 2659/3659/1629 2414/3660/5 2416/3661/1630 2660/3662/1631
f 2660/3662/1631 2416/3661/1630 2417/3663/1632 2661/3664/1633
f 2661/3664/1633 2417/3663/1632 2415/3483/1487 2662/3665/1634
f 2329/3528/1528 2658/3666/1635 2700/3667/1636 2488/3668/1637
f 2657/3669/1638 2658/3666/1635 2329/3528/1528 2333/3531/1531
f 2656/3670/1639 2657/3669/1638 2333/3531/1531 2338/3542/1539
f 2423/3671/1640 2381/3585/1571 2371/3584/1570 2422/3520/1521
f 2341/3480/1484 2415/3483/1487 2417/3663/1632 2344/3544/1540
f 2344/3544/1540 2417/3663/1632 2416/3661/1630 2348/3547/1543
f 2348/3547/1543 2416/3661/1630 2414/3660/5 2342/3672/1545
f 2482/3673/1641 2419/3657/1627 2421/3655/1625 2486/3674/1642
f 2486/3674/1642 2421/3655/1625 2420/3654/1623 2363/3675/1552
f 2363/3560/1552 2420/3651/1623 2418/3650/1622 2358/3497/1501
f 2426/3676/1643 2320/3677/1644 2424/3678/4 2428/3679/4 2427/3680/4 2425/3681/4
f 2430/3682/1645 2433/3683/1646 2406/3627/1601 2404/3626/1545
f 2433/3683/1646 2432/3684/1647 2407/3629/1603 2406/3627/1601
f 2429/3685/1648 2319/3686/1649 2320/3677/1644 2426/3676/1643
f 2432/3684/1647 2431/3517/1518 2405/3516/1517 2407/3629/1603
f 2430/3687/2 2319/3686/1649 2429/3685/1648 2431/3688/2 2432/3689/2 2433/3690/2
f 2441/3691/1650 2311/3692/1651 2315/3472/1476 2438/3475/1479
f 2440/3470/1474 2314/3469/1473 2444/3693/1652 2443/3694/1652 2442/3695/1652
f 2445/3696/1653 2447/3697/1654 2347/3550/1546 2342/3549/1545
f 2445/3698/1655 2311/3692/1651 2441/3691/1650 2446/3699/1655 2447/3700/1655
f 2436/3466/1470 2317/3465/1469 2318/3468/1472 2439/3471/1475
f 2447/3697/1654 2446/3701/1656 2351/3553/1547 2347/3550/1546
f 2435/3474/1478 2316/3473/1477 2312/3702/1657 2434/3703/1658
f 2446/3701/1656 2441/3509/1513 2343/3508/1512 2351/3553/1547
f 2434/3703/1658 2312/3702/1657 2313/3464/1468 2437/3467/1471
f 2648/3704/1659 2649/3705/1660 2470/3706/1661 2475/3707/1662
f 2422/3520/1521 2647/3519/1520 2648/3708/1659 2423/3671/1640
f 2325/3482/1486 2326/3513/1516 2644/3709/1663 2643/3710/1664
f 2415/3483/1487 2325/3482/1486 2643/3710/1664 2662/3665/1634
f 2324/3494/1498 2418/3650/1622 2651/3649/1621 2639/3527/1527
f 2644/3709/1663 2474/3523/1523 2689/3522/1523
f 2452/3711/1665 2450/3486/1490 2359/3485/1489 2366/3562/1553
f 2457/3712/1666 2461/3713/1667 2392/3615/1592 2397/3507/1511
f 2459/3714/1668 2460/3715/1669 2463/3716/1670 2465/3717/1671
f 2458/3515/1510 2456/3718/1510 2400/3631/1605 2405/3516/1517
f 2392/3615/1592 2467/3719/1672 2464/3617/1593
f 2321/3499/1503 2328/3491/1495 2462/3490/1494 2480/3603/1584
f 2466/3640/1612 2463/3716/1670 2460/3715/1669 2455/3720/1673
f 2472/3622/1598 2470/3706/1661 2649/3705/1660 2650/3619/1595
f 2423/3721/1640 2648/3704/1659 2475/3707/1662 2471/3722/1674
f 2471/3722/1674 2373/3569/1559 2381/3586/1571 2423/3721/1640
f 2326/3513/1516 2393/3503/1507 2478/3505/1509 2476/3723/1675
f 2326/3513/1516 2473/3724/1523 2474/3523/1523 2644/3709/1663
f 2476/3723/1675 2473/3724/1523 2326/3513/1516
f 2323/3521/1522 2422/3520/1521 2371/3584/1570 2479/3602/1583
f 2323/3521/1522 2479/3602/1583 2480/3603/1584 2462/3490/1494
f 2671/3489/1493 2640/3518/1519 2323/3521/1522 2462/3490/1494
f 2461/3713/1667 2459/3714/1668 2465/3717/1671 2469/3725/1672
f 2392/3615/1592 2461/3713/1667 2468/3726/1672 2467/3719/1672
f 2468/3726/1672 2461/3713/1667 2469/3725/1672
f 2413/3636/1608 2466/3640/1612 2455/3720/1673
f 2454/3638/1610 2413/3636/1608 2455/3720/1673
f 2481/3478/1482 2485/3727/1676 2357/3594/1575 2354/3479/1483
f 2384/3476/1480 2483/3512/1515 2484/3477/1481
f 2331/3728/1538 2655/3729/1677 2656/3670/1639 2338/3542/1539
f 2642/3510/1514 2384/3476/1480 2389/3610/1589 2487/3730/1678
f 2486/3674/1642 2360/3731/1679 2361/3593/1574 2357/3594/1575
f 2360/3731/1679 2364/3732/1551 2367/3733/1554
f 2360/3731/1679 2486/3674/1642 2363/3675/1552 2364/3732/1551
f 2485/3727/1676 2482/3673/1641 2486/3674/1642 2357/3594/1575
f 2361/3593/1574 2360/3731/1679 2367/3733/1554 2365/3590/1555
f 2321/3499/1503 2480/3603/1584 2370/3578/1566 2411/3500/1504
f 2418/3650/1622 2324/3494/1498 2358/3497/1501
f 2435/3734/1510 2397/3507/1511 2438/3506/1510
f 2434/3735/1510 2397/3507/1511 2435/3734/1510
f 2437/3736/1510 2457/3712/1666 2397/3507/1511 2434/3735/1510
f 2436/3737/1510 2456/3718/1510 2437/3736/1510
f 2440/3645/1617 2400/3631/1605 2439/3738/1510
f 2388/3502/1506 2448/3501/1505 2458/3515/1510 2429/3514/1510 2426/3739/1510
f 2330/3534/1534 2388/3502/1506 2426/3739/1510 2425/3641/1613
f 2439/3738/1510 2456/3718/1510 2436/3737/1510
f 2456/3718/1510 2457/3712/1666 2437/3736/1510
f 2400/3631/1605 2456/3718/1510 2439/3738/1510
f 2487/3740/1680 2489/3741/1681 2491/3742/1682 2490/3743/1683
f 2487/3730/1678 2389/3610/1589 2489/3744/1684
f 2389/3610/1589 2329/3528/1528 2488/3668/1637 2489/3744/1684
f 2490/3745/1685 2491/3746/1685 2488/3747/1637 2700/3748/1636 2704/3749/1686
f 2489/3741/1681 2488/3750/1 2491/3742/1682
f 2641/3751/5 2487/3740/1680 2490/3743/1683 2704/3752/5
f 2492/3595/1576 2496/3597/1578 2497/3600/1581 2493/3753/1687
f 2496/3597/1578 2498/3599/1580 2499/3601/1582 2497/3600/1581
f 2498/3616/1580 2495/3618/1594 2494/3624/1599 2499/3623/1582
f 2714/3525/1525 2501/3524/1524 2500/3621/1597 2715/3620/1596
f 2368/3566/1556 2493/3753/1687 2497/3600/1581 2372/3567/1557
f 2504/3754/1468 2628/3755/1471 2627/3756/1470 2508/3757/1469
f 2509/3758/1472 2630/3759/1475 2631/3760/1474 2505/3761/1473
f 2506/3762/1476 2629/3763/1479 2626/3764/1478 2507/3765/1477
f 2575/3766/1688 2545/3767/1689 2693/3768/1690 2696/3769/1691
f 2532/3770/1692 2606/3771/1693 2516/3772/1694 2587/3773/1695
f 2544/3774/1696 2666/3775/1697 2665/3776/1698 2550/3777/1699
f 2646/3488/1492 2519/3778/1700 2672/3779/1701 2671/3489/1493
f 2576/3780/1702 2664/3781/1703 2666/3775/1697 2544/3774/1696
f 2515/3782/1704 2513/3783/1705 2518/3784/1706
f 2549/3785/1707 2599/3786/1708 2513/3783/1705 2515/3782/1704
f 2512/3787/1709 2513/3783/1705 2599/3786/1708 2602/3788/1710
f 2576/3780/1702 2579/3789/1711 2663/3790/1712 2664/3781/1703
f 2584/3791/1713 2688/3792/1714 2687/3793/1715
f 2629/3794/1716 2632/3795/1717 2534/3796/1718 2588/3797/1719
f 2642/3510/1514 2575/3766/1688 2695/3798/1515 2692/3511/1515
f 2584/3791/1713 2587/3773/1695 2516/3772/1694 2517/3799/1720
f 2620/3800/1716 2622/3801/1721 2596/3802/1722 2663/3790/1712
f 2519/3778/1700 2518/3784/1706 2513/3783/1705 2512/3787/1709
f 2640/3518/1519 2514/3803/1723 2613/3804/1724 2647/3519/1520
f 2689/3522/1523 2714/3525/1525 2717/3805/1524 2684/3806/1523
f 2645/3526/1526 2518/3784/1706 2519/3778/1700 2646/3488/1492
f 2639/3527/1527 2515/3782/1704 2518/3784/1706 2645/3526/1526
f 2520/3807/1725 2524/3808/1726 2525/3809/1727 2523/3810/1728
f 2523/3810/1728 2525/3809/1727 2528/3811/1729 2527/3812/1730
f 2521/3813/1731 2527/3814/1730 2528/3815/1729 2526/3816/1732
f 2526/3816/1732 2528/3815/1729 2531/3817/1733 2530/3818/1734
f 2522/3819/1735 2530/3818/1734 2531/3817/1733 2529/3820/1736
f 2529/3821/1736 2531/3822/1733 2525/3809/1727 2524/3808/1726
f 2525/3809/1727 2531/3822/1733 2528/3811/1729
f 2532/3770/1692 2536/3823/1737 2537/3824/1738 2535/3825/1739
f 2535/3825/1739 2537/3824/1738 2540/3826/1740 2539/3827/1741
f 2533/3828/1742 2539/3829/1741 2540/3830/1740 2538/3831/1743
f 2538/3831/1743 2540/3830/1740 2543/3832/1744 2542/3833/1745
f 2534/3796/1718 2542/3833/1745 2543/3832/1744 2541/3834/1746
f 2541/3835/1746 2543/3836/1744 2537/3824/1738 2536/3823/1737
f 2537/3824/1738 2543/3836/1744 2540/3826/1740
f 2549/3785/1707 2554/3837/1747 2555/3838/1748 2553/3839/1749
f 2553/3840/1749 2555/3841/1748 2558/3842/1750 2557/3843/1751
f 2550/3777/1699 2557/3843/1751 2558/3842/1750 2556/3844/1752
f 2559/3845/1753 2564/3846/1754 2565/3847/1755 2563/3848/1756
f 2563/3848/1756 2565/3847/1755 2568/3849/1757 2567/3850/1758
f 2560/3851/1759 2567/3852/1758 2568/3853/1757 2566/3854/1760
f 2566/3854/1760 2568/3853/1757 2571/3855/1761 2570/3856/1762
f 2561/3857/1763 2570/3858/1762 2571/3859/1761 2569/3860/1764
f 2569/3860/1764 2571/3859/1761 2574/3861/1765 2573/3862/1766
f 2562/3863/1767 2573/3862/1766 2574/3861/1765 2572/3864/1768
f 2572/3865/1768 2574/3866/1765 2565/3847/1755 2564/3846/1754
f 2565/3847/1755 2574/3866/1765 2571/3867/1761 2568/3849/1757
f 2550/3777/1699 2556/3844/1752 2546/3868/1769 2544/3774/1696
f 2556/3869/1752 2552/3870/1770 2547/3871/1771 2546/3872/1769
f 2552/3870/1770 2548/3873/1772 2545/3767/1689 2547/3871/1771
f 2706/3874/1773 2710/3875/1774 2586/3876/1775 2584/3791/1713 2687/3793/1715
f 2710/3875/1774 2712/3877/1776 2585/3878/1777 2586/3876/1775
f 2563/3848/1756 2567/3850/1758 2713/3879/1778 2711/3880/1779
f 2562/3863/1767 2690/3881/1780 2573/3862/1766
f 2690/3881/1780 2691/3882/1781 2569/3860/1764 2573/3862/1766
f 2691/3882/1781 2561/3857/1763 2569/3860/1764
f 2576/3780/1702 2578/3883/1782 2581/3884/1783 2579/3789/1711
f 2578/3885/1782 2577/3886/1784 2582/3887/1785 2581/3888/1783
f 2577/3886/1784 2575/3766/1688 2580/3889/1786 2582/3887/1785
f 2584/3791/1713 2586/3876/1775 2589/3890/1787 2587/3773/1695
f 2586/3876/1775 2585/3878/1777 2590/3891/1788 2589/3890/1787
f 2585/3892/1777 2583/3893/1789 2588/3797/1719 2590/3894/1788
f 2520/3807/1725 2523/3810/1728 2582/3887/1785 2580/3889/1786
f 2523/3810/1728 2527/3812/1730 2581/3888/1783 2582/3887/1785
f 2527/3814/1730 2521/3813/1731 2579/3789/1711 2581/3884/1783
f 2587/3773/1695 2589/3890/1787 2536/3823/1737 2532/3770/1692
f 2589/3890/1787 2590/3891/1788 2541/3835/1746 2536/3823/1737
f 2590/3894/1788 2588/3797/1719 2534/3796/1718 2541/3834/1746
f 2575/3766/1688 2577/3886/1784 2547/3871/1771 2545/3767/1689
f 2577/3886/1784 2578/3885/1782 2546/3872/1769 2547/3871/1771
f 2578/3883/1782 2576/3780/1702 2544/3774/1696 2546/3868/1769
f 2712/3895/1776 2709/3896/1790 2674/3897/1791 2583/3893/1789 2585/3892/1777
f 2650/3619/1595 2682/3898/1792 2716/3899/1597 2715/3620/1596
f 2567/3852/1758 2560/3851/1759 2708/3900/1793 2713/3901/1778
f 2592/3902/1794 2594/3903/1795 2597/3904/1796 2595/3905/1742
f 2594/3903/1795 2593/3906/1797 2598/3907/1798 2597/3904/1796
f 2593/3906/1797 2591/3908/1799 2596/3802/1722 2598/3907/1798
f 2599/3786/1708 2601/3909/1800 2603/3910/1801 2602/3788/1710
f 2601/3911/1800 2600/3912/1802 2604/3913/1803 2603/3914/1801
f 2600/3912/1802 2665/3776/1698 2667/3915/1804 2604/3913/1803
f 2600/3912/1802 2601/3911/1800 2553/3840/1749 2557/3843/1751
f 2601/3909/1800 2599/3786/1708 2549/3785/1707 2553/3839/1749
f 2676/3916/1805 2603/3914/1801 2604/3913/1803
f 2570/3858/1762 2561/3857/1763 2602/3788/1710 2603/3910/1801
f 2521/3813/1731 2526/3816/1732 2618/3917/1806 2616/3918/1807
f 2526/3816/1732 2530/3818/1734 2619/3919/1808 2618/3917/1806
f 2530/3818/1734 2522/3819/1735 2615/3920/1809 2619/3919/1808
f 2591/3908/1799 2593/3906/1797 2633/3921/1810 2631/3922/1811
f 2593/3906/1797 2594/3903/1795 2634/3923/1812 2633/3921/1810
f 2594/3903/1795 2592/3902/1794 2635/3924/1813 2634/3923/1812
f 2651/3649/1621 2652/3652/1624 2611/3925/1814 2609/3926/1815
f 2652/3653/1624 2653/3656/1626 2612/3927/1816 2611/3928/1814
f 2653/3656/1626 2654/3658/1628 2610/3929/1627 2612/3927/1816
f 2659/3659/1629 2660/3662/1631 2607/3930/1817 2605/3931/5
f 2660/3662/1631 2661/3664/1633 2608/3932/1818 2607/3930/1817
f 2661/3664/1633 2662/3665/1634 2606/3771/1693 2608/3932/1818
f 2520/3807/1725 2701/3933/1819 2700/3667/1636 2658/3666/1635
f 2657/3669/1638 2524/3808/1726 2520/3807/1725 2658/3666/1635
f 2656/3670/1639 2529/3821/1736 2524/3808/1726 2657/3669/1638
f 2614/3934/1820 2613/3804/1724 2562/3863/1767 2572/3864/1768
f 2532/3770/1692 2535/3825/1739 2608/3932/1818 2606/3771/1693
f 2535/3825/1739 2539/3827/1741 2607/3930/1817 2608/3932/1818
f 2539/3827/1741 2533/3935/1742 2605/3931/5 2607/3930/1817
f 2694/3936/1821 2698/3937/1822 2612/3927/1816 2610/3929/1627
f 2698/3937/1822 2554/3938/1747 2611/3928/1814 2612/3927/1816
f 2554/3837/1747 2549/3785/1707 2609/3926/1815 2611/3925/1814
f 2617/3939/1643 2616/3940/4 2618/3941/4 2619/3942/4 2615/3943/4 2511/3944/1644
f 2621/3945/1823 2595/3905/1742 2597/3904/1796 2624/3946/1824
f 2624/3946/1824 2597/3904/1796 2598/3907/1798 2623/3947/1825
f 2620/3948/1648 2617/3939/1643 2511/3944/1644 2510/3949/1649
f 2623/3947/1825 2598/3907/1798 2596/3802/1722 2622/3801/1721
f 2621/3950/2 2624/3951/2 2623/3952/2 2622/3953/2 2620/3948/1648 2510/3949/1649
f 2632/3954/1650 2629/3763/1479 2506/3762/1476 2502/3955/1651
f 2631/3760/1474 2633/3956/1652 2634/3957/1652 2635/3958/1652 2505/3761/1473
f 2636/3959/1826 2533/3828/1742 2538/3831/1743 2638/3960/1827
f 2636/3961/1655 2638/3962/1655 2637/3963/1655 2632/3954/1650 2502/3955/1651
f 2627/3756/1470 2630/3759/1475 2509/3758/1472 2508/3757/1469
f 2638/3960/1827 2538/3831/1743 2542/3833/1745 2637/3964/1828
f 2626/3764/1478 2625/3965/1658 2503/3966/1657 2507/3765/1477
f 2637/3964/1828 2542/3833/1745 2534/3796/1718 2632/3795/1717
f 2625/3965/1658 2628/3755/1471 2504/3754/1468 2503/3966/1657
f 2648/3704/1659 2685/3967/1829 2680/3968/1830 2649/3705/1660
f 2613/3804/1724 2614/3934/1820 2648/3708/1659 2647/3519/1520
f 2516/3772/1694 2643/3710/1664 2644/3709/1663 2517/3799/1720
f 2606/3771/1693 2662/3665/1634 2643/3710/1664 2516/3772/1694
f 2515/3782/1704 2639/3527/1527 2651/3649/1621 2609/3926/1815
f 2644/3709/1663 2689/3522/1523 2684/3806/1523
f 2665/3776/1698 2600/3912/1802 2557/3843/1751 2550/3777/1699
f 2668/3969/1831 2588/3797/1719 2583/3893/1789 2670/3970/1832
f 2669/3971/1833 2675/3972/1834 2673/3973/1835 2667/3915/1804
f 2663/3790/1712 2596/3802/1722 2591/3908/1799 2668/3969/1831
f 2583/3893/1789 2674/3897/1791 2677/3974/1836
f 2512/3787/1709 2691/3882/1781 2672/3779/1701 2519/3778/1700
f 2676/3916/1805 2604/3913/1803 2667/3915/1804 2673/3973/1835
f 2682/3898/1792 2650/3619/1595 2649/3705/1660 2680/3968/1830
f 2614/3975/1820 2681/3976/1837 2685/3967/1829 2648/3704/1659
f 2681/3976/1837 2614/3975/1820 2572/3865/1768 2564/3846/1754
f 2517/3799/1720 2686/3977/1838 2688/3792/1714 2584/3791/1713
f 2517/3799/1720 2644/3709/1663 2684/3806/1523 2683/3978/1523
f 2686/3977/1838 2517/3799/1720 2683/3978/1523
f 2514/3803/1723 2690/3881/1780 2562/3863/1767 2613/3804/1724
f 2514/3803/1723 2672/3779/1701 2691/3882/1781 2690/3881/1780
f 2671/3489/1493 2672/3779/1701 2514/3803/1723 2640/3518/1519
f 2670/3970/1832 2679/3979/1839 2675/3972/1834 2669/3971/1833
f 2583/3893/1789 2677/3974/1836 2678/3980/1840 2670/3970/1832
f 2678/3980/1840 2679/3979/1839 2670/3970/1832
f 2693/3768/1690 2545/3767/1689 2548/3873/1772 2697/3981/1841
f 2575/3766/1688 2696/3769/1691 2695/3798/1515
f 2522/3982/1735 2529/3821/1736 2656/3670/1639 2655/3729/1677
f 2699/3983/1678 2580/3889/1786 2575/3766/1688 2642/3510/1514
f 2698/3937/1822 2548/3873/1772 2552/3870/1770 2551/3984/1842
f 2551/3984/1842 2558/3985/1750 2555/3986/1748
f 2551/3984/1842 2555/3986/1748 2554/3938/1747 2698/3937/1822
f 2697/3981/1841 2548/3873/1772 2698/3937/1822 2694/3936/1821
f 2552/3870/1770 2556/3869/1752 2558/3985/1750 2551/3984/1842
f 2512/3787/1709 2602/3788/1710 2561/3857/1763 2691/3882/1781
f 2609/3926/1815 2549/3785/1707 2515/3782/1704
f 2626/3987/1716 2629/3794/1716 2588/3797/1719
f 2625/3988/1716 2626/3987/1716 2588/3797/1719
f 2628/3989/1716 2625/3988/1716 2588/3797/1719 2668/3969/1831
f 2627/3990/1716 2628/3989/1716 2668/3969/1831
f 2631/3922/1811 2630/3991/1716 2591/3908/1799
f 2579/3789/1711 2617/3992/1716 2620/3800/1716 2663/3790/1712
f 2521/3813/1731 2616/3918/1807 2617/3992/1716 2579/3789/1711
f 2630/3991/1716 2627/3990/1716 2668/3969/1831
f 2591/3908/1799 2630/3991/1716 2668/3969/1831
f 2699/3993/1843 2703/3994/1844 2705/3995/1845 2702/3996/1846
f 2699/3983/1678 2702/3997/1684 2580/3889/1786
f 2580/3889/1786 2702/3997/1684 2701/3933/1819 2520/3807/1725
f 2703/3998/1847 2704/3749/1686 2700/3748/1636 2701/3999/1819 2705/4000/1847
f 2702/3996/1846 2705/3995/1845 2701/4001/3
f 2641/3751/5 2704/3752/5 2703/3994/1844 2699/3993/1843
f 2706/3874/1773 2707/4002/1848 2711/3880/1779 2710/3875/1774
f 2710/3875/1774 2711/3880/1779 2713/3879/1778 2712/3877/1776
f 2712/3895/1776 2713/3901/1778 2708/3900/1793 2709/3896/1790
f 2714/3525/1525 2715/3620/1596 2716/3899/1597 2717/3805/1524
f 2559/3845/1753 2563/3848/1756 2711/3880/1779 2707/4002/1848
f 2663/3790/1712 2668/3969/1831 2670/3970/1832 2664/3781/1703
f 2664/3781/1703 2670/3970/1832 2669/3971/1833 2666/3775/1697
f 2666/3775/1697 2669/3971/1833 2667/3915/1804 2665/3776/1698
f 2566/3854/1760 2570/3856/1762 2603/3914/1801 2676/3916/1805
f 2375/3573/1563 2466/3640/1612 2412/3635/1606 2379/3576/1564
f 2453/3639/1611 2452/3711/1665 2409/3637/1609
f 2409/3637/1609 2452/3711/1665 2366/3562/1553
f 2641/4003/1849 2642/3510/1514 2487/3730/1678
f 2641/4003/1849 2699/3983/1678 2642/3510/1514
f 2720/4004/1850 2844/4005/1851 2843/4006/1852 2724/4007/1853
f 2725/4008/1854 2846/4009/1855 2847/4010/1856 2721/4011/1857
f 2722/4012/1858 2845/4013/1859 2842/4014/1860 2723/4015/1861
f 2791/4016/1862 2761/4017/1863 2888/4018/1864 2891/4019/1865
f 2748/4020/1866 2822/4021/1867 2732/4022/1868 2803/4023/1869
f 2760/4024/1870 2858/4025/1871 2857/4026/1872 2766/4027/1873
f 3051/4028/1874 2735/4029/1875 2869/4030/1876 3076/4031/1877
f 2792/4032/1878 2856/4033/1879 2858/4025/1871 2760/4024/1870
f 2731/4034/1880 2729/4035/1881 2734/4036/1882
f 2765/4037/1883 2815/4038/1884 2729/4035/1881 2731/4034/1880
f 2728/4039/1885 2729/4035/1881 2815/4038/1884 2818/4040/1886
f 2792/4032/1878 2795/4041/1887 2855/4042/1888 2856/4033/1879
f 2800/4043/1889 2885/4044/1890 2884/4045/1891
f 2845/4046/1892 2848/4047/1893 2750/4048/1894 2804/4049/1895
f 3047/4050/1896 2791/4016/1862 2890/4051/1897 3097/4052/1898
f 2800/4043/1889 2803/4023/1869 2732/4022/1868 2733/4053/1899
f 2836/4054/1900 2838/4055/1901 2812/4056/1902 2865/4057/1903
f 2735/4029/1875 2734/4036/1882 2729/4035/1881 2728/4039/1885
f 3045/4058/1904 2730/4059/1905 2829/4060/1906 3052/4061/1907
f 3094/4062/1908 3116/4063/1909 2906/4064/1910 2881/4065/1911
f 3050/4066/1912 2734/4036/1882 2735/4029/1875 3051/4028/1874
f 3044/4067/1913 2731/4034/1880 2734/4036/1882 3050/4066/1912
f 2736/4068/1914 2740/4069/1915 2741/4070/1916 2739/4071/1917
f 2739/4071/1917 2741/4070/1916 2744/4072/1918 2743/4073/1919
f 2737/4074/1920 2743/4075/1919 2744/4076/1918 2742/4077/1921
f 2742/4077/1921 2744/4076/1918 2747/4078/1922 2746/4079/1923
f 2738/4080/1924 2746/4079/1923 2747/4078/1922 2745/4081/1925
f 2745/4082/1925 2747/4083/1922 2741/4070/1916 2740/4069/1915
f 2741/4070/1916 2747/4083/1922 2744/4072/1918
f 2748/4020/1866 2752/4084/1926 2753/4085/1927 2751/4086/1928
f 2751/4086/1928 2753/4085/1927 2756/4087/1929 2755/4088/1930
f 2749/4089/1931 2755/4090/1930 2756/4091/1929 2754/4092/1932
f 2754/4092/1932 2756/4091/1929 2759/4093/1933 2758/4094/1934
f 2750/4048/1894 2758/4094/1934 2759/4093/1933 2757/4095/1935
f 2757/4096/1935 2759/4097/1933 2753/4085/1927 2752/4084/1926
f 2753/4085/1927 2759/4097/1933 2756/4087/1929
f 2765/4037/1883 2770/4098/1936 2771/4099/1937 2769/4100/1938
f 2769/4101/1938 2771/4102/1937 2774/4103/1939 2773/4104/1940
f 2766/4027/1873 2773/4104/1940 2774/4103/1939 2772/4105/1941
f 2775/4106/1942 2780/4107/1943 2781/4108/1944 2779/4109/1945
f 2779/4109/1945 2781/4108/1944 2784/4110/1946 2783/4111/1947
f 2776/4112/1948 2783/4113/1947 2784/4114/1946 2782/4115/1949
f 2782/4115/1949 2784/4114/1946 2787/4116/1950 2786/4117/1951
f 2777/4118/1952 2786/4119/1951 2787/4120/1950 2785/4121/1953
f 2785/4121/1953 2787/4120/1950 2790/4122/1954 2789/4123/1955
f 2778/4124/1956 2789/4123/1955 2790/4122/1954 2788/4125/1957
f 2788/4126/1957 2790/4127/1954 2781/4108/1944 2780/4107/1943
f 2781/4108/1944 2790/4127/1954 2787/4128/1950 2784/4110/1946
f 2766/4027/1873 2772/4105/1941 2762/4129/1958 2760/4024/1870
f 2772/4130/1941 2768/4131/1959 2763/4132/1960 2762/4133/1958
f 2768/4131/1959 2764/4134/1961 2761/4017/1863 2763/4132/1960
f 2897/4135/1962 2901/4136/1963 2802/4137/1964 2800/4043/1889 2884/4045/1891
f 2901/4136/1963 2903/4138/1965 2801/4139/1966 2802/4137/1964
f 2779/4109/1945 2783/4111/1947 2904/4140/1967 2902/4141/1968
f 2778/4124/1956 2886/4142/1969 2789/4123/1955
f 2886/4142/1969 2887/4143/1970 2785/4121/1953 2789/4123/1955
f 2887/4143/1970 2777/4118/1952 2785/4121/1953
f 2792/4032/1878 2794/4144/1971 2797/4145/1972 2795/4041/1887
f 2794/4146/1971 2793/4147/1973 2798/4148/1974 2797/4149/1972
f 2793/4147/1973 2791/4016/1862 2796/4150/1975 2798/4148/1974
f 2800/4043/1889 2802/4137/1964 2805/4151/1976 2803/4023/1869
f 2802/4137/1964 2801/4139/1966 2806/4152/1977 2805/4151/1976
f 2801/4153/1966 2799/4154/1978 2804/4049/1895 2806/4155/1977
f 2736/4068/1914 2739/4071/1917 2798/4148/1974 2796/4150/1975
f 2739/4071/1917 2743/4073/1919 2797/4149/1972 2798/4148/1974
f 2743/4075/1919 2737/4074/1920 2795/4041/1887 2797/4145/1972
f 2803/4023/1869 2805/4151/1976 2752/4084/1926 2748/4020/1866
f 2805/4151/1976 2806/4152/1977 2757/4096/1935 2752/4084/1926
f 2806/4155/1977 2804/4049/1895 2750/4048/1894 2757/4095/1935
f 2791/4016/1862 2793/4147/1973 2763/4132/1960 2761/4017/1863
f 2793/4147/1973 2794/4146/1971 2762/4133/1958 2763/4132/1960
f 2794/4144/1971 2792/4032/1878 2760/4024/1870 2762/4129/1958
f 2903/4156/1965 2900/4157/1979 2871/4158/1980 2799/4154/1978 2801/4153/1966
f 3055/4159/1981 2879/4160/1982 2905/4161/1983 3117/4162/1984
f 2783/4113/1947 2776/4112/1948 2899/4163/1985 2904/4164/1967
f 2808/4165/1986 2810/4166/1987 2813/4167/1988 2811/4168/1989
f 2810/4166/1987 2809/4169/1990 2814/4170/1991 2813/4167/1988
f 2809/4169/1990 2807/4171/1992 2812/4056/1902 2814/4170/1991
f 2815/4038/1884 2817/4172/1993 2819/4173/1994 2818/4040/1886
f 2817/4174/1993 2816/4175/1995 2820/4176/1996 2819/4177/1994
f 2816/4175/1995 2860/4178/1997 2861/4179/1998 2820/4176/1996
f 2816/4175/1995 2817/4174/1993 2769/4101/1938 2773/4104/1940
f 2817/4172/1993 2815/4038/1884 2765/4037/1883 2769/4100/1938
f 2873/4180/1999 2819/4177/1994 2820/4176/1996
f 2786/4119/1951 2777/4118/1952 2818/4040/1886 2819/4173/1994
f 2737/4074/1920 2742/4077/1921 2834/4181/2000 2832/4182/2001
f 2742/4077/1921 2746/4079/1923 2835/4183/2002 2834/4181/2000
f 2746/4079/1923 2738/4080/1924 2831/4184/2003 2835/4183/2002
f 2807/4171/1992 2809/4169/1990 2849/4185/2004 2847/4186/2005
f 2809/4169/1990 2810/4166/1987 2850/4187/2006 2849/4185/2004
f 2810/4166/1987 2808/4165/1986 2851/4188/2007 2850/4187/2006
f 3056/4189/2008 3057/4190/2009 2827/4191/2010 2825/4192/2011
f 3057/4193/2009 3058/4194/2012 2828/4195/2013 2827/4196/2010
f 3058/4194/2012 3059/4197/2014 2826/4198/2015 2828/4195/2013
f 3064/4199/2016 3065/4200/2017 2823/4201/2018 2821/4202/2019
f 3065/4200/2017 3066/4203/2020 2824/4204/2021 2823/4201/2018
f 3066/4203/2020 3067/4205/2022 2822/4021/1867 2824/4204/2021
f 2736/4068/1914 2895/4206/2023 3105/4207/2024 3063/4208/2025
f 3062/4209/2026 2740/4069/1915 2736/4068/1914 3063/4208/2025
f 3061/4210/2027 2745/4082/1925 2740/4069/1915 3062/4209/2026
f 2830/4211/2028 2829/4060/1906 2778/4124/1956 2788/4125/1957
f 2748/4020/1866 2751/4086/1928 2824/4204/2021 2822/4021/1867
f 2751/4086/1928 2755/4088/1930 2823/4201/2018 2824/4204/2021
f 2755/4088/1930 2749/4212/1931 2821/4202/2019 2823/4201/2018
f 2889/4213/2029 2893/4214/2030 2828/4195/2013 2826/4198/2015
f 2893/4214/2030 2770/4215/1936 2827/4196/2010 2828/4195/2013
f 2770/4098/1936 2765/4037/1883 2825/4192/2011 2827/4191/2010
f 2833/4216/2031 2832/4217/2032 2834/4218/2032 2835/4219/2032 2831/4220/2032 2727/4221/2033
f 2837/4222/2034 2811/4168/1989 2813/4167/1988 2840/4223/2035
f 2840/4223/2035 2813/4167/1988 2814/4170/1991 2839/4224/2036
f 2836/4225/2037 2833/4216/2031 2727/4221/2033 2726/4226/2038
f 2839/4224/2036 2814/4170/1991 2812/4056/1902 2838/4055/1901
f 2837/4227/2039 2840/4228/2039 2839/4229/2039 2838/4230/2039 2836/4225/2037 2726/4226/2038
f 2848/4231/2040 2845/4013/1859 2722/4012/1858 2718/4232/2041
f 2847/4010/1856 2849/4233/2042 2850/4234/2042 2851/4235/2042 2721/4011/1857
f 2852/4236/2043 2749/4089/1931 2754/4092/1932 2854/4237/2044
f 2852/4238/2045 2854/4239/2045 2853/4240/2045 2848/4231/2040 2718/4232/2041
f 2843/4006/1852 2846/4009/1855 2725/4008/1854 2724/4007/1853
f 2854/4237/2044 2754/4092/1932 2758/4094/1934 2853/4241/2046
f 2842/4014/1860 2841/4242/2047 2719/4243/2048 2723/4015/1861
f 2853/4241/2046 2758/4094/1934 2750/4048/1894 2848/4047/1893
f 2841/4242/2047 2844/4005/1851 2720/4004/1850 2719/4243/2048
f 3053/4244/2049 2882/4245/2050 2877/4246/2051 3054/4247/2052
f 2829/4060/1906 2830/4211/2028 3053/4248/2049 3052/4061/1907
f 2732/4022/1868 3048/4249/2053 3049/4250/2054 2733/4053/1899
f 2822/4021/1867 3067/4205/2022 3048/4249/2053 2732/4022/1868
f 2731/4034/1880 3044/4067/1913 3056/4189/2008 2825/4192/2011
f 3049/4250/2054 3094/4062/1908 2881/4065/1911
f 2859/4251/2055 2773/4104/1940 2766/4027/1873 2857/4026/1872
f 2864/4252/2056 2804/4049/1895 2799/4154/1978 2868/4253/2057
f 2866/4254/2058 2872/4255/2059 2870/4256/2060 2867/4257/2061
f 2865/4057/1903 2812/4056/1902 2807/4171/1992 2863/4258/2062
f 2799/4154/1978 2871/4158/1980 2874/4259/2063
f 2728/4039/1885 2887/4143/1970 2869/4030/1876 2735/4029/1875
f 2873/4180/1999 2862/4260/2064 2867/4257/2061 2870/4256/2060
f 2879/4160/1982 3055/4159/1981 3054/4247/2052 2877/4246/2051
f 2830/4261/2028 2878/4262/2065 2882/4245/2050 3053/4244/2049
f 2878/4262/2065 2830/4261/2028 2788/4126/1957 2780/4107/1943
f 2733/4053/1899 2883/4263/2066 2885/4044/1890 2800/4043/1889
f 2733/4053/1899 3049/4250/2054 2881/4065/1911 2880/4264/2067
f 2883/4263/2066 2733/4053/1899 2880/4264/2067
f 2730/4059/1905 2886/4142/1969 2778/4124/1956 2829/4060/1906
f 2730/4059/1905 2869/4030/1876 2887/4143/1970 2886/4142/1969
f 3076/4031/1877 2869/4030/1876 2730/4059/1905 3045/4058/1904
f 2868/4253/2057 2876/4265/2068 2872/4255/2059 2866/4254/2058
f 2799/4154/1978 2874/4259/2063 2875/4266/2069 2868/4253/2057
f 2875/4266/2069 2876/4265/2068 2868/4253/2057
f 2820/4176/1996 2862/4260/2064 2873/4180/1999
f 2861/4179/1998 2862/4260/2064 2820/4176/1996
f 2888/4018/1864 2761/4017/1863 2764/4134/1961 2892/4267/2070
f 2791/4016/1862 2891/4019/1865 2890/4051/1897
f 2738/4268/1924 2745/4082/1925 3061/4210/2027 3060/4269/2071
f 2894/4270/2072 2796/4150/1975 2791/4016/1862
f 2893/4214/2030 2764/4134/1961 2768/4131/1959 2767/4271/2073
f 2767/4271/2073 2774/4272/1939 2771/4273/1937
f 2767/4271/2073 2771/4273/1937 2770/4215/1936 2893/4214/2030
f 2892/4267/2070 2764/4134/1961 2893/4214/2030 2889/4213/2029
f 2768/4131/1959 2772/4130/1941 2774/4272/1939 2767/4271/2073
f 2728/4039/1885 2818/4040/1886 2777/4118/1952 2887/4143/1970
f 2825/4192/2011 2765/4037/1883 2731/4034/1880
f 2842/4274/2074 2845/4046/1892 2804/4049/1895
f 2841/4275/2075 2842/4274/2074 2804/4049/1895
f 2844/4276/2076 2841/4275/2075 2804/4049/1895 2864/4252/2056
f 2843/4277/2077 2844/4276/2076 2863/4258/2062
f 2847/4186/2005 2846/4278/2078 2807/4171/1992
f 2795/4041/1887 2833/4279/2079 2836/4054/1900 2865/4057/1903 2855/4042/1888
f 2737/4074/1920 2832/4182/2001 2833/4279/2079 2795/4041/1887
f 2846/4278/2078 2843/4277/2077 2863/4258/2062
f 2863/4258/2062 2844/4276/2076 2864/4252/2056
f 2807/4171/1992 2846/4278/2078 2863/4258/2062
f 3047/4050/1896 2894/4270/2072 2791/4016/1862
f 2894/4270/2072 2896/4280/2080 2796/4150/1975
f 2796/4150/1975 2896/4280/2080 2895/4206/2023 2736/4068/1914
f 2894/4270/2081 3046/4281/2082 3105/4207/2024 2895/4206/2023 2896/4280/2081
f 2985/4282/2083 3104/4283/2084 2980/4284/2085
f 2897/4135/1962 2898/4285/2086 2902/4141/1968 2901/4136/1963
f 2901/4136/1963 2902/4141/1968 2904/4140/1967 2903/4138/1965
f 2903/4156/1965 2904/4164/1967 2899/4163/1985 2900/4157/1979
f 3116/4063/1909 3117/4162/1984 2905/4161/1983 2906/4064/1910
f 2775/4106/1942 2779/4109/1945 2902/4141/1968 2898/4285/2086
f 2909/4286/2087 2913/4287/2088 3032/4288/2089 3033/4289/2090
f 2914/4290/2091 2910/4291/2092 3036/4292/2093 3035/4293/2094
f 2911/4294/2095 2912/4295/2096 3031/4296/2097 3034/4297/2098
f 2980/4284/2085 3101/4298/2099 3098/4299/2100 2950/4300/2101
f 2937/4301/2102 2992/4302/2103 2921/4303/2104 3011/4304/2105
f 2949/4305/2106 2955/4306/2107 3070/4307/2108 3071/4308/2109
f 3051/4028/1874 3076/4031/1877 3077/4309/2110 2924/4310/2111
f 2981/4311/2112 2949/4305/2106 3071/4308/2109 3069/4312/2113
f 2920/4313/2114 2923/4314/2115 2918/4315/2116
f 2954/4316/2117 2920/4313/2114 2918/4315/2116 3004/4317/2118
f 2917/4318/2119 3007/4319/2120 3004/4317/2118 2918/4315/2116
f 2981/4311/2112 3069/4312/2113 3068/4320/2121 2984/4321/2122
f 2989/4322/2123 3092/4323/2124 3093/4324/2125
f 3034/4325/2126 2993/4326/2127 2939/4327/2128 3037/4328/2129
f 3047/4050/1896 3097/4052/1898 3100/4329/2130 2980/4284/2085
f 2989/4322/2123 2922/4330/2131 2921/4303/2104 2992/4302/2103
f 3025/4331/2132 3068/4320/2121 3001/4332/2133 3027/4333/2134
f 2924/4310/2111 2917/4318/2119 2918/4315/2116 2923/4314/2115
f 3045/4058/1904 3052/4061/1907 3018/4334/2135 2919/4335/2136
f 3094/4062/1908 3089/4336/2137 3119/4337/1910 3116/4063/1909
f 3050/4066/1912 3051/4028/1874 2924/4310/2111 2923/4314/2115
f 3044/4067/1913 3050/4066/1912 2923/4314/2115 2920/4313/2114
f 2925/4338/2138 2928/4339/2139 2930/4340/2140 2929/4341/2141
f 2928/4339/2139 2932/4342/2142 2933/4343/2143 2930/4340/2140
f 2926/4344/2144 2931/4345/2145 2933/4346/2143 2932/4347/2142
f 2931/4345/2145 2935/4348/2146 2936/4349/2147 2933/4346/2143
f 2927/4350/2148 2934/4351/2149 2936/4349/2147 2935/4348/2146
f 2934/4352/2149 2929/4341/2141 2930/4340/2140 2936/4353/2147
f 2930/4340/2140 2933/4343/2143 2936/4353/2147
f 2937/4301/2102 2940/4354/2150 2942/4355/2151 2941/4356/2152
f 2940/4354/2150 2944/4357/2153 2945/4358/2154 2942/4355/2151
f 2938/4359/2155 2943/4360/2156 2945/4361/2154 2944/4362/2153
f 2943/4360/2156 2947/4363/2157 2948/4364/2158 2945/4361/2154
f 2939/4327/2128 2946/4365/2159 2948/4364/2158 2947/4363/2157
f 2946/4366/2159 2941/4356/2152 2942/4355/2151 2948/4367/2158
f 2942/4355/2151 2945/4358/2154 2948/4367/2158
f 2954/4316/2117 2958/4368/2160 2960/4369/2161 2959/4370/2162
f 2958/4371/2160 2962/4372/2163 2963/4373/2164 2960/4374/2161
f 2955/4306/2107 2961/4375/2165 2963/4373/2164 2962/4372/2163
f 2964/4376/2166 2968/4377/2167 2970/4378/2168 2969/4379/2169
f 2968/4377/2167 2972/4380/2170 2973/4381/2171 2970/4378/2168
f 2965/4382/2172 2971/4383/2173 2973/4384/2171 2972/4385/2170
f 2971/4383/2173 2975/4386/2174 2976/4387/2175 2973/4384/2171
f 2966/4388/2176 2974/4389/2177 2976/4390/2175 2975/4391/2174
f 2974/4389/2177 2978/4392/2178 2979/4393/2179 2976/4390/2175
f 2967/4394/2180 2977/4395/2181 2979/4393/2179 2978/4392/2178
f 2977/4396/2181 2969/4379/2169 2970/4378/2168 2979/4397/2179
f 2970/4378/2168 2973/4381/2171 2976/4398/2175 2979/4397/2179
f 2955/4306/2107 2949/4305/2106 2951/4399/2182 2961/4375/2165
f 2961/4400/2165 2951/4401/2182 2952/4402/2183 2957/4403/2184
f 2957/4403/2184 2952/4402/2183 2950/4300/2101 2953/4404/2185
f 3108/4405/2186 3092/4323/2124 2989/4322/2123 2991/4406/2187 3112/4407/2188
f 3112/4407/2188 2991/4406/2187 2990/4408/2189 3114/4409/2190
f 2968/4377/2167 3113/4410/2191 3115/4411/2192 2972/4380/2170
f 2967/4394/2180 2978/4392/2178 3095/4412/2193
f 3095/4412/2193 2978/4392/2178 2974/4389/2177 3096/4413/2194
f 3096/4413/2194 2974/4389/2177 2966/4388/2176
f 2981/4311/2112 2984/4321/2122 2986/4414/2195 2983/4415/2196
f 2983/4416/2196 2986/4417/2195 2987/4418/2197 2982/4419/2198
f 2982/4419/2198 2987/4418/2197 2985/4282/2083 2980/4284/2085
f 2989/4322/2123 2992/4302/2103 2994/4420/2199 2991/4406/2187
f 2991/4406/2187 2994/4420/2199 2995/4421/2200 2990/4408/2189
f 2990/4422/2189 2995/4423/2200 2993/4326/2127 2988/4424/2201
f 2925/4338/2138 2985/4282/2083 2987/4418/2197 2928/4339/2139
f 2928/4339/2139 2987/4418/2197 2986/4417/2195 2932/4342/2142
f 2932/4347/2142 2986/4414/2195 2984/4321/2122 2926/4344/2144
f 2992/4302/2103 2937/4301/2102 2941/4356/2152 2994/4420/2199
f 2994/4420/2199 2941/4356/2152 2946/4366/2159 2995/4421/2200
f 2995/4423/2200 2946/4365/2159 2939/4327/2128 2993/4326/2127
f 2980/4284/2085 2950/4300/2101 2952/4402/2183 2982/4419/2198
f 2982/4419/2198 2952/4402/2183 2951/4401/2182 2983/4416/2196
f 2983/4415/2196 2951/4399/2182 2949/4305/2106 2981/4311/2112
f 3114/4425/2190 2990/4422/2189 2988/4424/2201 3079/4426/2202 3111/4427/2203
f 3055/4159/1981 3117/4162/1984 3118/4428/2204 3087/4429/2205
f 2972/4385/2170 3115/4430/2192 3110/4431/2206 2965/4382/2172
f 2997/4432/2207 3000/4433/2208 3002/4434/2209 2999/4435/2210
f 2999/4435/2210 3002/4434/2209 3003/4436/2211 2998/4437/2212
f 2998/4437/2212 3003/4436/2211 3001/4332/2133 2996/4438/2213
f 3004/4317/2118 3007/4319/2120 3008/4439/2214 3006/4440/2215
f 3006/4441/2215 3008/4442/2214 3009/4443/2216 3005/4444/2217
f 3005/4444/2217 3009/4443/2216 3072/4445/2218 3070/4307/2108
f 3005/4444/2217 2962/4372/2163 2958/4371/2160 3006/4441/2215
f 3006/4440/2215 2958/4368/2160 2954/4316/2117 3004/4317/2118
f 3081/4446/2219 3009/4443/2216 3008/4442/2214
f 2975/4391/2174 3008/4439/2214 3007/4319/2120 2966/4388/2176
f 2926/4344/2144 3021/4447/2220 3023/4448/2221 2931/4345/2145
f 2931/4345/2145 3023/4448/2221 3024/4449/2222 2935/4348/2146
f 2935/4348/2146 3024/4449/2222 3020/4450/2223 2927/4350/2148
f 2996/4438/2213 3036/4451/2224 3038/4452/2225 2998/4437/2212
f 2998/4437/2212 3038/4452/2225 3039/4453/2226 2999/4435/2210
f 2999/4435/2210 3039/4453/2226 3040/4454/2227 2997/4432/2207
f 3056/4189/2008 3014/4455/2228 3016/4456/2229 3057/4190/2009
f 3057/4193/2009 3016/4457/2229 3017/4458/2230 3058/4194/2012
f 3058/4194/2012 3017/4458/2230 3015/4459/2231 3059/4197/2014
f 3064/4199/2016 3010/4460/2232 3012/4461/2233 3065/4200/2017
f 3065/4200/2017 3012/4461/2233 3013/4462/2234 3066/4203/2020
f 3066/4203/2020 3013/4462/2234 3011/4304/2105 3067/4205/2022
f 2925/4338/2138 3063/4208/2025 3105/4207/2024 3106/4463/2235
f 3062/4209/2026 3063/4208/2025 2925/4338/2138 2929/4341/2141
f 3061/4210/2027 3062/4209/2026 2929/4341/2141 2934/4352/2149
f 3019/4464/2236 2977/4395/2181 2967/4394/2180 3018/4334/2135
f 2937/4301/2102 3011/4304/2105 3013/4462/2234 2940/4354/2150
f 2940/4354/2150 3013/4462/2234 3012/4461/2233 2944/4357/2153
f 2944/4357/2153 3012/4461/2233 3010/4460/2232 2938/4465/2155
f 3099/4466/2237 3015/4459/2231 3017/4458/2230 3103/4467/2238
f 3103/4467/2238 3017/4458/2230 3016/4457/2229 2959/4468/2162
f 2959/4370/2162 3016/4456/2229 3014/4455/2228 2954/4316/2117
f 3022/4469/2239 2916/4470/2240 3020/4471/2241 3024/4472/2241 3023/4473/2241 3021/4474/2241
f 3026/4475/2242 3029/4476/2243 3002/4434/2209 3000/4433/2208
f 3029/4476/2243 3028/4477/2244 3003/4436/2211 3002/4434/2209
f 3025/4478/2245 2915/4479/2246 2916/4470/2240 3022/4469/2239
f 3028/4477/2244 3027/4333/2134 3001/4332/2133 3003/4436/2211
f 3026/4480/2247 2915/4479/2246 3025/4478/2245 3027/4481/2247 3028/4482/2247 3029/4483/2247
f 3037/4484/2248 2907/4485/2249 2911/4294/2095 3034/4297/2098
f 3036/4292/2093 2910/4291/2092 3040/4486/2250 3039/4487/2250 3038/4488/2250
f 3041/4489/2251 3043/4490/2252 2943/4360/2156 2938/4359/2155
f 3041/4491/2253 2907/4485/2249 3037/4484/2248 3042/4492/2253 3043/4493/2253
f 3032/4288/2089 2913/4287/2088 2914/4290/2091 3035/4293/2094
f 3043/4490/2252 3042/4494/2254 2947/4363/2157 2943/4360/2156
f 3031/4296/2097 2912/4295/2096 2908/4495/2255 3030/4496/2256
f 3042/4494/2254 3037/4328/2129 2939/4327/2128 2947/4363/2157
f 3030/4496/2256 2908/4495/2255 2909/4286/2087 3033/4289/2090
f 3053/4244/2049 3054/4247/2052 3085/4497/2257 3090/4498/2258
f 3018/4334/2135 3052/4061/1907 3053/4248/2049 3019/4464/2236
f 2921/4303/2104 2922/4330/2131 3049/4250/2054 3048/4249/2053
f 3011/4304/2105 2921/4303/2104 3048/4249/2053 3067/4205/2022
f 2920/4313/2114 3014/4455/2228 3056/4189/2008 3044/4067/1913
f 3049/4250/2054 3089/4336/2137 3094/4062/1908
f 3070/4307/2108 2955/4306/2107 2962/4372/2163 3005/4444/2217
f 3073/4499/2259 3075/4500/2260 2988/4424/2201 2993/4326/2127
f 3074/4501/2261 3072/4445/2218 3078/4502/2262 3080/4503/2263
f 3068/4320/2121 3073/4499/2259 2996/4438/2213 3001/4332/2133
f 2988/4424/2201 3082/4504/2264 3079/4426/2202
f 2917/4318/2119 2924/4310/2111 3077/4309/2110 3096/4413/2194
f 3081/4446/2219 3078/4502/2262 3072/4445/2218 3009/4443/2216
f 3087/4429/2205 3085/4497/2257 3054/4247/2052 3055/4159/1981
f 3019/4505/2236 3053/4244/2049 3090/4498/2258 3086/4506/2265
f 3086/4506/2265 2969/4379/2169 2977/4396/2181 3019/4505/2236
f 2922/4330/2131 2989/4322/2123 3093/4324/2125 3091/4507/2266
f 2922/4330/2131 3088/4508/2267 3089/4336/2137 3049/4250/2054
f 3091/4507/2266 3088/4508/2267 2922/4330/2131
f 2919/4335/2136 3018/4334/2135 2967/4394/2180 3095/4412/2193
f 2919/4335/2136 3095/4412/2193 3096/4413/2194 3077/4309/2110
f 3076/4031/1877 3045/4058/1904 2919/4335/2136 3077/4309/2110
f 3075/4500/2260 3074/4501/2261 3080/4503/2263 3084/4509/2268
f 2988/4424/2201 3075/4500/2260 3083/4510/2269 3082/4504/2264
f 3083/4510/2269 3075/4500/2260 3084/4509/2268
f 3098/4299/2100 3102/4511/2270 2953/4404/2185 2950/4300/2101
f 2980/4284/2085 3100/4329/2130 3101/4298/2099
f 2927/4512/2148 3060/4269/2071 3061/4210/2027 2934/4352/2149
f 3104/4283/2084 3047/4050/1896 2980/4284/2085
f 3103/4467/2238 2956/4513/2271 2957/4403/2184 2953/4404/2185
f 2956/4513/2271 2960/4514/2161 2963/4515/2164
f 2956/4513/2271 3103/4467/2238 2959/4468/2162 2960/4514/2161
f 3102/4511/2270 3099/4466/2237 3103/4467/2238 2953/4404/2185
f 2957/4403/2184 2956/4513/2271 2963/4515/2164 2961/4400/2165
f 2917/4318/2119 3096/4413/2194 2966/4388/2176 3007/4319/2120
f 3014/4455/2228 2920/4313/2114 2954/4316/2117
f 3031/4516/2272 2993/4326/2127 3034/4325/2126
f 3030/4517/2273 2993/4326/2127 3031/4516/2272
f 3033/4518/2274 3073/4499/2259 2993/4326/2127 3030/4517/2273
f 3032/4519/2275 3073/4499/2259 3033/4518/2274
f 3036/4451/2224 2996/4438/2213 3035/4520/2276
f 2984/4321/2122 3068/4320/2121 3025/4331/2132 3022/4521/2277
f 2926/4344/2144 2984/4321/2122 3022/4521/2277 3021/4447/2220
f 3035/4520/2276 3073/4499/2259 3032/4519/2275
f 2996/4438/2213 3073/4499/2259 3035/4520/2276
f 3104/4283/2084 2985/4282/2083 3107/4522/2278
f 2985/4282/2083 2925/4338/2138 3106/4463/2235 3107/4522/2278
f 3104/4283/2279 3107/4522/2279 3106/4463/2235 3105/4207/2024 3046/4281/2082
f 3108/4405/2186 3112/4407/2188 3113/4410/2191 3109/4523/2280
f 3112/4407/2188 3114/4409/2190 3115/4411/2192 3113/4410/2191
f 3114/4425/2190 3111/4427/2203 3110/4431/2206 3115/4430/2192
f 3116/4063/1909 3119/4337/1910 3118/4428/2204 3117/4162/1984
f 2964/4376/2166 3109/4523/2280 3113/4410/2191 2968/4377/2167
f 3068/4320/2121 3069/4312/2113 3075/4500/2260 3073/4499/2259
f 3069/4312/2113 3071/4308/2109 3074/4501/2261 3075/4500/2260
f 3071/4308/2109 3070/4307/2108 3072/4445/2218 3074/4501/2261
f 2971/4383/2173 3081/4446/2219 3008/4442/2214 2975/4386/2174
f 2782/4115/1949 2786/4117/1951 2819/4177/1994 2873/4180/1999
f 2860/4178/1997 2816/4175/1995 2859/4251/2055
f 2816/4175/1995 2773/4104/1940 2859/4251/2055
f 3046/4281/2281 2894/4270/2072 3047/4050/1896
f 3046/4281/2281 3047/4050/1896 3104/4283/2084
f 2313/4524/1 2312/4525/1 2719/4526/1 2720/4527/1
f 2318/4528/1 2317/4529/1 2724/4530/1 2725/4531/1
f 2316/4532/1 2315/4533/1 2722/4534/1 2723/4535/1
f 2312/4525/1 2316/4532/1 2723/4535/1 2719/4526/1
f 2315/4533/1 2311/4536/2282 2718/4537/2283 2722/4534/1
f 2317/4529/1 2313/4524/1 2720/4527/1 2724/4530/1
f 2314/4538/2284 2318/4528/1 2725/4531/1 2721/4539/2285
f 2319/4540/2286 2430/4541/2287 2837/4542/2288 2726/4543/2289
f 2320/4544/2290 2319/4540/2286 2726/4543/2289 2727/4545/2291
f 2368/4546/2292 2373/4547/2293 2780/4548/2294 2775/4549/2295
f 2375/4550/2296 2369/4551/2297 2776/4552/2298 2782/4553/2299
f 2404/4554/2300 2401/4555/2301 2808/4556/2302 2811/4557/2303
f 2331/4558/2304 2424/4559/2305 2831/4560/2306 2738/4561/2307
f 2401/4555/2301 2444/4562/2308 2851/4563/2309 2808/4556/2302
f 2414/3660/2310 2659/3659/2311 3064/4564/2312 2821/4565/2313
f 2342/3672/2314 2414/3660/2310 2821/4565/2313 2749/4566/2315
f 2419/4567/2316 2482/4568/2317 2889/4569/2318 2826/4570/2319
f 2424/4559/2305 2320/4544/2290 2727/4545/2291 2831/4560/2306
f 2444/4562/2308 2314/4538/2284 2721/4539/2285 2851/4563/2309
f 2445/4571/2320 2342/4572/2314 2749/4573/2315 2852/4574/2321
f 2311/4536/2282 2445/4571/2320 2852/4574/2321 2718/4537/2283
f 2654/4575/2322 2419/4567/2316 2826/4570/2319 3059/4576/2323
f 2655/4577/2324 2331/4578/2304 2738/4579/2307 3060/4580/2325
f 2430/4541/2287 2404/4554/2300 2811/4557/2303 2837/4542/2288
f 2448/4581/2326 2449/4582/2327 2856/4583/2327 2855/4584/2328
f 2449/4582/2327 2451/4585/2329 2858/4586/2329 2856/4583/2327
f 2450/4587/2330 2452/4588/2331 2859/4589/2332 2857/4590/2333
f 2451/4585/2329 2450/4587/2330 2857/4590/2333 2858/4586/2329
f 2452/4588/2331 2453/4591/2334 2860/4592/2335 2859/4589/2332
f 2453/4591/2334 2454/4593/2336 2861/4594/2337 2860/4592/2335
f 2454/4593/2336 2455/4595/2338 2862/4596/2339 2861/4594/2337
f 2456/4597/2340 2458/4598/2341 2865/4599/2341 2863/4600/2340
f 2457/4601/2342 2456/4597/2340 2863/4600/2340 2864/4602/2343
f 2455/4603/2338 2460/4604/2344 2867/4605/2344 2862/4606/2339
f 2460/4604/2344 2459/4607/2 2866/4608/2 2867/4605/2344
f 2459/4607/2 2461/4609/2345 2868/4610/2345 2866/4608/2
f 2458/4598/2341 2448/4581/2326 2855/4584/2328 2865/4599/2341
f 2465/4611/2346 2463/4612/2347 2870/4613/2348 2872/4614/2346
f 2464/4615/2349 2467/4616/2350 2874/4617/2351 2871/4618/2352
f 2467/4619/2350 2468/4620/2353 2875/4621/2353 2874/4622/2351
f 2468/4620/2353 2469/4623/2354 2876/4624/2355 2875/4621/2353
f 2469/4623/2354 2465/4611/2346 2872/4614/2346 2876/4624/2355
f 2463/4612/2347 2466/4625/2356 2873/4626/2357 2870/4613/2348
f 2466/4625/2356 2375/4550/2296 2782/4553/2299 2873/4626/2357
f 2470/4627/2358 2472/4628/2359 2879/4629/2360 2877/4630/2361
f 2474/4631/2362 2473/4632/2363 2880/4633/2364 2881/4634/2365
f 2373/4547/2293 2471/4635/2366 2878/4636/2367 2780/4548/2294
f 2475/4637/2368 2470/4627/2358 2877/4630/2361 2882/4638/2369
f 2471/4635/2366 2475/4637/2368 2882/4638/2369 2878/4636/2367
f 2476/4639/2370 2478/4640/2371 2885/4641/2372 2883/4642/2370
f 2478/4643/2371 2477/4644/2373 2884/4645/2374 2885/4646/2372
f 2473/4632/2363 2476/4639/2370 2883/4642/2370 2880/4633/2364
f 2483/4647/2375 2692/4648/2376 3097/4649/2376 2890/4650/2375
f 2484/4651/2377 2483/4647/2375 2890/4650/2375 2891/4652/2378
f 2481/4653/2379 2484/4651/2377 2891/4652/2378 2888/4654/2380
f 2485/4655/2381 2481/4653/2379 2888/4654/2380 2892/4656/2382
f 2482/4568/2317 2485/4657/2381 2892/4658/2382 2889/4569/2318
f 2461/4609/2345 2457/4601/2342 2864/4602/2343 2868/4610/2345
f 2492/4659/2383 2493/4660/2384 2898/4661/2385 2897/4662/2383
f 2494/4663/2386 2495/4664/2387 2900/4665/2388 2899/4666/2389
f 2500/4667/2390 2501/4668/2391 2906/4669/2391 2905/4670/2390
f 2493/4660/2384 2368/4546/2292 2775/4549/2295 2898/4661/2385
f 2477/4644/2373 2492/4659/2383 2897/4662/2383 2884/4645/2374
f 2495/4664/2387 2464/4615/2349 2871/4618/2352 2900/4665/2388
f 2369/4551/2297 2494/4663/2386 2899/4666/2389 2776/4552/2298
f 2472/4628/2359 2500/4667/2390 2905/4670/2390 2879/4629/2360
f 2501/4668/2391 2474/4631/2362 2881/4634/2365 2906/4669/2391
f 2503/4671/3 2504/4672/3 2909/4673/3 2908/4674/3
f 2508/4675/3 2509/4676/3 2914/4677/3 2913/4678/3
f 2506/4679/3 2507/4680/3 2912/4681/3 2911/4682/3
f 2507/4680/3 2503/4671/3 2908/4674/3 2912/4681/3
f 2502/4683/2392 2506/4679/3 2911/4682/3 2907/4684/2393
f 2504/4672/3 2508/4675/3 2913/4678/3 2909/4673/3
f 2509/4676/3 2505/4685/2394 2910/4686/2395 2914/4677/3
f 2621/4687/2396 2510/4688/2397 2915/4689/2398 3026/4690/2399
f 2510/4688/2397 2511/4691/2400 2916/4692/2401 2915/4689/2398
f 2564/4693/2402 2559/4694/2403 2964/4695/2404 2969/4696/2405
f 2560/4697/2406 2566/4698/2407 2971/4699/2408 2965/4700/2409
f 2592/4701/2410 2595/4702/2411 3000/4703/2412 2997/4704/2413
f 2615/4705/2414 2522/4706/2415 2927/4707/2416 3020/4708/2417
f 2635/4709/2418 2592/4701/2410 2997/4704/2413 3040/4710/2419
f 2659/3659/2311 2605/3931/2420 3010/4711/2421 3064/4564/2312
f 2605/3931/2420 2533/3935/2422 2938/4712/2423 3010/4711/2421
f 2694/4713/2424 2610/4714/2425 3015/4715/2426 3099/4716/2427
f 2511/4691/2400 2615/4705/2414 3020/4708/2417 2916/4692/2401
f 2505/4685/2394 2635/4709/2418 3040/4710/2419 2910/4686/2395
f 2533/4717/2422 2636/4718/2428 3041/4719/2429 2938/4720/2423
f 2636/4718/2428 2502/4683/2392 2907/4684/2393 3041/4719/2429
f 2610/4714/2425 2654/4575/2322 3059/4576/2323 3015/4715/2426
f 2522/4721/2415 2655/4577/2324 3060/4580/2325 2927/4722/2416
f 2595/4702/2411 2621/4687/2396 3026/4690/2399 3000/4703/2412
f 2673/4723/2430 2675/4724/2431 3080/4725/2432 3078/4726/2433
f 2677/4727/2434 2674/4728/2435 3079/4729/2436 3082/4730/2437
f 2678/4731/2438 2677/4732/2434 3082/4733/2437 3083/4734/2439
f 2679/4735/2440 2678/4731/2438 3083/4734/2439 3084/4736/2441
f 2675/4724/2431 2679/4735/2440 3084/4736/2441 3080/4725/2432
f 2676/4737/2442 2673/4723/2430 3078/4726/2433 3081/4738/2443
f 2566/4698/2407 2676/4737/2442 3081/4738/2443 2971/4699/2408
f 2682/4739/2444 2680/4740/2445 3085/4741/2446 3087/4742/2447
f 2683/4743/2448 2684/4744/2449 3089/4745/2450 3088/4746/2451
f 2681/4747/2452 2564/4693/2402 2969/4696/2405 3086/4748/2453
f 2680/4740/2445 2685/4749/2454 3090/4750/2455 3085/4741/2446
f 2685/4749/2454 2681/4747/2452 3086/4748/2453 3090/4750/2455
f 2688/4751/2456 2686/4752/2457 3091/4753/2457 3093/4754/2458
f 2687/4755/2459 2688/4756/2456 3093/4757/2458 3092/4758/2460
f 2686/4752/2457 2683/4743/2448 3088/4746/2451 3091/4753/2457
f 2692/4648/2376 2695/4759/2461 3100/4760/2461 3097/4649/2376
f 2695/4759/2461 2696/4761/2462 3101/4762/2463 3100/4760/2461
f 2696/4761/2462 2693/4763/2464 3098/4764/2465 3101/4762/2463
f 2693/4763/2464 2697/4765/2466 3102/4766/2467 3098/4764/2465
f 2697/4765/2466 2694/4713/2424 3099/4716/2427 3102/4766/2467
f 2707/4767/2468 2706/4768/2469 3108/4769/2469 3109/4770/2470
f 2709/4771/2471 2708/4772/2472 3110/4773/2473 3111/4774/2474
f 2717/4775/2475 2716/4776/2476 3118/4777/2476 3119/4778/2475
f 2559/4694/2403 2707/4767/2468 3109/4770/2470 2964/4695/2404
f 2706/4768/2469 2687/4755/2459 3092/4758/2460 3108/4769/2469
f 2674/4728/2435 2709/4771/2471 3111/4774/2474 3079/4729/2436
f 2708/4772/2472 2560/4697/2406 2965/4700/2409 3110/4773/2473
f 2716/4776/2476 2682/4739/2444 3087/4742/2447 3118/4777/2476
f 2684/4744/2449 2717/4775/2475 3119/4778/2475 3089/4745/2450
f 3128/4779/2477 3127/4780/2478 3138/4781/2479 3135/4782/2480
f 3120/4783/2481 3145/4784/2482 3144/4785/2483 3130/4786/2484
f 3127/4780/2478 3147/4787/2485 3140/4788/2486 3138/4781/2479
f 3137/4789/2487 3139/4790/2488 3132/4791/2489 3125/4792/2490
f 3146/4793/2491 3122/4794/2492 3123/4795/2493 3143/4796/2494
f 3143/4796/2494 3123/4795/2493 3131/4797/2495 3141/4798/2496
f 3130/4786/2484 3144/4785/2483 3142/4799/2497 3129/4800/2498
f 3141/4798/2496 3131/4797/2495 3132/4791/2489 3139/4790/2488
f 3136/4801/2499 3137/4789/2487 3125/4792/2490 3124/4802/2500
f 3133/4803/2501 3126/4804/2502 3122/4794/2492 3146/4793/2491
f 3146/4793/2491 3143/4796/2494 3144/4785/2483 3145/4784/2482
f 3143/4796/2494 3141/4798/2496 3142/4799/2497 3144/4785/2483
f 3141/4798/2496 3139/4790/2488 3140/4788/2486 3142/4799/2497
f 3139/4790/2488 3137/4789/2487 3138/4781/2479 3140/4788/2486
f 3137/4789/2487 3136/4801/2499 3135/4782/2480 3138/4781/2479
f 3133/4803/2501 3146/4793/2491 3145/4784/2482 3134/4805/2503
f 3121/4806/2504 3134/4805/2503 3145/4784/2482 3120/4783/2481
f 3140/4788/2486 3147/4787/2485 3129/4800/2498 3142/4799/2497
f 3156/4807/2505 3163/4808/2506 3166/4809/2507 3155/4810/2508
f 3148/4811/2509 3158/4812/2510 3172/4813/2511 3173/4814/2512
f 3155/4810/2508 3166/4809/2507 3168/4815/2513 3175/4816/2514
f 3165/4817/2515 3153/4818/2516 3160/4819/2517 3167/4820/2518
f 3174/4821/2519 3171/4822/2520 3151/4823/2521 3150/4824/2522
f 3171/4822/2520 3169/4825/2523 3159/4826/2524 3151/4823/2521
f 3158/4812/2510 3157/4827/2525 3170/4828/2526 3172/4813/2511
f 3169/4825/2523 3167/4820/2518 3160/4819/2517 3159/4826/2524
f 3164/4829/2527 3152/4830/2528 3153/4818/2516 3165/4817/2515
f 3161/4831/2529 3174/4821/2519 3150/4824/2522 3154/4832/2530
f 3174/4821/2519 3173/4814/2512 3172/4813/2511 3171/4822/2520
f 3171/4822/2520 3172/4813/2511 3170/4828/2526 3169/4825/2523
f 3169/4825/2523 3170/4828/2526 3168/4815/2513 3167/4820/2518
f 3167/4820/2518 3168/4815/2513 3166/4809/2507 3165/4817/2515
f 3165/4817/2515 3166/4809/2507 3163/4808/2506 3164/4829/2527
f 3161/4831/2529 3162/4833/2531 3173/4814/2512 3174/4821/2519
f 3149/4834/2532 3148/4811/2509 3173/4814/2512 3162/4833/2531
f 3168/4815/2513 3170/4828/2526 3157/4827/2525 3175/4816/2514
f 3177/4835/2533 3176/4836/2534 3185/4837/2534 3186/4838/2534 3179/4839/2534 3182/4840/2534 3183/4841/2534 3184/4842/2534 3180/4843/2534 3178/4844/2535 3181/4845/2536
f 3188/4846/2537 3192/4847/2538 3189/4848/2539 3191/4849/2540 3195/4850/2540 3194/4851/2540 3193/4852/2540 3190/4853/2540 3197/4854/2540 3196/4855/2540 3187/4856/2540
f 3200/4857/2541 3203/4858/2542 3199/4859/2542 3202/4860/2542 3201/4861/2542 3206/4862/2543 3205/4863/2544 3198/4864/2545
f 3208/4865/2546 3204/4866/2547 3205/4863/2544 3206/4862/2543 3209/4867/2548 3210/4868/2548 3207/4869/2548 3211/4870/2548
f 3222/4871/2549 3223/4872/2550 3225/4873/2551 3224/4874/2552
f 3224/4874/2552 3225/4873/2551 3227/4875/2553 3226/4876/2554
f 3226/4876/2554 3227/4875/2553 3229/4877/2555 3228/4878/2556
f 3228/4878/2556 3229/4877/2555 3231/4879/2557 3230/4880/2558
f 3230/4880/2558 3231/4879/2557 3233/4881/2559 3232/4882/2560
f 3232/4882/2560 3233/4881/2559 3235/4883/2561 3234/4884/2562
f 3225/4885/2551 3223/4886/2550 3237/4887/2563 3235/4888/2561 3233/4889/2559 3231/4890/2557 3229/4891/2555 3227/4892/2553
f 3234/4893/2562 3235/4894/2561 3237/4895/2563 3236/4896/2564
f 3236/4896/2564 3237/4895/2563 3223/4872/2550 3222/4871/2549
f 3222/4897/2549 3224/4898/2552 3226/4899/2554 3228/4900/2556 3230/4901/2558 3232/4902/2560 3234/4903/2562 3236/4904/2564
f 3238/4905/2565 3244/4906/2566 3249/4907/2567 3243/4908/2568
f 3239/4909/2569 3245/4910/2570 3244/4906/2566 3238/4905/2565
f 3240/4911/2571 3246/4912/2572 3245/4910/2570 3239/4909/2569
f 3241/4913/2573 3247/4914/2574 3246/4912/2572 3240/4911/2571
f 3242/4915/2575 3248/4916/2576 3247/4914/2574 3241/4913/2573
f 3243/4917/2568 3249/4918/2567 3248/4916/2576 3242/4915/2575
f 3244/4906/2566 3250/4919/2577 3255/4920/2578 3249/4907/2567
f 3245/4910/2570 3251/4921/2579 3250/4919/2577 3244/4906/2566
f 3246/4912/2572 3252/4922/2580 3251/4921/2579 3245/4910/2570
f 3247/4914/2574 3253/4923/2581 3252/4922/2580 3246/4912/2572
f 3248/4916/2576 3254/4924/2582 3253/4923/2581 3247/4914/2574
f 3249/4918/2567 3255/4925/2578 3254/4924/2582 3248/4916/2576
f 3250/4919/2577 3256/4926/2583 3261/4927/2584 3255/4920/2578
f 3251/4921/2579 3257/4928/2585 3256/4926/2583 3250/4919/2577
f 3252/4922/2580 3258/4929/2586 3257/4928/2585 3251/4921/2579
f 3253/4923/2581 3259/4930/2587 3258/4929/2586 3252/4922/2580
f 3254/4924/2582 3260/4931/2588 3259/4930/2587 3253/4923/2581
f 3255/4925/2578 3261/4932/2584 3260/4931/2588 3254/4924/2582
f 3256/4926/2583 3262/4933/2589 3267/4934/2590 3261/4927/2584
f 3257/4928/2585 3263/4935/2591 3262/4933/2589 3256/4926/2583
f 3258/4929/2586 3264/4936/2592 3263/4935/2591 3257/4928/2585
f 3259/4930/2587 3265/4937/2593 3264/4936/2592 3258/4929/2586
f 3260/4931/2588 3266/4938/2594 3265/4937/2593 3259/4930/2587
f 3261/4932/2584 3267/4939/2590 3266/4938/2594 3260/4931/2588
f 3320/4940/2595 3321/4941/2596 3311/4942/2597 3310/4943/2598
f 3309/4944/2599 3308/4945/2600 3312/4946/2601 3313/4947/2602
f 3320/4948/2595 3310/4949/2598 3308/4950/2600 3322/4951/2603
f 3311/4952/2597 3321/4953/2596 3323/4954/2604 3309/4944/2599
f 3308/4945/2600 3309/4944/2599 3323/4954/2604 3322/4955/2603
f 3314/4956/2605 3315/4957/2606 3313/4947/2602 3312/4958/2601
f 3308/4950/2600 3310/4949/2598 3314/4959/2605 3312/4960/2601
f 3311/4952/2597 3309/4944/2599 3313/4947/2602 3315/4957/2606
f 3310/4943/2598 3311/4942/2597 3315/4961/2606 3314/4962/2605
f 3320/4940/2595 3318/4963/2607 3319/4964/2608 3321/4941/2596
f 3317/4965/2609 3325/4966/2610 3324/4967/2611 3316/4968/2612
f 3320/4948/2595 3322/4951/2603 3316/4969/2612 3318/4970/2607
f 3319/4971/2608 3317/4965/2609 3323/4954/2604 3321/4953/2596
f 3316/4968/2612 3322/4955/2603 3323/4954/2604 3317/4965/2609
f 3326/4972/2613 3324/4973/2611 3325/4966/2610 3327/4974/2614
f 3316/4969/2612 3324/4975/2611 3326/4976/2613 3318/4970/2607
f 3319/4971/2608 3327/4974/2614 3325/4966/2610 3317/4965/2609
f 3318/4963/2607 3326/4977/2613 3327/4978/2614 3319/4964/2608
f 3348/4979/2615 3351/4980/2616 3350/4981/2617 3349/4982/2618
f 3349/4982/2618 3350/4981/2617 3353/4983/2619 3352/4984/2620
f 3352/4985/2620 3353/4986/2619 3355/4987/2621 3354/4988/2622
f 3354/4988/2622 3355/4987/2621 3357/4989/2623 3356/4990/2624
f 3356/4990/2624 3357/4989/2623 3359/4991/2625 3358/4992/2626
f 3358/4992/2626 3359/4991/2625 3361/4993/2627 3360/4994/2628
f 3360/4994/2628 3361/4993/2627 3363/4995/2629 3362/4996/2630
f 3362/4996/2630 3363/4995/2629 3365/4997/2631 3364/4998/2632
f 3328/4999/2615 3330/5000/2618 3332/5001/2620 3334/5002/2622 3336/5003/2624 3338/5004/2626 3340/5005/2628 3342/5006/2630 3344/5007/2632 3346/5008/2633
f 3364/4998/2632 3365/4997/2631 3367/5009/2634 3366/5010/2633
f 3366/5010/2633 3367/5009/2634 3351/4980/2616 3348/4979/2615
f 3331/5011/2617 3329/5012/2616 3347/5013/2634 3345/5014/2631 3343/5015/2629 3341/5016/2627 3339/5017/2625 3337/5018/2623 3335/5019/2621 3333/5020/2619
f 3378/5021/2635 3379/5022/2636 3348/5023/2615 3349/5024/2618
f 3368/5025/2637 3369/5026/2638 3350/5027/2617 3351/5028/2616
f 3380/5029/2639 3378/5021/2635 3349/5024/2618 3352/5030/2620
f 3369/5026/2638 3370/5031/2640 3353/5032/2619 3350/5027/2617
f 3381/5033/2641 3380/5029/2639 3352/5030/2620 3354/5034/2622
f 3370/5031/2640 3371/5035/2642 3355/5036/2621 3353/5032/2619
f 3382/5037/2643 3381/5033/2641 3354/5034/2622 3356/5038/2624
f 3371/5035/2642 3372/5039/2644 3357/5040/2623 3355/5036/2621
f 3383/5041/2645 3382/5037/2643 3356/5038/2624 3358/5042/2626
f 3372/5039/2644 3373/5043/2646 3359/5044/2625 3357/5040/2623
f 3384/5045/2647 3383/5041/2645 3358/5042/2626 3360/5046/2628
f 3373/5043/2646 3374/5047/2648 3361/5048/2627 3359/5044/2625
f 3385/5049/2649 3384/5045/2647 3360/5046/2628 3362/5050/2630
f 3374/5047/2648 3375/5051/2650 3363/5052/2629 3361/5048/2627
f 3386/5053/2651 3385/5049/2649 3362/5050/2630 3364/5054/2632
f 3375/5051/2650 3376/5055/2652 3365/5056/2631 3363/5052/2629
f 3387/5057/2653 3386/5053/2651 3364/5054/2632 3366/5058/2633
f 3376/5055/2652 3377/5059/2654 3367/5060/2634 3365/5056/2631
f 3379/5022/2636 3387/5057/2653 3366/5058/2633 3348/5023/2615
f 3377/5059/2654 3368/5025/2637 3351/5028/2616 3367/5060/2634
f 3368/5061/2637 3379/5062/2636 3378/5063/2635 3369/5064/2638
f 3377/5065/2654 3387/5066/2653 3379/5062/2636 3368/5061/2637
f 3376/5067/2652 3386/5068/2651 3387/5066/2653 3377/5065/2654
f 3375/5069/2650 3385/5070/2649 3386/5068/2651 3376/5067/2652
f 3374/5071/2648 3384/5072/2647 3385/5070/2649 3375/5069/2650
f 3373/5073/2646 3383/5074/2645 3384/5072/2647 3374/5071/2648
f 3372/5075/2644 3382/5076/2643 3383/5074/2645 3373/5073/2646
f 3371/5077/2642 3381/5078/2641 3382/5076/2643 3372/5075/2644
f 3370/5079/2640 3380/5080/2639 3381/5078/2641 3371/5077/2642
f 3369/5064/2638 3378/5063/2635 3380/5081/2639 3370/5082/2640
f 3328/5083/2615 3346/5084/2633 3347/5085/2634 3329/5086/2616
f 3330/5087/2618 3328/5083/2615 3329/5086/2616 3331/5088/2617
f 3334/5089/2622 3332/5090/2620 3333/5091/2619 3335/5092/2621
f 3336/5093/2624 3334/5089/2622 3335/5092/2621 3337/5094/2623
f 3338/5095/2626 3336/5093/2624 3337/5094/2623 3339/5096/2625
f 3340/5097/2628 3338/5095/2626 3339/5096/2625 3341/5098/2627
f 3344/5099/2632 3342/5100/2630 3343/5101/2629 3345/5102/2631
f 3346/5084/2633 3344/5099/2632 3345/5102/2631 3347/5085/2634
f 3330/5087/2618 3331/5088/2617 3333/5103/2619 3332/5104/2620
f 3340/5097/2628 3341/5098/2627 3343/5101/2629 3342/5100/2630
f 3392/5105/2655 3393/5106/2656 3403/5107/2656 3400/5108/2655
f 3388/5109/2657 3389/5110/2658 3399/5111/2658 3396/5112/2657
f 3389/5110/2658 3391/5113/2656 3398/5114/2656 3399/5111/2658
f 3394/5115/2657 3392/5116/2655 3400/5117/2655 3401/5118/2657
f 3391/5113/2656 3390/5119/2655 3397/5120/2655 3398/5114/2656
f 3395/5121/2658 3394/5115/2657 3401/5118/2657 3402/5122/2658
f 3390/5123/2655 3388/5109/2657 3396/5112/2657 3397/5124/2655
f 3393/5106/2656 3395/5121/2658 3402/5122/2658 3403/5107/2656
f 3404/5125/1910 3405/5126/1910 3407/5127/2659 3406/5128/2659
f 3406/5128/2659 3407/5127/2659 3409/5129/2660 3408/5130/2660
f 3407/5131/2661 3405/5132/2661 3409/5133/2661
f 3408/5134/2660 3409/5135/2660 3405/5126/1910 3404/5125/1910
f 3404/5136/2662 3406/5137/2662 3408/5138/2662
f 3411/5139/2663 3413/5140/2664 3419/5141/2665 3425/5142/2666
f 3415/5143/1649 3411/5144/2663 3417/5145/2667 3416/5146/2668
f 3414/5147/2669 3422/5148/2670 3427/5149/2671 3424/5150/2672
f 3410/5151/2673 3418/5152/2674 3420/5153/2675 3419/5154/2665 3413/5155/2664 3412/5156/2676
f 3415/5157/1649 3416/5158/2668 3414/5159/2669 3424/5160/2672
f 3416/5161/2668 3417/5162/2667 3421/5163/2677 3423/5164/2678 3422/5165/2670 3414/5166/2669
f 3425/5142/2666 3419/5141/2665 3420/5167/2675 3426/5168/2679
f 3426/5168/2679 3420/5167/2675 3418/5169/2674 3427/5149/2671
f 3424/5150/2672 3427/5149/2671 3418/5169/2674 3410/5170/2673
f 3423/5171/2678 3426/5168/2679 3427/5149/2671 3422/5148/2670
f 3421/5172/2677 3425/5142/2666 3426/5168/2679 3423/5171/2678
f 3412/5173/2676 3415/5157/1649 3424/5160/2672 3410/5174/2673
f 3412/5175/2676 3413/5176/2664 3411/5144/2663 3415/5143/1649
f 3417/5177/2667 3411/5139/2663 3425/5142/2666 3421/5172/2677
f 3540/5178/660 3428/5179/2680 3429/5180/2681 3542/5181/663
f 3542/5181/663 3429/5180/2681 3430/5182/2682 3544/5183/665
f 3544/5184/665 3430/5185/2682 3431/5186/2683 3546/5187/667
f 3546/5187/667 3431/5186/2683 3432/5188/2684 3548/5189/669
f 3548/5189/669 3432/5188/2684 3433/5190/2685 3550/5191/671
f 3550/5191/671 3433/5190/2685 3434/5192/2686 3552/5193/673
f 3432/5188/2684 3431/5186/2683 3439/5194/2687 3440/5195/2688
f 3552/5193/673 3434/5192/2686 3435/5196/2689 3554/5197/675
f 3554/5197/675 3435/5196/2689 3428/5179/2680 3540/5178/660
f 3439/5194/2687 3438/5198/2690 3446/5199/2691 3447/5200/2692
f 3435/5196/2689 3434/5192/2686 3442/5201/2693 3443/5202/2694
f 3430/5182/2682 3429/5180/2681 3436/5203/2695 3438/5204/2690
f 3433/5190/2685 3432/5188/2684 3440/5195/2688 3441/5205/2696
f 3428/5179/2680 3435/5196/2689 3443/5202/2694 3437/5206/2697
f 3429/5180/2681 3428/5179/2680 3437/5206/2697 3436/5203/2695
f 3431/5186/2683 3430/5185/2682 3438/5198/2690 3439/5194/2687
f 3434/5192/2686 3433/5190/2685 3441/5205/2696 3442/5201/2693
f 3451/5207/2698 3450/5208/2699 3458/5209/2700 3459/5210/2701
f 3436/5203/2695 3437/5206/2697 3445/5211/2702 3444/5212/2703
f 3437/5206/2697 3443/5202/2694 3451/5207/2698 3445/5211/2702
f 3442/5201/2693 3441/5205/2696 3449/5213/2704 3450/5208/2699
f 3440/5195/2688 3439/5194/2687 3447/5200/2692 3448/5214/2705
f 3438/5204/2690 3436/5203/2695 3444/5212/2703 3446/5215/2691
f 3443/5202/2694 3442/5201/2693 3450/5208/2699 3451/5207/2698
f 3441/5205/2696 3440/5195/2688 3448/5214/2705 3449/5213/2704
f 3456/5216/2706 3455/5217/2707 3463/5218/2708 3464/5219/2709
f 3449/5213/2704 3448/5214/2705 3456/5216/2706 3457/5220/2710
f 3447/5200/2692 3446/5199/2691 3454/5221/2711 3455/5217/2707
f 3444/5212/2703 3445/5211/2702 3453/5222/2712 3452/5223/2713
f 3445/5211/2702 3451/5207/2698 3459/5210/2701 3453/5222/2712
f 3450/5208/2699 3449/5213/2704 3457/5220/2710 3458/5209/2700
f 3448/5214/2705 3447/5200/2692 3455/5217/2707 3456/5216/2706
f 3446/5215/2691 3444/5212/2703 3452/5223/2713 3454/5224/2711
f 3461/5225/2714 3467/5226/2715 3475/5227/2716 3469/5228/2717
f 3454/5224/2711 3452/5223/2713 3460/5229/2718 3462/5230/2719
f 3459/5210/2701 3458/5209/2700 3466/5231/2720 3467/5232/2715
f 3457/5220/2710 3456/5216/2706 3464/5219/2709 3465/5233/2721
f 3455/5217/2707 3454/5221/2711 3462/5234/2719 3463/5218/2708
f 3452/5223/2713 3453/5222/2712 3461/5235/2714 3460/5229/2718
f 3453/5222/2712 3459/5210/2701 3467/5232/2715 3461/5235/2714
f 3458/5209/2700 3457/5220/2710 3465/5233/2721 3466/5231/2720
f 3468/5236/2722 3469/5228/2717 3475/5227/2716 3474/5237/2723 3473/5238/2724 3472/5239/2725 3471/5240/2726 3470/5241/2727
f 3466/5242/2720 3465/5243/2721 3473/5238/2724 3474/5237/2723
f 3464/5244/2709 3463/5245/2708 3471/5240/2726 3472/5239/2725
f 3462/5246/2719 3460/5247/2718 3468/5236/2722 3470/5241/2727
f 3467/5226/2715 3466/5242/2720 3474/5237/2723 3475/5227/2716
f 3465/5243/2721 3464/5244/2709 3472/5239/2725 3473/5238/2724
f 3463/5245/2708 3462/5246/2719 3470/5241/2727 3471/5240/2726
f 3460/5247/2718 3461/5225/2714 3469/5228/2717 3468/5236/2722
f 3480/5248/2728 3482/5249/2729 3486/5250/2730 3484/5251/2731
f 3496/5252/2732 3497/5253/2733 3479/5254/2734 3478/5255/2735
f 3477/5256/2736 3476/5257/2737 3480/5248/2728 3481/5258/2738
f 3498/5259/2739 3499/5260/2740 3597/5261/2741 3596/5262/2742
f 3496/5263/2732 3478/5264/2735 3476/5257/2737 3498/5259/2739
f 3497/5265/2733 3599/5266/2743 3597/5261/2741 3499/5260/2740
f 3476/5257/2737 3478/5264/2735 3482/5249/2729 3480/5248/2728
f 3479/5267/2734 3477/5256/2736 3481/5258/2738 3483/5268/2744
f 3478/5255/2735 3479/5254/2734 3483/5269/2744 3482/5270/2729
f 3487/5271/2745 3485/5272/2746 3489/5273/2747 3491/5274/2748
f 3483/5268/2744 3481/5258/2738 3485/5272/2746 3487/5271/2745
f 3482/5270/2729 3483/5269/2744 3487/5275/2745 3486/5276/2730
f 3481/5258/2738 3480/5248/2728 3484/5251/2731 3485/5272/2746
f 3489/5273/2747 3488/5277/2749 3492/5278/2750 3493/5279/2751
f 3486/5276/2730 3487/5275/2745 3491/5280/2748 3490/5281/2752
f 3485/5272/2746 3484/5251/2731 3488/5277/2749 3489/5273/2747
f 3484/5251/2731 3486/5250/2730 3490/5282/2752 3488/5277/2749
f 3494/5283/2753 3495/5284/2754 3493/5279/2751 3492/5278/2750
f 3488/5277/2749 3520/5285/2755 3492/5278/2750
f 3491/5274/2748 3489/5273/2747 3521/5286/2756
f 3490/5281/2752 3491/5280/2748 3521/5287/2756 3495/5288/2754 3494/5289/2753 3520/5290/2755
f 3479/5267/2734 3497/5265/2733 3499/5260/2740 3477/5256/2736
f 3598/5291/2757 3496/5263/2732 3498/5259/2739 3596/5262/2742
f 3476/5257/2737 3477/5256/2736 3499/5260/2740 3498/5259/2739
f 3598/5292/2757 3599/5293/2743 3497/5253/2733 3496/5252/2732
f 3504/5294/2758 3508/5295/2759 3510/5296/2760 3506/5297/2761
f 3516/5298/2762 3502/5299/2763 3503/5300/2764 3517/5301/2765
f 3501/5302/2766 3505/5303/2767 3504/5294/2758 3500/5304/2768
f 3518/5305/2769 3624/5306/2770 3625/5307/2771 3519/5308/2772
f 3516/5309/2762 3518/5305/2769 3500/5304/2768 3502/5310/2763
f 3517/5311/2765 3519/5308/2772 3625/5307/2771 3627/5312/2773
f 3500/5304/2768 3504/5294/2758 3506/5297/2761 3502/5310/2763
f 3503/5313/2764 3507/5314/2774 3505/5303/2767 3501/5302/2766
f 3502/5299/2763 3506/5315/2761 3507/5316/2774 3503/5300/2764
f 3511/5317/2775 3515/5318/2776 3513/5319/2777 3509/5320/2778
f 3507/5314/2774 3511/5317/2775 3509/5320/2778 3505/5303/2767
f 3506/5315/2761 3510/5321/2760 3511/5322/2775 3507/5316/2774
f 3505/5303/2767 3509/5320/2778 3508/5295/2759 3504/5294/2758
f 3510/5321/2760 3514/5323/2779 3515/5324/2776 3511/5322/2775
f 3509/5320/2778 3513/5319/2777 3512/5325/2780 3508/5295/2759
f 3508/5295/2759 3512/5325/2780 3514/5326/2779 3510/5296/2760
f 3503/5313/2764 3501/5302/2766 3519/5308/2772 3517/5311/2765
f 3626/5327/2781 3624/5306/2770 3518/5305/2769 3516/5309/2762
f 3500/5304/2768 3518/5305/2769 3519/5308/2772 3501/5302/2766
f 3626/5328/2781 3516/5298/2762 3517/5301/2765 3627/5329/2773
f 3515/5330/2776 3514/5331/2779 3512/5325/2780 3513/5319/2777
f 3492/5278/2750 3520/5285/2755 3494/5283/2753
f 3520/5285/2755 3488/5277/2749 3490/5282/2752
f 3521/5286/2756 3489/5273/2747 3493/5279/2751
f 3493/5279/2751 3495/5284/2754 3521/5286/2756
f 3523/5332/2663 3537/5333/2666 3531/5334/2677 3525/5335/2667
f 3527/5336/1649 3528/5337/2782 3529/5338/2783 3523/5339/2663
f 3526/5340/2673 3536/5341/2672 3539/5342/2671 3534/5343/2674
f 3522/5344/2784 3524/5345/2668 3525/5346/2667 3531/5347/2677 3532/5348/2678 3530/5349/2670
f 3527/5350/1649 3536/5351/2672 3526/5352/2673 3528/5353/2782
f 3528/5354/2782 3526/5355/2673 3534/5356/2674 3535/5357/2675 3533/5358/2665 3529/5359/2783
f 3537/5333/2666 3538/5360/2679 3532/5361/2678 3531/5334/2677
f 3538/5360/2679 3539/5342/2671 3530/5362/2670 3532/5361/2678
f 3536/5341/2672 3522/5363/2784 3530/5362/2670 3539/5342/2671
f 3535/5364/2675 3534/5343/2674 3539/5342/2671 3538/5360/2679
f 3533/5365/2665 3535/5364/2675 3538/5360/2679 3537/5333/2666
f 3524/5366/2668 3522/5367/2784 3536/5351/2672 3527/5350/1649
f 3524/5368/2668 3527/5336/1649 3523/5339/2663 3525/5369/2667
f 3529/5370/2783 3533/5365/2665 3537/5333/2666 3523/5332/2663
f 3540/5178/660 3542/5181/663 3543/5371/2785 3541/5372/2786
f 3542/5181/663 3544/5183/665 3545/5373/2787 3543/5371/2785
f 3544/5184/665 3546/5187/667 3547/5374/2788 3545/5375/2787
f 3546/5187/667 3548/5189/669 3549/5376/2789 3547/5374/2788
f 3548/5189/669 3550/5191/671 3551/5377/2790 3549/5376/2789
f 3550/5191/671 3552/5193/673 3553/5378/2791 3551/5377/2790
f 3549/5376/2789 3560/5379/2792 3559/5380/2793 3547/5374/2788
f 3552/5193/673 3554/5197/675 3555/5381/2794 3553/5378/2791
f 3554/5197/675 3540/5178/660 3541/5372/2786 3555/5381/2794
f 3559/5380/2793 3567/5382/2795 3566/5383/2796 3558/5384/2797
f 3555/5381/2794 3563/5385/2798 3562/5386/2799 3553/5378/2791
f 3545/5373/2787 3558/5387/2797 3556/5388/2800 3543/5371/2785
f 3551/5377/2790 3561/5389/2801 3560/5379/2792 3549/5376/2789
f 3541/5372/2786 3557/5390/2802 3563/5385/2798 3555/5381/2794
f 3543/5371/2785 3556/5388/2800 3557/5390/2802 3541/5372/2786
f 3547/5374/2788 3559/5380/2793 3558/5384/2797 3545/5375/2787
f 3553/5378/2791 3562/5386/2799 3561/5389/2801 3551/5377/2790
f 3571/5391/2803 3579/5392/2804 3578/5393/2805 3570/5394/2806
f 3556/5388/2800 3564/5395/2807 3565/5396/2808 3557/5390/2802
f 3557/5390/2802 3565/5396/2808 3571/5391/2803 3563/5385/2798
f 3562/5386/2799 3570/5394/2806 3569/5397/2809 3561/5389/2801
f 3560/5379/2792 3568/5398/2810 3567/5382/2795 3559/5380/2793
f 3558/5387/2797 3566/5399/2796 3564/5395/2807 3556/5388/2800
f 3563/5385/2798 3571/5391/2803 3570/5394/2806 3562/5386/2799
f 3561/5389/2801 3569/5397/2809 3568/5398/2810 3560/5379/2792
f 3576/5400/2811 3584/5401/2812 3583/5402/2813 3575/5403/2814
f 3569/5397/2809 3577/5404/2815 3576/5400/2811 3568/5398/2810
f 3567/5382/2795 3575/5403/2814 3574/5405/2816 3566/5383/2796
f 3564/5395/2807 3572/5406/2817 3573/5407/2818 3565/5396/2808
f 3565/5396/2808 3573/5407/2818 3579/5392/2804 3571/5391/2803
f 3570/5394/2806 3578/5393/2805 3577/5404/2815 3569/5397/2809
f 3568/5398/2810 3576/5400/2811 3575/5403/2814 3567/5382/2795
f 3566/5399/2796 3574/5408/2816 3572/5406/2817 3564/5395/2807
f 3581/5409/2819 3589/5410/2722 3595/5411/2727 3587/5412/2820
f 3574/5408/2816 3582/5413/2821 3580/5414/2822 3572/5406/2817
f 3579/5392/2804 3587/5415/2820 3586/5416/2823 3578/5393/2805
f 3577/5404/2815 3585/5417/2824 3584/5401/2812 3576/5400/2811
f 3575/5403/2814 3583/5402/2813 3582/5418/2821 3574/5405/2816
f 3572/5406/2817 3580/5414/2822 3581/5419/2819 3573/5407/2818
f 3573/5407/2818 3581/5419/2819 3587/5415/2820 3579/5392/2804
f 3578/5393/2805 3586/5416/2823 3585/5417/2824 3577/5404/2815
f 3588/5420/2717 3590/5421/2716 3591/5422/2723 3592/5423/2724 3593/5424/2725 3594/5425/2726 3595/5411/2727 3589/5410/2722
f 3586/5426/2823 3594/5425/2726 3593/5424/2725 3585/5427/2824
f 3584/5428/2812 3592/5423/2724 3591/5422/2723 3583/5429/2813
f 3582/5430/2821 3590/5421/2716 3588/5420/2717 3580/5431/2822
f 3587/5412/2820 3595/5411/2727 3594/5425/2726 3586/5426/2823
f 3585/5427/2824 3593/5424/2725 3592/5423/2724 3584/5428/2812
f 3583/5429/2813 3591/5422/2723 3590/5421/2716 3582/5430/2821
f 3580/5431/2822 3588/5420/2717 3589/5410/2722 3581/5409/2819
f 3604/5432/2825 3608/5433/2826 3610/5434/2827 3606/5435/2828
f 3620/5436/2829 3602/5437/2830 3603/5438/2831 3621/5439/2832
f 3601/5440/2833 3605/5441/2834 3604/5432/2825 3600/5442/2835
f 3622/5443/2836 3596/5262/2742 3597/5261/2741 3623/5444/2837
f 3620/5445/2829 3622/5443/2836 3600/5442/2835 3602/5446/2830
f 3621/5447/2832 3623/5444/2837 3597/5261/2741 3599/5266/2743
f 3600/5442/2835 3604/5432/2825 3606/5435/2828 3602/5446/2830
f 3603/5448/2831 3607/5449/2838 3605/5441/2834 3601/5440/2833
f 3602/5437/2830 3606/5450/2828 3607/5451/2838 3603/5438/2831
f 3611/5452/2839 3615/5453/2840 3613/5454/2841 3609/5455/2842
f 3607/5449/2838 3611/5452/2839 3609/5455/2842 3605/5441/2834
f 3606/5450/2828 3610/5456/2827 3611/5457/2839 3607/5451/2838
f 3605/5441/2834 3609/5455/2842 3608/5433/2826 3604/5432/2825
f 3613/5454/2841 3617/5458/2843 3616/5459/2844 3612/5460/2845
f 3610/5456/2827 3614/5461/2846 3615/5462/2840 3611/5457/2839
f 3609/5455/2842 3613/5454/2841 3612/5460/2845 3608/5433/2826
f 3608/5433/2826 3612/5460/2845 3614/5463/2846 3610/5434/2827
f 3618/5464/2847 3616/5459/2844 3617/5458/2843 3619/5465/2848
f 3612/5460/2845 3616/5459/2844 3648/5466/2849
f 3615/5453/2840 3649/5467/2850 3613/5454/2841
f 3614/5461/2846 3648/5468/2849 3618/5469/2847 3619/5470/2848 3649/5471/2850 3615/5462/2840
f 3603/5448/2831 3601/5440/2833 3623/5444/2837 3621/5447/2832
f 3598/5291/2757 3596/5262/2742 3622/5443/2836 3620/5445/2829
f 3600/5442/2835 3622/5443/2836 3623/5444/2837 3601/5440/2833
f 3598/5292/2757 3620/5436/2829 3621/5439/2832 3599/5293/2743
f 3632/5472/2851 3634/5473/2852 3638/5474/2853 3636/5475/2854
f 3644/5476/2855 3645/5477/2856 3631/5478/2857 3630/5479/2858
f 3629/5480/2859 3628/5481/2860 3632/5472/2851 3633/5482/2861
f 3646/5483/2862 3647/5484/2863 3625/5307/2771 3624/5306/2770
f 3644/5485/2855 3630/5486/2858 3628/5481/2860 3646/5483/2862
f 3645/5487/2856 3627/5312/2773 3625/5307/2771 3647/5484/2863
f 3628/5481/2860 3630/5486/2858 3634/5473/2852 3632/5472/2851
f 3631/5488/2857 3629/5480/2859 3633/5482/2861 3635/5489/2864
f 3630/5479/2858 3631/5478/2857 3635/5490/2864 3634/5491/2852
f 3639/5492/2865 3637/5493/2866 3641/5494/2867 3643/5495/2868
f 3635/5489/2864 3633/5482/2861 3637/5493/2866 3639/5492/2865
f 3634/5491/2852 3635/5490/2864 3639/5496/2865 3638/5497/2853
f 3633/5482/2861 3632/5472/2851 3636/5475/2854 3637/5493/2866
f 3638/5497/2853 3639/5496/2865 3643/5498/2868 3642/5499/2869
f 3637/5493/2866 3636/5475/2854 3640/5500/2870 3641/5494/2867
f 3636/5475/2854 3638/5474/2853 3642/5501/2869 3640/5500/2870
f 3631/5488/2857 3645/5487/2856 3647/5484/2863 3629/5480/2859
f 3626/5327/2781 3644/5485/2855 3646/5483/2862 3624/5306/2770
f 3628/5481/2860 3629/5480/2859 3647/5484/2863 3646/5483/2862
f 3626/5328/2781 3627/5329/2773 3645/5477/2856 3644/5476/2855
f 3643/5502/2868 3641/5494/2867 3640/5500/2870 3642/5503/2869
f 3616/5459/2844 3618/5464/2847 3648/5466/2849
f 3648/5466/2849 3614/5463/2846 3612/5460/2845
f 3649/5467/2850 3617/5458/2843 3613/5454/2841
f 3617/5458/2843 3649/5467/2850 3619/5465/2848
f 2132/3220/1354 2131/3206/1342 2136/3216/1352 2137/3221/1355
